study_id,category,category_type,metric,value,unit,n_components,source_sheet,source_rows,source_cells,derivation
PRO_001,GTVp,Target,DSC,0.9645,unitless,1,Prospective patient metrics,8657,H8657,direct ROI value
PRO_001,CTV1,Target,DSC,0.9095,unitless,1,Prospective patient metrics,9062,H9062,direct ROI value
PRO_001,CTV2,Target,DSC,0.9339,unitless,1,Prospective patient metrics,9467,H9467,direct ROI value
PRO_001,GTVn,Target,DSC,0.7749,unitless,1,Prospective patient metrics,9872,H9872,direct ROI value
PRO_001,Large OARs,Grouped OARs,DSC,0.9023000000000002,unitless,11,Prospective patient metrics,4202;4607;5012;5417;5822;6227;6632;7037;7442;7847;8252,H4202;H4607;H5012;H5417;H5822;H6227;H6632;H7037;H7442;H7847;H8252,within-patient mean across 11 OARs
PRO_001,Small OARs,Grouped OARs,DSC,0.8846999999999999,unitless,10,Prospective patient metrics,152;557;962;1367;1772;2177;2582;2987;3392;3797,H152;H557;H962;H1367;H1772;H2177;H2582;H2987;H3392;H3797,within-patient mean across 10 OARs
PRO_001,GTVp,Target,HD95,1.3151,mm,1,Prospective patient metrics,8658,H8658,direct ROI value
PRO_001,CTV1,Target,HD95,2.4116,mm,1,Prospective patient metrics,9063,H9063,direct ROI value
PRO_001,CTV2,Target,HD95,1.5002,mm,1,Prospective patient metrics,9468,H9468,direct ROI value
PRO_001,GTVn,Target,HD95,4.9849,mm,1,Prospective patient metrics,9873,H9873,direct ROI value
PRO_001,Large OARs,Grouped OARs,HD95,1.227590909090909,mm,11,Prospective patient metrics,4203;4608;5013;5418;5823;6228;6633;7038;7443;7848;8253,H4203;H4608;H5013;H5418;H5823;H6228;H6633;H7038;H7443;H7848;H8253,within-patient mean across 11 OARs
PRO_001,Small OARs,Grouped OARs,HD95,0.9250100000000001,mm,10,Prospective patient metrics,153;558;963;1368;1773;2178;2583;2988;3393;3798,H153;H558;H963;H1368;H1773;H2178;H2583;H2988;H3393;H3798,within-patient mean across 10 OARs
PRO_001,GTVp,Target,ASD,0.7199,mm,1,Prospective patient metrics,8659,H8659,direct ROI value
PRO_001,CTV1,Target,ASD,1.1442,mm,1,Prospective patient metrics,9064,H9064,direct ROI value
PRO_001,CTV2,Target,ASD,1.3409,mm,1,Prospective patient metrics,9469,H9469,direct ROI value
PRO_001,GTVn,Target,ASD,2.2733,mm,1,Prospective patient metrics,9874,H9874,direct ROI value
PRO_001,Large OARs,Grouped OARs,ASD,0.6896727272727273,mm,11,Prospective patient metrics,4204;4609;5014;5419;5824;6229;6634;7039;7444;7849;8254,H4204;H4609;H5014;H5419;H5824;H6229;H6634;H7039;H7444;H7849;H8254,within-patient mean across 11 OARs
PRO_001,Small OARs,Grouped OARs,ASD,0.59716,mm,10,Prospective patient metrics,154;559;964;1369;1774;2179;2584;2989;3394;3799,H154;H559;H964;H1369;H1774;H2179;H2584;H2989;H3394;H3799,within-patient mean across 10 OARs
PRO_002,GTVp,Target,DSC,0.9441,unitless,1,Prospective patient metrics,8513,H8513,direct ROI value
PRO_002,CTV1,Target,DSC,0.9639,unitless,1,Prospective patient metrics,8918,H8918,direct ROI value
PRO_002,CTV2,Target,DSC,0.8904,unitless,1,Prospective patient metrics,9323,H9323,direct ROI value
PRO_002,GTVn,Target,DSC,0.8251,unitless,1,Prospective patient metrics,9728,H9728,direct ROI value
PRO_002,Large OARs,Grouped OARs,DSC,0.8970363636363636,unitless,11,Prospective patient metrics,4058;4463;4868;5273;5678;6083;6488;6893;7298;7703;8108,H4058;H4463;H4868;H5273;H5678;H6083;H6488;H6893;H7298;H7703;H8108,within-patient mean across 11 OARs
PRO_002,Small OARs,Grouped OARs,DSC,0.9054400000000001,unitless,10,Prospective patient metrics,8;413;818;1223;1628;2033;2438;2843;3248;3653,H8;H413;H818;H1223;H1628;H2033;H2438;H2843;H3248;H3653,within-patient mean across 10 OARs
PRO_002,GTVp,Target,HD95,1.3578,mm,1,Prospective patient metrics,8514,H8514,direct ROI value
PRO_002,CTV1,Target,HD95,0.8225,mm,1,Prospective patient metrics,8919,H8919,direct ROI value
PRO_002,CTV2,Target,HD95,3.3518,mm,1,Prospective patient metrics,9324,H9324,direct ROI value
PRO_002,GTVn,Target,HD95,3.153,mm,1,Prospective patient metrics,9729,H9729,direct ROI value
PRO_002,Large OARs,Grouped OARs,HD95,1.2555818181818181,mm,11,Prospective patient metrics,4059;4464;4869;5274;5679;6084;6489;6894;7299;7704;8109,H4059;H4464;H4869;H5274;H5679;H6084;H6489;H6894;H7299;H7704;H8109,within-patient mean across 11 OARs
PRO_002,Small OARs,Grouped OARs,HD95,0.7749300000000001,mm,10,Prospective patient metrics,9;414;819;1224;1629;2034;2439;2844;3249;3654,H9;H414;H819;H1224;H1629;H2034;H2439;H2844;H3249;H3654,within-patient mean across 10 OARs
PRO_002,GTVp,Target,ASD,1.0358,mm,1,Prospective patient metrics,8515,H8515,direct ROI value
PRO_002,CTV1,Target,ASD,0.77,mm,1,Prospective patient metrics,8920,H8920,direct ROI value
PRO_002,CTV2,Target,ASD,1.5198,mm,1,Prospective patient metrics,9325,H9325,direct ROI value
PRO_002,GTVn,Target,ASD,2.4854,mm,1,Prospective patient metrics,9730,H9730,direct ROI value
PRO_002,Large OARs,Grouped OARs,ASD,0.8669727272727272,mm,11,Prospective patient metrics,4060;4465;4870;5275;5680;6085;6490;6895;7300;7705;8110,H4060;H4465;H4870;H5275;H5680;H6085;H6490;H6895;H7300;H7705;H8110,within-patient mean across 11 OARs
PRO_002,Small OARs,Grouped OARs,ASD,0.45119999999999993,mm,10,Prospective patient metrics,10;415;820;1225;1630;2035;2440;2845;3250;3655,H10;H415;H820;H1225;H1630;H2035;H2440;H2845;H3250;H3655,within-patient mean across 10 OARs
PRO_003,GTVp,Target,DSC,0.9476,unitless,1,Prospective patient metrics,8522,H8522,direct ROI value
PRO_003,CTV1,Target,DSC,0.9015,unitless,1,Prospective patient metrics,8927,H8927,direct ROI value
PRO_003,CTV2,Target,DSC,0.8732,unitless,1,Prospective patient metrics,9332,H9332,direct ROI value
PRO_003,GTVn,Target,DSC,0.7327,unitless,1,Prospective patient metrics,9737,H9737,direct ROI value
PRO_003,Large OARs,Grouped OARs,DSC,0.9033727272727273,unitless,11,Prospective patient metrics,4067;4472;4877;5282;5687;6092;6497;6902;7307;7712;8117,H4067;H4472;H4877;H5282;H5687;H6092;H6497;H6902;H7307;H7712;H8117,within-patient mean across 11 OARs
PRO_003,Small OARs,Grouped OARs,DSC,0.92516,unitless,10,Prospective patient metrics,17;422;827;1232;1637;2042;2447;2852;3257;3662,H17;H422;H827;H1232;H1637;H2042;H2447;H2852;H3257;H3662,within-patient mean across 10 OARs
PRO_003,GTVp,Target,HD95,1.657,mm,1,Prospective patient metrics,8523,H8523,direct ROI value
PRO_003,CTV1,Target,HD95,1.9615,mm,1,Prospective patient metrics,8928,H8928,direct ROI value
PRO_003,CTV2,Target,HD95,3.1884,mm,1,Prospective patient metrics,9333,H9333,direct ROI value
PRO_003,GTVn,Target,HD95,7.1774,mm,1,Prospective patient metrics,9738,H9738,direct ROI value
PRO_003,Large OARs,Grouped OARs,HD95,1.2832818181818182,mm,11,Prospective patient metrics,4068;4473;4878;5283;5688;6093;6498;6903;7308;7713;8118,H4068;H4473;H4878;H5283;H5688;H6093;H6498;H6903;H7308;H7713;H8118,within-patient mean across 11 OARs
PRO_003,Small OARs,Grouped OARs,HD95,0.63627,mm,10,Prospective patient metrics,18;423;828;1233;1638;2043;2448;2853;3258;3663,H18;H423;H828;H1233;H1638;H2043;H2448;H2853;H3258;H3663,within-patient mean across 10 OARs
PRO_003,GTVp,Target,ASD,1.0399,mm,1,Prospective patient metrics,8524,H8524,direct ROI value
PRO_003,CTV1,Target,ASD,0.825,mm,1,Prospective patient metrics,8929,H8929,direct ROI value
PRO_003,CTV2,Target,ASD,3.035,mm,1,Prospective patient metrics,9334,H9334,direct ROI value
PRO_003,GTVn,Target,ASD,2.4628,mm,1,Prospective patient metrics,9739,H9739,direct ROI value
PRO_003,Large OARs,Grouped OARs,ASD,0.8806909090909091,mm,11,Prospective patient metrics,4069;4474;4879;5284;5689;6094;6499;6904;7309;7714;8119,H4069;H4474;H4879;H5284;H5689;H6094;H6499;H6904;H7309;H7714;H8119,within-patient mean across 11 OARs
PRO_003,Small OARs,Grouped OARs,ASD,0.3764,mm,10,Prospective patient metrics,19;424;829;1234;1639;2044;2449;2854;3259;3664,H19;H424;H829;H1234;H1639;H2044;H2449;H2854;H3259;H3664,within-patient mean across 10 OARs
PRO_004,GTVp,Target,DSC,0.9284,unitless,1,Prospective patient metrics,8510,H8510,direct ROI value
PRO_004,CTV1,Target,DSC,0.9046,unitless,1,Prospective patient metrics,8915,H8915,direct ROI value
PRO_004,CTV2,Target,DSC,0.9189,unitless,1,Prospective patient metrics,9320,H9320,direct ROI value
PRO_004,GTVn,Target,DSC,0.8239,unitless,1,Prospective patient metrics,9725,H9725,direct ROI value
PRO_004,Large OARs,Grouped OARs,DSC,0.9136272727272726,unitless,11,Prospective patient metrics,4055;4460;4865;5270;5675;6080;6485;6890;7295;7700;8105,H4055;H4460;H4865;H5270;H5675;H6080;H6485;H6890;H7295;H7700;H8105,within-patient mean across 11 OARs
PRO_004,Small OARs,Grouped OARs,DSC,0.89406,unitless,10,Prospective patient metrics,5;410;815;1220;1625;2030;2435;2840;3245;3650,H5;H410;H815;H1220;H1625;H2030;H2435;H2840;H3245;H3650,within-patient mean across 10 OARs
PRO_004,GTVp,Target,HD95,3.3407,mm,1,Prospective patient metrics,8511,H8511,direct ROI value
PRO_004,CTV1,Target,HD95,3.88,mm,1,Prospective patient metrics,8916,H8916,direct ROI value
PRO_004,CTV2,Target,HD95,2.967,mm,1,Prospective patient metrics,9321,H9321,direct ROI value
PRO_004,GTVn,Target,HD95,3.0029,mm,1,Prospective patient metrics,9726,H9726,direct ROI value
PRO_004,Large OARs,Grouped OARs,HD95,1.0994,mm,11,Prospective patient metrics,4056;4461;4866;5271;5676;6081;6486;6891;7296;7701;8106,H4056;H4461;H4866;H5271;H5676;H6081;H6486;H6891;H7296;H7701;H8106,within-patient mean across 11 OARs
PRO_004,Small OARs,Grouped OARs,HD95,0.91645,mm,10,Prospective patient metrics,6;411;816;1221;1626;2031;2436;2841;3246;3651,H6;H411;H816;H1221;H1626;H2031;H2436;H2841;H3246;H3651,within-patient mean across 10 OARs
PRO_004,GTVp,Target,ASD,1.3718,mm,1,Prospective patient metrics,8512,H8512,direct ROI value
PRO_004,CTV1,Target,ASD,1.2251,mm,1,Prospective patient metrics,8917,H8917,direct ROI value
PRO_004,CTV2,Target,ASD,1.0168,mm,1,Prospective patient metrics,9322,H9322,direct ROI value
PRO_004,GTVn,Target,ASD,2.1433,mm,1,Prospective patient metrics,9727,H9727,direct ROI value
PRO_004,Large OARs,Grouped OARs,ASD,0.615790909090909,mm,11,Prospective patient metrics,4057;4462;4867;5272;5677;6082;6487;6892;7297;7702;8107,H4057;H4462;H4867;H5272;H5677;H6082;H6487;H6892;H7297;H7702;H8107,within-patient mean across 11 OARs
PRO_004,Small OARs,Grouped OARs,ASD,0.6013499999999999,mm,10,Prospective patient metrics,7;412;817;1222;1627;2032;2437;2842;3247;3652,H7;H412;H817;H1222;H1627;H2032;H2437;H2842;H3247;H3652,within-patient mean across 10 OARs
PRO_005,GTVp,Target,DSC,0.995,unitless,1,Prospective patient metrics,8507,H8507,direct ROI value
PRO_005,CTV1,Target,DSC,0.9128,unitless,1,Prospective patient metrics,8912,H8912,direct ROI value
PRO_005,CTV2,Target,DSC,0.8636,unitless,1,Prospective patient metrics,9317,H9317,direct ROI value
PRO_005,GTVn,Target,DSC,0.7303,unitless,1,Prospective patient metrics,9722,H9722,direct ROI value
PRO_005,Large OARs,Grouped OARs,DSC,0.9082272727272728,unitless,11,Prospective patient metrics,4052;4457;4862;5267;5672;6077;6482;6887;7292;7697;8102,H4052;H4457;H4862;H5267;H5672;H6077;H6482;H6887;H7292;H7697;H8102,within-patient mean across 11 OARs
PRO_005,Small OARs,Grouped OARs,DSC,0.8971599999999998,unitless,10,Prospective patient metrics,2;407;812;1217;1622;2027;2432;2837;3242;3647,H2;H407;H812;H1217;H1622;H2027;H2432;H2837;H3242;H3647,within-patient mean across 10 OARs
PRO_005,GTVp,Target,HD95,0.9639,mm,1,Prospective patient metrics,8508,H8508,direct ROI value
PRO_005,CTV1,Target,HD95,3.1117,mm,1,Prospective patient metrics,8913,H8913,direct ROI value
PRO_005,CTV2,Target,HD95,2.776,mm,1,Prospective patient metrics,9318,H9318,direct ROI value
PRO_005,GTVn,Target,HD95,5.2951,mm,1,Prospective patient metrics,9723,H9723,direct ROI value
PRO_005,Large OARs,Grouped OARs,HD95,1.2394545454545454,mm,11,Prospective patient metrics,4053;4458;4863;5268;5673;6078;6483;6888;7293;7698;8103,H4053;H4458;H4863;H5268;H5673;H6078;H6483;H6888;H7293;H7698;H8103,within-patient mean across 11 OARs
PRO_005,Small OARs,Grouped OARs,HD95,0.8601399999999998,mm,10,Prospective patient metrics,3;408;813;1218;1623;2028;2433;2838;3243;3648,H3;H408;H813;H1218;H1623;H2028;H2433;H2838;H3243;H3648,within-patient mean across 10 OARs
PRO_005,GTVp,Target,ASD,0.7032,mm,1,Prospective patient metrics,8509,H8509,direct ROI value
PRO_005,CTV1,Target,ASD,0.7916,mm,1,Prospective patient metrics,8914,H8914,direct ROI value
PRO_005,CTV2,Target,ASD,2.6915,mm,1,Prospective patient metrics,9319,H9319,direct ROI value
PRO_005,GTVn,Target,ASD,4.9966,mm,1,Prospective patient metrics,9724,H9724,direct ROI value
PRO_005,Large OARs,Grouped OARs,ASD,0.7839363636363637,mm,11,Prospective patient metrics,4054;4459;4864;5269;5674;6079;6484;6889;7294;7699;8104,H4054;H4459;H4864;H5269;H5674;H6079;H6484;H6889;H7294;H7699;H8104,within-patient mean across 11 OARs
PRO_005,Small OARs,Grouped OARs,ASD,0.52386,mm,10,Prospective patient metrics,4;409;814;1219;1624;2029;2434;2839;3244;3649,H4;H409;H814;H1219;H1624;H2029;H2434;H2839;H3244;H3649,within-patient mean across 10 OARs
PRO_006,GTVp,Target,DSC,0.9185,unitless,1,Prospective patient metrics,8519,H8519,direct ROI value
PRO_006,CTV1,Target,DSC,0.9562,unitless,1,Prospective patient metrics,8924,H8924,direct ROI value
PRO_006,CTV2,Target,DSC,0.8788,unitless,1,Prospective patient metrics,9329,H9329,direct ROI value
PRO_006,GTVn,Target,DSC,0.6774,unitless,1,Prospective patient metrics,9734,H9734,direct ROI value
PRO_006,Large OARs,Grouped OARs,DSC,0.8927818181818179,unitless,11,Prospective patient metrics,4064;4469;4874;5279;5684;6089;6494;6899;7304;7709;8114,H4064;H4469;H4874;H5279;H5684;H6089;H6494;H6899;H7304;H7709;H8114,within-patient mean across 11 OARs
PRO_006,Small OARs,Grouped OARs,DSC,0.9005500000000002,unitless,10,Prospective patient metrics,14;419;824;1229;1634;2039;2444;2849;3254;3659,H14;H419;H824;H1229;H1634;H2039;H2444;H2849;H3254;H3659,within-patient mean across 10 OARs
PRO_006,GTVp,Target,HD95,3.7463,mm,1,Prospective patient metrics,8520,H8520,direct ROI value
PRO_006,CTV1,Target,HD95,1.2654,mm,1,Prospective patient metrics,8925,H8925,direct ROI value
PRO_006,CTV2,Target,HD95,2.5303,mm,1,Prospective patient metrics,9330,H9330,direct ROI value
PRO_006,GTVn,Target,HD95,7.5025,mm,1,Prospective patient metrics,9735,H9735,direct ROI value
PRO_006,Large OARs,Grouped OARs,HD95,1.3176545454545454,mm,11,Prospective patient metrics,4065;4470;4875;5280;5685;6090;6495;6900;7305;7710;8115,H4065;H4470;H4875;H5280;H5685;H6090;H6495;H6900;H7305;H7710;H8115,within-patient mean across 11 OARs
PRO_006,Small OARs,Grouped OARs,HD95,0.81866,mm,10,Prospective patient metrics,15;420;825;1230;1635;2040;2445;2850;3255;3660,H15;H420;H825;H1230;H1635;H2040;H2445;H2850;H3255;H3660,within-patient mean across 10 OARs
PRO_006,GTVp,Target,ASD,1.6968,mm,1,Prospective patient metrics,8521,H8521,direct ROI value
PRO_006,CTV1,Target,ASD,0.8568,mm,1,Prospective patient metrics,8926,H8926,direct ROI value
PRO_006,CTV2,Target,ASD,2.5255,mm,1,Prospective patient metrics,9331,H9331,direct ROI value
PRO_006,GTVn,Target,ASD,4.5733,mm,1,Prospective patient metrics,9736,H9736,direct ROI value
PRO_006,Large OARs,Grouped OARs,ASD,0.9180545454545456,mm,11,Prospective patient metrics,4066;4471;4876;5281;5686;6091;6496;6901;7306;7711;8116,H4066;H4471;H4876;H5281;H5686;H6091;H6496;H6901;H7306;H7711;H8116,within-patient mean across 11 OARs
PRO_006,Small OARs,Grouped OARs,ASD,0.50057,mm,10,Prospective patient metrics,16;421;826;1231;1636;2041;2446;2851;3256;3661,H16;H421;H826;H1231;H1636;H2041;H2446;H2851;H3256;H3661,within-patient mean across 10 OARs
PRO_007,GTVp,Target,DSC,0.9407,unitless,1,Prospective patient metrics,8516,H8516,direct ROI value
PRO_007,CTV1,Target,DSC,0.8927,unitless,1,Prospective patient metrics,8921,H8921,direct ROI value
PRO_007,CTV2,Target,DSC,0.9005,unitless,1,Prospective patient metrics,9326,H9326,direct ROI value
PRO_007,GTVn,Target,DSC,0.7401,unitless,1,Prospective patient metrics,9731,H9731,direct ROI value
PRO_007,Large OARs,Grouped OARs,DSC,0.9130818181818182,unitless,11,Prospective patient metrics,4061;4466;4871;5276;5681;6086;6491;6896;7301;7706;8111,H4061;H4466;H4871;H5276;H5681;H6086;H6491;H6896;H7301;H7706;H8111,within-patient mean across 11 OARs
PRO_007,Small OARs,Grouped OARs,DSC,0.9110600000000002,unitless,10,Prospective patient metrics,11;416;821;1226;1631;2036;2441;2846;3251;3656,H11;H416;H821;H1226;H1631;H2036;H2441;H2846;H3251;H3656,within-patient mean across 10 OARs
PRO_007,GTVp,Target,HD95,1.6147,mm,1,Prospective patient metrics,8517,H8517,direct ROI value
PRO_007,CTV1,Target,HD95,3.7265,mm,1,Prospective patient metrics,8922,H8922,direct ROI value
PRO_007,CTV2,Target,HD95,1.2256,mm,1,Prospective patient metrics,9327,H9327,direct ROI value
PRO_007,GTVn,Target,HD95,6.6792,mm,1,Prospective patient metrics,9732,H9732,direct ROI value
PRO_007,Large OARs,Grouped OARs,HD95,1.059509090909091,mm,11,Prospective patient metrics,4062;4467;4872;5277;5682;6087;6492;6897;7302;7707;8112,H4062;H4467;H4872;H5277;H5682;H6087;H6492;H6897;H7302;H7707;H8112,within-patient mean across 11 OARs
PRO_007,Small OARs,Grouped OARs,HD95,0.9150099999999999,mm,10,Prospective patient metrics,12;417;822;1227;1632;2037;2442;2847;3252;3657,H12;H417;H822;H1227;H1632;H2037;H2442;H2847;H3252;H3657,within-patient mean across 10 OARs
PRO_007,GTVp,Target,ASD,0.996,mm,1,Prospective patient metrics,8518,H8518,direct ROI value
PRO_007,CTV1,Target,ASD,1.032,mm,1,Prospective patient metrics,8923,H8923,direct ROI value
PRO_007,CTV2,Target,ASD,1.2248,mm,1,Prospective patient metrics,9328,H9328,direct ROI value
PRO_007,GTVn,Target,ASD,3.4345,mm,1,Prospective patient metrics,9733,H9733,direct ROI value
PRO_007,Large OARs,Grouped OARs,ASD,0.8402727272727273,mm,11,Prospective patient metrics,4063;4468;4873;5278;5683;6088;6493;6898;7303;7708;8113,H4063;H4468;H4873;H5278;H5683;H6088;H6493;H6898;H7303;H7708;H8113,within-patient mean across 11 OARs
PRO_007,Small OARs,Grouped OARs,ASD,0.55991,mm,10,Prospective patient metrics,13;418;823;1228;1633;2038;2443;2848;3253;3658,H13;H418;H823;H1228;H1633;H2038;H2443;H2848;H3253;H3658,within-patient mean across 10 OARs
PRO_008,GTVp,Target,DSC,0.949,unitless,1,Prospective patient metrics,8534,H8534,direct ROI value
PRO_008,CTV1,Target,DSC,0.8969,unitless,1,Prospective patient metrics,8939,H8939,direct ROI value
PRO_008,CTV2,Target,DSC,0.8997,unitless,1,Prospective patient metrics,9344,H9344,direct ROI value
PRO_008,GTVn,Target,DSC,0.7796,unitless,1,Prospective patient metrics,9749,H9749,direct ROI value
PRO_008,Large OARs,Grouped OARs,DSC,0.9052818181818182,unitless,11,Prospective patient metrics,4079;4484;4889;5294;5699;6104;6509;6914;7319;7724;8129,H4079;H4484;H4889;H5294;H5699;H6104;H6509;H6914;H7319;H7724;H8129,within-patient mean across 11 OARs
PRO_008,Small OARs,Grouped OARs,DSC,0.89448,unitless,10,Prospective patient metrics,29;434;839;1244;1649;2054;2459;2864;3269;3674,H29;H434;H839;H1244;H1649;H2054;H2459;H2864;H3269;H3674,within-patient mean across 10 OARs
PRO_008,GTVp,Target,HD95,1.9342,mm,1,Prospective patient metrics,8535,H8535,direct ROI value
PRO_008,CTV1,Target,HD95,2.2433,mm,1,Prospective patient metrics,8940,H8940,direct ROI value
PRO_008,CTV2,Target,HD95,2.2628,mm,1,Prospective patient metrics,9345,H9345,direct ROI value
PRO_008,GTVn,Target,HD95,5.432,mm,1,Prospective patient metrics,9750,H9750,direct ROI value
PRO_008,Large OARs,Grouped OARs,HD95,1.1412818181818183,mm,11,Prospective patient metrics,4080;4485;4890;5295;5700;6105;6510;6915;7320;7725;8130,H4080;H4485;H4890;H5295;H5700;H6105;H6510;H6915;H7320;H7725;H8130,within-patient mean across 11 OARs
PRO_008,Small OARs,Grouped OARs,HD95,0.75439,mm,10,Prospective patient metrics,30;435;840;1245;1650;2055;2460;2865;3270;3675,H30;H435;H840;H1245;H1650;H2055;H2460;H2865;H3270;H3675,within-patient mean across 10 OARs
PRO_008,GTVp,Target,ASD,1.265,mm,1,Prospective patient metrics,8536,H8536,direct ROI value
PRO_008,CTV1,Target,ASD,1.0675,mm,1,Prospective patient metrics,8941,H8941,direct ROI value
PRO_008,CTV2,Target,ASD,2.258,mm,1,Prospective patient metrics,9346,H9346,direct ROI value
PRO_008,GTVn,Target,ASD,5.2582,mm,1,Prospective patient metrics,9751,H9751,direct ROI value
PRO_008,Large OARs,Grouped OARs,ASD,0.8450545454545455,mm,11,Prospective patient metrics,4081;4486;4891;5296;5701;6106;6511;6916;7321;7726;8131,H4081;H4486;H4891;H5296;H5701;H6106;H6511;H6916;H7321;H7726;H8131,within-patient mean across 11 OARs
PRO_008,Small OARs,Grouped OARs,ASD,0.49248000000000003,mm,10,Prospective patient metrics,31;436;841;1246;1651;2056;2461;2866;3271;3676,H31;H436;H841;H1246;H1651;H2056;H2461;H2866;H3271;H3676,within-patient mean across 10 OARs
PRO_009,GTVp,Target,DSC,0.926,unitless,1,Prospective patient metrics,8570,H8570,direct ROI value
PRO_009,CTV1,Target,DSC,0.9009,unitless,1,Prospective patient metrics,8975,H8975,direct ROI value
PRO_009,CTV2,Target,DSC,0.9047,unitless,1,Prospective patient metrics,9380,H9380,direct ROI value
PRO_009,GTVn,Target,DSC,0.8086,unitless,1,Prospective patient metrics,9785,H9785,direct ROI value
PRO_009,Large OARs,Grouped OARs,DSC,0.9003727272727272,unitless,11,Prospective patient metrics,4115;4520;4925;5330;5735;6140;6545;6950;7355;7760;8165,H4115;H4520;H4925;H5330;H5735;H6140;H6545;H6950;H7355;H7760;H8165,within-patient mean across 11 OARs
PRO_009,Small OARs,Grouped OARs,DSC,0.9116799999999999,unitless,10,Prospective patient metrics,65;470;875;1280;1685;2090;2495;2900;3305;3710,H65;H470;H875;H1280;H1685;H2090;H2495;H2900;H3305;H3710,within-patient mean across 10 OARs
PRO_009,GTVp,Target,HD95,2.362,mm,1,Prospective patient metrics,8571,H8571,direct ROI value
PRO_009,CTV1,Target,HD95,2.9548,mm,1,Prospective patient metrics,8976,H8976,direct ROI value
PRO_009,CTV2,Target,HD95,1.1778,mm,1,Prospective patient metrics,9381,H9381,direct ROI value
PRO_009,GTVn,Target,HD95,2.5335,mm,1,Prospective patient metrics,9786,H9786,direct ROI value
PRO_009,Large OARs,Grouped OARs,HD95,1.0647545454545453,mm,11,Prospective patient metrics,4116;4521;4926;5331;5736;6141;6546;6951;7356;7761;8166,H4116;H4521;H4926;H5331;H5736;H6141;H6546;H6951;H7356;H7761;H8166,within-patient mean across 11 OARs
PRO_009,Small OARs,Grouped OARs,HD95,0.7217,mm,10,Prospective patient metrics,66;471;876;1281;1686;2091;2496;2901;3306;3711,H66;H471;H876;H1281;H1686;H2091;H2496;H2901;H3306;H3711,within-patient mean across 10 OARs
PRO_009,GTVp,Target,ASD,0.8889,mm,1,Prospective patient metrics,8572,H8572,direct ROI value
PRO_009,CTV1,Target,ASD,1.3777,mm,1,Prospective patient metrics,8977,H8977,direct ROI value
PRO_009,CTV2,Target,ASD,1.1624,mm,1,Prospective patient metrics,9382,H9382,direct ROI value
PRO_009,GTVn,Target,ASD,2.1127,mm,1,Prospective patient metrics,9787,H9787,direct ROI value
PRO_009,Large OARs,Grouped OARs,ASD,0.8716818181818181,mm,11,Prospective patient metrics,4117;4522;4927;5332;5737;6142;6547;6952;7357;7762;8167,H4117;H4522;H4927;H5332;H5737;H6142;H6547;H6952;H7357;H7762;H8167,within-patient mean across 11 OARs
PRO_009,Small OARs,Grouped OARs,ASD,0.48639,mm,10,Prospective patient metrics,67;472;877;1282;1687;2092;2497;2902;3307;3712,H67;H472;H877;H1282;H1687;H2092;H2497;H2902;H3307;H3712,within-patient mean across 10 OARs
PRO_010,GTVp,Target,DSC,0.9378,unitless,1,Prospective patient metrics,8525,H8525,direct ROI value
PRO_010,CTV1,Target,DSC,0.9039,unitless,1,Prospective patient metrics,8930,H8930,direct ROI value
PRO_010,CTV2,Target,DSC,0.9053,unitless,1,Prospective patient metrics,9335,H9335,direct ROI value
PRO_010,GTVn,Target,DSC,0.8549,unitless,1,Prospective patient metrics,9740,H9740,direct ROI value
PRO_010,Large OARs,Grouped OARs,DSC,0.8977636363636364,unitless,11,Prospective patient metrics,4070;4475;4880;5285;5690;6095;6500;6905;7310;7715;8120,H4070;H4475;H4880;H5285;H5690;H6095;H6500;H6905;H7310;H7715;H8120,within-patient mean across 11 OARs
PRO_010,Small OARs,Grouped OARs,DSC,0.89757,unitless,10,Prospective patient metrics,20;425;830;1235;1640;2045;2450;2855;3260;3665,H20;H425;H830;H1235;H1640;H2045;H2450;H2855;H3260;H3665,within-patient mean across 10 OARs
PRO_010,GTVp,Target,HD95,2.8877,mm,1,Prospective patient metrics,8526,H8526,direct ROI value
PRO_010,CTV1,Target,HD95,3.0369,mm,1,Prospective patient metrics,8931,H8931,direct ROI value
PRO_010,CTV2,Target,HD95,2.387,mm,1,Prospective patient metrics,9336,H9336,direct ROI value
PRO_010,GTVn,Target,HD95,2.9457,mm,1,Prospective patient metrics,9741,H9741,direct ROI value
PRO_010,Large OARs,Grouped OARs,HD95,1.1340363636363635,mm,11,Prospective patient metrics,4071;4476;4881;5286;5691;6096;6501;6906;7311;7716;8121,H4071;H4476;H4881;H5286;H5691;H6096;H6501;H6906;H7311;H7716;H8121,within-patient mean across 11 OARs
PRO_010,Small OARs,Grouped OARs,HD95,0.86373,mm,10,Prospective patient metrics,21;426;831;1236;1641;2046;2451;2856;3261;3666,H21;H426;H831;H1236;H1641;H2046;H2451;H2856;H3261;H3666,within-patient mean across 10 OARs
PRO_010,GTVp,Target,ASD,1.7805,mm,1,Prospective patient metrics,8527,H8527,direct ROI value
PRO_010,CTV1,Target,ASD,1.0198,mm,1,Prospective patient metrics,8932,H8932,direct ROI value
PRO_010,CTV2,Target,ASD,2.1385,mm,1,Prospective patient metrics,9337,H9337,direct ROI value
PRO_010,GTVn,Target,ASD,1.5543,mm,1,Prospective patient metrics,9742,H9742,direct ROI value
PRO_010,Large OARs,Grouped OARs,ASD,0.7533636363636362,mm,11,Prospective patient metrics,4072;4477;4882;5287;5692;6097;6502;6907;7312;7717;8122,H4072;H4477;H4882;H5287;H5692;H6097;H6502;H6907;H7312;H7717;H8122,within-patient mean across 11 OARs
PRO_010,Small OARs,Grouped OARs,ASD,0.48816000000000004,mm,10,Prospective patient metrics,22;427;832;1237;1642;2047;2452;2857;3262;3667,H22;H427;H832;H1237;H1642;H2047;H2452;H2857;H3262;H3667,within-patient mean across 10 OARs
PRO_011,GTVp,Target,DSC,0.9567,unitless,1,Prospective patient metrics,8528,H8528,direct ROI value
PRO_011,CTV1,Target,DSC,0.9094,unitless,1,Prospective patient metrics,8933,H8933,direct ROI value
PRO_011,CTV2,Target,DSC,0.9259,unitless,1,Prospective patient metrics,9338,H9338,direct ROI value
PRO_011,GTVn,Target,DSC,0.8437,unitless,1,Prospective patient metrics,9743,H9743,direct ROI value
PRO_011,Large OARs,Grouped OARs,DSC,0.8919909090909092,unitless,11,Prospective patient metrics,4073;4478;4883;5288;5693;6098;6503;6908;7313;7718;8123,H4073;H4478;H4883;H5288;H5693;H6098;H6503;H6908;H7313;H7718;H8123,within-patient mean across 11 OARs
PRO_011,Small OARs,Grouped OARs,DSC,0.9055500000000001,unitless,10,Prospective patient metrics,23;428;833;1238;1643;2048;2453;2858;3263;3668,H23;H428;H833;H1238;H1643;H2048;H2453;H2858;H3263;H3668,within-patient mean across 10 OARs
PRO_011,GTVp,Target,HD95,1.3485,mm,1,Prospective patient metrics,8529,H8529,direct ROI value
PRO_011,CTV1,Target,HD95,2.2637,mm,1,Prospective patient metrics,8934,H8934,direct ROI value
PRO_011,CTV2,Target,HD95,2.0594,mm,1,Prospective patient metrics,9339,H9339,direct ROI value
PRO_011,GTVn,Target,HD95,2.7028,mm,1,Prospective patient metrics,9744,H9744,direct ROI value
PRO_011,Large OARs,Grouped OARs,HD95,1.3283363636363636,mm,11,Prospective patient metrics,4074;4479;4884;5289;5694;6099;6504;6909;7314;7719;8124,H4074;H4479;H4884;H5289;H5694;H6099;H6504;H6909;H7314;H7719;H8124,within-patient mean across 11 OARs
PRO_011,Small OARs,Grouped OARs,HD95,0.8915899999999999,mm,10,Prospective patient metrics,24;429;834;1239;1644;2049;2454;2859;3264;3669,H24;H429;H834;H1239;H1644;H2049;H2454;H2859;H3264;H3669,within-patient mean across 10 OARs
PRO_011,GTVp,Target,ASD,0.7442,mm,1,Prospective patient metrics,8530,H8530,direct ROI value
PRO_011,CTV1,Target,ASD,1.0357,mm,1,Prospective patient metrics,8935,H8935,direct ROI value
PRO_011,CTV2,Target,ASD,1.1332,mm,1,Prospective patient metrics,9340,H9340,direct ROI value
PRO_011,GTVn,Target,ASD,2.2543,mm,1,Prospective patient metrics,9745,H9745,direct ROI value
PRO_011,Large OARs,Grouped OARs,ASD,0.8831363636363637,mm,11,Prospective patient metrics,4075;4480;4885;5290;5695;6100;6505;6910;7315;7720;8125,H4075;H4480;H4885;H5290;H5695;H6100;H6505;H6910;H7315;H7720;H8125,within-patient mean across 11 OARs
PRO_011,Small OARs,Grouped OARs,ASD,0.5003200000000001,mm,10,Prospective patient metrics,25;430;835;1240;1645;2050;2455;2860;3265;3670,H25;H430;H835;H1240;H1645;H2050;H2455;H2860;H3265;H3670,within-patient mean across 10 OARs
PRO_012,GTVp,Target,DSC,0.9476,unitless,1,Prospective patient metrics,8531,H8531,direct ROI value
PRO_012,CTV1,Target,DSC,0.9347,unitless,1,Prospective patient metrics,8936,H8936,direct ROI value
PRO_012,CTV2,Target,DSC,0.886,unitless,1,Prospective patient metrics,9341,H9341,direct ROI value
PRO_012,GTVn,Target,DSC,0.7656,unitless,1,Prospective patient metrics,9746,H9746,direct ROI value
PRO_012,Large OARs,Grouped OARs,DSC,0.8980999999999999,unitless,11,Prospective patient metrics,4076;4481;4886;5291;5696;6101;6506;6911;7316;7721;8126,H4076;H4481;H4886;H5291;H5696;H6101;H6506;H6911;H7316;H7721;H8126,within-patient mean across 11 OARs
PRO_012,Small OARs,Grouped OARs,DSC,0.90161,unitless,10,Prospective patient metrics,26;431;836;1241;1646;2051;2456;2861;3266;3671,H26;H431;H836;H1241;H1646;H2051;H2456;H2861;H3266;H3671,within-patient mean across 10 OARs
PRO_012,GTVp,Target,HD95,2.9941,mm,1,Prospective patient metrics,8532,H8532,direct ROI value
PRO_012,CTV1,Target,HD95,1.9986,mm,1,Prospective patient metrics,8937,H8937,direct ROI value
PRO_012,CTV2,Target,HD95,1.9308,mm,1,Prospective patient metrics,9342,H9342,direct ROI value
PRO_012,GTVn,Target,HD95,4.2857,mm,1,Prospective patient metrics,9747,H9747,direct ROI value
PRO_012,Large OARs,Grouped OARs,HD95,1.1320636363636365,mm,11,Prospective patient metrics,4077;4482;4887;5292;5697;6102;6507;6912;7317;7722;8127,H4077;H4482;H4887;H5292;H5697;H6102;H6507;H6912;H7317;H7722;H8127,within-patient mean across 11 OARs
PRO_012,Small OARs,Grouped OARs,HD95,0.6543300000000001,mm,10,Prospective patient metrics,27;432;837;1242;1647;2052;2457;2862;3267;3672,H27;H432;H837;H1242;H1647;H2052;H2457;H2862;H3267;H3672,within-patient mean across 10 OARs
PRO_012,GTVp,Target,ASD,1.1629,mm,1,Prospective patient metrics,8533,H8533,direct ROI value
PRO_012,CTV1,Target,ASD,0.7204,mm,1,Prospective patient metrics,8938,H8938,direct ROI value
PRO_012,CTV2,Target,ASD,1.9026,mm,1,Prospective patient metrics,9343,H9343,direct ROI value
PRO_012,GTVn,Target,ASD,4.1429,mm,1,Prospective patient metrics,9748,H9748,direct ROI value
PRO_012,Large OARs,Grouped OARs,ASD,0.8624272727272726,mm,11,Prospective patient metrics,4078;4483;4888;5293;5698;6103;6508;6913;7318;7723;8128,H4078;H4483;H4888;H5293;H5698;H6103;H6508;H6913;H7318;H7723;H8128,within-patient mean across 11 OARs
PRO_012,Small OARs,Grouped OARs,ASD,0.42241,mm,10,Prospective patient metrics,28;433;838;1243;1648;2053;2458;2863;3268;3673,H28;H433;H838;H1243;H1648;H2053;H2458;H2863;H3268;H3673,within-patient mean across 10 OARs
PRO_013,GTVp,Target,DSC,0.8953,unitless,1,Prospective patient metrics,8579,H8579,direct ROI value
PRO_013,CTV1,Target,DSC,0.9186,unitless,1,Prospective patient metrics,8984,H8984,direct ROI value
PRO_013,CTV2,Target,DSC,0.9023,unitless,1,Prospective patient metrics,9389,H9389,direct ROI value
PRO_013,GTVn,Target,DSC,0.8191,unitless,1,Prospective patient metrics,9794,H9794,direct ROI value
PRO_013,Large OARs,Grouped OARs,DSC,0.9000454545454545,unitless,11,Prospective patient metrics,4124;4529;4934;5339;5744;6149;6554;6959;7364;7769;8174,H4124;H4529;H4934;H5339;H5744;H6149;H6554;H6959;H7364;H7769;H8174,within-patient mean across 11 OARs
PRO_013,Small OARs,Grouped OARs,DSC,0.8964599999999999,unitless,10,Prospective patient metrics,74;479;884;1289;1694;2099;2504;2909;3314;3719,H74;H479;H884;H1289;H1694;H2099;H2504;H2909;H3314;H3719,within-patient mean across 10 OARs
PRO_013,GTVp,Target,HD95,3.0943,mm,1,Prospective patient metrics,8580,H8580,direct ROI value
PRO_013,CTV1,Target,HD95,1.7952,mm,1,Prospective patient metrics,8985,H8985,direct ROI value
PRO_013,CTV2,Target,HD95,1.3644,mm,1,Prospective patient metrics,9390,H9390,direct ROI value
PRO_013,GTVn,Target,HD95,3.2343,mm,1,Prospective patient metrics,9795,H9795,direct ROI value
PRO_013,Large OARs,Grouped OARs,HD95,1.300509090909091,mm,11,Prospective patient metrics,4125;4530;4935;5340;5745;6150;6555;6960;7365;7770;8175,H4125;H4530;H4935;H5340;H5745;H6150;H6555;H6960;H7365;H7770;H8175,within-patient mean across 11 OARs
PRO_013,Small OARs,Grouped OARs,HD95,0.8399599999999999,mm,10,Prospective patient metrics,75;480;885;1290;1695;2100;2505;2910;3315;3720,H75;H480;H885;H1290;H1695;H2100;H2505;H2910;H3315;H3720,within-patient mean across 10 OARs
PRO_013,GTVp,Target,ASD,1.42,mm,1,Prospective patient metrics,8581,H8581,direct ROI value
PRO_013,CTV1,Target,ASD,1.1393,mm,1,Prospective patient metrics,8986,H8986,direct ROI value
PRO_013,CTV2,Target,ASD,1.3641,mm,1,Prospective patient metrics,9391,H9391,direct ROI value
PRO_013,GTVn,Target,ASD,2.8452,mm,1,Prospective patient metrics,9796,H9796,direct ROI value
PRO_013,Large OARs,Grouped OARs,ASD,0.8510909090909091,mm,11,Prospective patient metrics,4126;4531;4936;5341;5746;6151;6556;6961;7366;7771;8176,H4126;H4531;H4936;H5341;H5746;H6151;H6556;H6961;H7366;H7771;H8176,within-patient mean across 11 OARs
PRO_013,Small OARs,Grouped OARs,ASD,0.57489,mm,10,Prospective patient metrics,76;481;886;1291;1696;2101;2506;2911;3316;3721,H76;H481;H886;H1291;H1696;H2101;H2506;H2911;H3316;H3721,within-patient mean across 10 OARs
PRO_014,GTVp,Target,DSC,0.8933,unitless,1,Prospective patient metrics,8594,H8594,direct ROI value
PRO_014,CTV1,Target,DSC,0.9099,unitless,1,Prospective patient metrics,8999,H8999,direct ROI value
PRO_014,CTV2,Target,DSC,0.9113,unitless,1,Prospective patient metrics,9404,H9404,direct ROI value
PRO_014,GTVn,Target,DSC,0.7642,unitless,1,Prospective patient metrics,9809,H9809,direct ROI value
PRO_014,Large OARs,Grouped OARs,DSC,0.8999181818181817,unitless,11,Prospective patient metrics,4139;4544;4949;5354;5759;6164;6569;6974;7379;7784;8189,H4139;H4544;H4949;H5354;H5759;H6164;H6569;H6974;H7379;H7784;H8189,within-patient mean across 11 OARs
PRO_014,Small OARs,Grouped OARs,DSC,0.90465,unitless,10,Prospective patient metrics,89;494;899;1304;1709;2114;2519;2924;3329;3734,H89;H494;H899;H1304;H1709;H2114;H2519;H2924;H3329;H3734,within-patient mean across 10 OARs
PRO_014,GTVp,Target,HD95,4.5758,mm,1,Prospective patient metrics,8595,H8595,direct ROI value
PRO_014,CTV1,Target,HD95,2.9951,mm,1,Prospective patient metrics,9000,H9000,direct ROI value
PRO_014,CTV2,Target,HD95,2.2404,mm,1,Prospective patient metrics,9405,H9405,direct ROI value
PRO_014,GTVn,Target,HD95,5.1545,mm,1,Prospective patient metrics,9810,H9810,direct ROI value
PRO_014,Large OARs,Grouped OARs,HD95,1.2565909090909089,mm,11,Prospective patient metrics,4140;4545;4950;5355;5760;6165;6570;6975;7380;7785;8190,H4140;H4545;H4950;H5355;H5760;H6165;H6570;H6975;H7380;H7785;H8190,within-patient mean across 11 OARs
PRO_014,Small OARs,Grouped OARs,HD95,0.7877099999999999,mm,10,Prospective patient metrics,90;495;900;1305;1710;2115;2520;2925;3330;3735,H90;H495;H900;H1305;H1710;H2115;H2520;H2925;H3330;H3735,within-patient mean across 10 OARs
PRO_014,GTVp,Target,ASD,2.1386,mm,1,Prospective patient metrics,8596,H8596,direct ROI value
PRO_014,CTV1,Target,ASD,1.0763,mm,1,Prospective patient metrics,9001,H9001,direct ROI value
PRO_014,CTV2,Target,ASD,2.0223,mm,1,Prospective patient metrics,9406,H9406,direct ROI value
PRO_014,GTVn,Target,ASD,2.7109,mm,1,Prospective patient metrics,9811,H9811,direct ROI value
PRO_014,Large OARs,Grouped OARs,ASD,0.8433727272727274,mm,11,Prospective patient metrics,4141;4546;4951;5356;5761;6166;6571;6976;7381;7786;8191,H4141;H4546;H4951;H5356;H5761;H6166;H6571;H6976;H7381;H7786;H8191,within-patient mean across 11 OARs
PRO_014,Small OARs,Grouped OARs,ASD,0.49082,mm,10,Prospective patient metrics,91;496;901;1306;1711;2116;2521;2926;3331;3736,H91;H496;H901;H1306;H1711;H2116;H2521;H2926;H3331;H3736,within-patient mean across 10 OARs
PRO_015,GTVp,Target,DSC,0.9217,unitless,1,Prospective patient metrics,8537,H8537,direct ROI value
PRO_015,CTV1,Target,DSC,0.9245,unitless,1,Prospective patient metrics,8942,H8942,direct ROI value
PRO_015,CTV2,Target,DSC,0.9101,unitless,1,Prospective patient metrics,9347,H9347,direct ROI value
PRO_015,GTVn,Target,DSC,0.8407,unitless,1,Prospective patient metrics,9752,H9752,direct ROI value
PRO_015,Large OARs,Grouped OARs,DSC,0.9066454545454546,unitless,11,Prospective patient metrics,4082;4487;4892;5297;5702;6107;6512;6917;7322;7727;8132,H4082;H4487;H4892;H5297;H5702;H6107;H6512;H6917;H7322;H7727;H8132,within-patient mean across 11 OARs
PRO_015,Small OARs,Grouped OARs,DSC,0.8991999999999999,unitless,10,Prospective patient metrics,32;437;842;1247;1652;2057;2462;2867;3272;3677,H32;H437;H842;H1247;H1652;H2057;H2462;H2867;H3272;H3677,within-patient mean across 10 OARs
PRO_015,GTVp,Target,HD95,2.7131,mm,1,Prospective patient metrics,8538,H8538,direct ROI value
PRO_015,CTV1,Target,HD95,3.0711,mm,1,Prospective patient metrics,8943,H8943,direct ROI value
PRO_015,CTV2,Target,HD95,1.2384,mm,1,Prospective patient metrics,9348,H9348,direct ROI value
PRO_015,GTVn,Target,HD95,3.8187,mm,1,Prospective patient metrics,9753,H9753,direct ROI value
PRO_015,Large OARs,Grouped OARs,HD95,1.0309909090909093,mm,11,Prospective patient metrics,4083;4488;4893;5298;5703;6108;6513;6918;7323;7728;8133,H4083;H4488;H4893;H5298;H5703;H6108;H6513;H6918;H7323;H7728;H8133,within-patient mean across 11 OARs
PRO_015,Small OARs,Grouped OARs,HD95,0.80041,mm,10,Prospective patient metrics,33;438;843;1248;1653;2058;2463;2868;3273;3678,H33;H438;H843;H1248;H1653;H2058;H2463;H2868;H3273;H3678,within-patient mean across 10 OARs
PRO_015,GTVp,Target,ASD,1.6294,mm,1,Prospective patient metrics,8539,H8539,direct ROI value
PRO_015,CTV1,Target,ASD,0.9927,mm,1,Prospective patient metrics,8944,H8944,direct ROI value
PRO_015,CTV2,Target,ASD,1.2205,mm,1,Prospective patient metrics,9349,H9349,direct ROI value
PRO_015,GTVn,Target,ASD,1.6146,mm,1,Prospective patient metrics,9754,H9754,direct ROI value
PRO_015,Large OARs,Grouped OARs,ASD,0.750190909090909,mm,11,Prospective patient metrics,4084;4489;4894;5299;5704;6109;6514;6919;7324;7729;8134,H4084;H4489;H4894;H5299;H5704;H6109;H6514;H6919;H7324;H7729;H8134,within-patient mean across 11 OARs
PRO_015,Small OARs,Grouped OARs,ASD,0.5286,mm,10,Prospective patient metrics,34;439;844;1249;1654;2059;2464;2869;3274;3679,H34;H439;H844;H1249;H1654;H2059;H2464;H2869;H3274;H3679,within-patient mean across 10 OARs
PRO_016,GTVp,Target,DSC,0.9385,unitless,1,Prospective patient metrics,8591,H8591,direct ROI value
PRO_016,CTV1,Target,DSC,0.9168,unitless,1,Prospective patient metrics,8996,H8996,direct ROI value
PRO_016,CTV2,Target,DSC,0.9107,unitless,1,Prospective patient metrics,9401,H9401,direct ROI value
PRO_016,GTVn,Target,DSC,0.7933,unitless,1,Prospective patient metrics,9806,H9806,direct ROI value
PRO_016,Large OARs,Grouped OARs,DSC,0.905409090909091,unitless,11,Prospective patient metrics,4136;4541;4946;5351;5756;6161;6566;6971;7376;7781;8186,H4136;H4541;H4946;H5351;H5756;H6161;H6566;H6971;H7376;H7781;H8186,within-patient mean across 11 OARs
PRO_016,Small OARs,Grouped OARs,DSC,0.89506,unitless,10,Prospective patient metrics,86;491;896;1301;1706;2111;2516;2921;3326;3731,H86;H491;H896;H1301;H1706;H2111;H2516;H2921;H3326;H3731,within-patient mean across 10 OARs
PRO_016,GTVp,Target,HD95,2.2676,mm,1,Prospective patient metrics,8592,H8592,direct ROI value
PRO_016,CTV1,Target,HD95,2.4064,mm,1,Prospective patient metrics,8997,H8997,direct ROI value
PRO_016,CTV2,Target,HD95,2.3211,mm,1,Prospective patient metrics,9402,H9402,direct ROI value
PRO_016,GTVn,Target,HD95,2.8745,mm,1,Prospective patient metrics,9807,H9807,direct ROI value
PRO_016,Large OARs,Grouped OARs,HD95,1.0810636363636363,mm,11,Prospective patient metrics,4137;4542;4947;5352;5757;6162;6567;6972;7377;7782;8187,H4137;H4542;H4947;H5352;H5757;H6162;H6567;H6972;H7377;H7782;H8187,within-patient mean across 11 OARs
PRO_016,Small OARs,Grouped OARs,HD95,0.857,mm,10,Prospective patient metrics,87;492;897;1302;1707;2112;2517;2922;3327;3732,H87;H492;H897;H1302;H1707;H2112;H2517;H2922;H3327;H3732,within-patient mean across 10 OARs
PRO_016,GTVp,Target,ASD,1.2195,mm,1,Prospective patient metrics,8593,H8593,direct ROI value
PRO_016,CTV1,Target,ASD,0.8066,mm,1,Prospective patient metrics,8998,H8998,direct ROI value
PRO_016,CTV2,Target,ASD,1.7327,mm,1,Prospective patient metrics,9403,H9403,direct ROI value
PRO_016,GTVn,Target,ASD,2.2537,mm,1,Prospective patient metrics,9808,H9808,direct ROI value
PRO_016,Large OARs,Grouped OARs,ASD,0.7870545454545453,mm,11,Prospective patient metrics,4138;4543;4948;5353;5758;6163;6568;6973;7378;7783;8188,H4138;H4543;H4948;H5353;H5758;H6163;H6568;H6973;H7378;H7783;H8188,within-patient mean across 11 OARs
PRO_016,Small OARs,Grouped OARs,ASD,0.41067,mm,10,Prospective patient metrics,88;493;898;1303;1708;2113;2518;2923;3328;3733,H88;H493;H898;H1303;H1708;H2113;H2518;H2923;H3328;H3733,within-patient mean across 10 OARs
PRO_017,GTVp,Target,DSC,0.9135,unitless,1,Prospective patient metrics,8549,H8549,direct ROI value
PRO_017,CTV1,Target,DSC,0.8796,unitless,1,Prospective patient metrics,8954,H8954,direct ROI value
PRO_017,CTV2,Target,DSC,0.9035,unitless,1,Prospective patient metrics,9359,H9359,direct ROI value
PRO_017,GTVn,Target,DSC,0.8227,unitless,1,Prospective patient metrics,9764,H9764,direct ROI value
PRO_017,Large OARs,Grouped OARs,DSC,0.9129363636363638,unitless,11,Prospective patient metrics,4094;4499;4904;5309;5714;6119;6524;6929;7334;7739;8144,H4094;H4499;H4904;H5309;H5714;H6119;H6524;H6929;H7334;H7739;H8144,within-patient mean across 11 OARs
PRO_017,Small OARs,Grouped OARs,DSC,0.9007900000000001,unitless,10,Prospective patient metrics,44;449;854;1259;1664;2069;2474;2879;3284;3689,H44;H449;H854;H1259;H1664;H2069;H2474;H2879;H3284;H3689,within-patient mean across 10 OARs
PRO_017,GTVp,Target,HD95,2.1692,mm,1,Prospective patient metrics,8550,H8550,direct ROI value
PRO_017,CTV1,Target,HD95,3.2857,mm,1,Prospective patient metrics,8955,H8955,direct ROI value
PRO_017,CTV2,Target,HD95,2.5897,mm,1,Prospective patient metrics,9360,H9360,direct ROI value
PRO_017,GTVn,Target,HD95,2.4561,mm,1,Prospective patient metrics,9765,H9765,direct ROI value
PRO_017,Large OARs,Grouped OARs,HD95,1.0375818181818182,mm,11,Prospective patient metrics,4095;4500;4905;5310;5715;6120;6525;6930;7335;7740;8145,H4095;H4500;H4905;H5310;H5715;H6120;H6525;H6930;H7335;H7740;H8145,within-patient mean across 11 OARs
PRO_017,Small OARs,Grouped OARs,HD95,0.7581,mm,10,Prospective patient metrics,45;450;855;1260;1665;2070;2475;2880;3285;3690,H45;H450;H855;H1260;H1665;H2070;H2475;H2880;H3285;H3690,within-patient mean across 10 OARs
PRO_017,GTVp,Target,ASD,1.1002,mm,1,Prospective patient metrics,8551,H8551,direct ROI value
PRO_017,CTV1,Target,ASD,1.3801,mm,1,Prospective patient metrics,8956,H8956,direct ROI value
PRO_017,CTV2,Target,ASD,1.7331,mm,1,Prospective patient metrics,9361,H9361,direct ROI value
PRO_017,GTVn,Target,ASD,2.0326,mm,1,Prospective patient metrics,9766,H9766,direct ROI value
PRO_017,Large OARs,Grouped OARs,ASD,0.759681818181818,mm,11,Prospective patient metrics,4096;4501;4906;5311;5716;6121;6526;6931;7336;7741;8146,H4096;H4501;H4906;H5311;H5716;H6121;H6526;H6931;H7336;H7741;H8146,within-patient mean across 11 OARs
PRO_017,Small OARs,Grouped OARs,ASD,0.44967000000000007,mm,10,Prospective patient metrics,46;451;856;1261;1666;2071;2476;2881;3286;3691,H46;H451;H856;H1261;H1666;H2071;H2476;H2881;H3286;H3691,within-patient mean across 10 OARs
PRO_018,GTVp,Target,DSC,0.9337,unitless,1,Prospective patient metrics,8603,H8603,direct ROI value
PRO_018,CTV1,Target,DSC,0.9143,unitless,1,Prospective patient metrics,9008,H9008,direct ROI value
PRO_018,CTV2,Target,DSC,0.9246,unitless,1,Prospective patient metrics,9413,H9413,direct ROI value
PRO_018,GTVn,Target,DSC,0.7559,unitless,1,Prospective patient metrics,9818,H9818,direct ROI value
PRO_018,Large OARs,Grouped OARs,DSC,0.9157909090909091,unitless,11,Prospective patient metrics,4148;4553;4958;5363;5768;6173;6578;6983;7388;7793;8198,H4148;H4553;H4958;H5363;H5768;H6173;H6578;H6983;H7388;H7793;H8198,within-patient mean across 11 OARs
PRO_018,Small OARs,Grouped OARs,DSC,0.91508,unitless,10,Prospective patient metrics,98;503;908;1313;1718;2123;2528;2933;3338;3743,H98;H503;H908;H1313;H1718;H2123;H2528;H2933;H3338;H3743,within-patient mean across 10 OARs
PRO_018,GTVp,Target,HD95,1.8809,mm,1,Prospective patient metrics,8604,H8604,direct ROI value
PRO_018,CTV1,Target,HD95,2.1128,mm,1,Prospective patient metrics,9009,H9009,direct ROI value
PRO_018,CTV2,Target,HD95,1.5058,mm,1,Prospective patient metrics,9414,H9414,direct ROI value
PRO_018,GTVn,Target,HD95,3.9372,mm,1,Prospective patient metrics,9819,H9819,direct ROI value
PRO_018,Large OARs,Grouped OARs,HD95,0.9489909090909091,mm,11,Prospective patient metrics,4149;4554;4959;5364;5769;6174;6579;6984;7389;7794;8199,H4149;H4554;H4959;H5364;H5769;H6174;H6579;H6984;H7389;H7794;H8199,within-patient mean across 11 OARs
PRO_018,Small OARs,Grouped OARs,HD95,0.73331,mm,10,Prospective patient metrics,99;504;909;1314;1719;2124;2529;2934;3339;3744,H99;H504;H909;H1314;H1719;H2124;H2529;H2934;H3339;H3744,within-patient mean across 10 OARs
PRO_018,GTVp,Target,ASD,1.6334,mm,1,Prospective patient metrics,8605,H8605,direct ROI value
PRO_018,CTV1,Target,ASD,0.8941,mm,1,Prospective patient metrics,9010,H9010,direct ROI value
PRO_018,CTV2,Target,ASD,1.3499,mm,1,Prospective patient metrics,9415,H9415,direct ROI value
PRO_018,GTVn,Target,ASD,3.1712,mm,1,Prospective patient metrics,9820,H9820,direct ROI value
PRO_018,Large OARs,Grouped OARs,ASD,0.7348636363636364,mm,11,Prospective patient metrics,4150;4555;4960;5365;5770;6175;6580;6985;7390;7795;8200,H4150;H4555;H4960;H5365;H5770;H6175;H6580;H6985;H7390;H7795;H8200,within-patient mean across 11 OARs
PRO_018,Small OARs,Grouped OARs,ASD,0.5110600000000001,mm,10,Prospective patient metrics,100;505;910;1315;1720;2125;2530;2935;3340;3745,H100;H505;H910;H1315;H1720;H2125;H2530;H2935;H3340;H3745,within-patient mean across 10 OARs
PRO_019,GTVp,Target,DSC,0.8971,unitless,1,Prospective patient metrics,8597,H8597,direct ROI value
PRO_019,CTV1,Target,DSC,0.9172,unitless,1,Prospective patient metrics,9002,H9002,direct ROI value
PRO_019,CTV2,Target,DSC,0.9049,unitless,1,Prospective patient metrics,9407,H9407,direct ROI value
PRO_019,GTVn,Target,DSC,0.8468,unitless,1,Prospective patient metrics,9812,H9812,direct ROI value
PRO_019,Large OARs,Grouped OARs,DSC,0.9047363636363636,unitless,11,Prospective patient metrics,4142;4547;4952;5357;5762;6167;6572;6977;7382;7787;8192,H4142;H4547;H4952;H5357;H5762;H6167;H6572;H6977;H7382;H7787;H8192,within-patient mean across 11 OARs
PRO_019,Small OARs,Grouped OARs,DSC,0.90276,unitless,10,Prospective patient metrics,92;497;902;1307;1712;2117;2522;2927;3332;3737,H92;H497;H902;H1307;H1712;H2117;H2522;H2927;H3332;H3737,within-patient mean across 10 OARs
PRO_019,GTVp,Target,HD95,2.6563,mm,1,Prospective patient metrics,8598,H8598,direct ROI value
PRO_019,CTV1,Target,HD95,4.332,mm,1,Prospective patient metrics,9003,H9003,direct ROI value
PRO_019,CTV2,Target,HD95,2.0193,mm,1,Prospective patient metrics,9408,H9408,direct ROI value
PRO_019,GTVn,Target,HD95,4.5573,mm,1,Prospective patient metrics,9813,H9813,direct ROI value
PRO_019,Large OARs,Grouped OARs,HD95,1.129736363636364,mm,11,Prospective patient metrics,4143;4548;4953;5358;5763;6168;6573;6978;7383;7788;8193,H4143;H4548;H4953;H5358;H5763;H6168;H6573;H6978;H7383;H7788;H8193,within-patient mean across 11 OARs
PRO_019,Small OARs,Grouped OARs,HD95,0.70198,mm,10,Prospective patient metrics,93;498;903;1308;1713;2118;2523;2928;3333;3738,H93;H498;H903;H1308;H1713;H2118;H2523;H2928;H3333;H3738,within-patient mean across 10 OARs
PRO_019,GTVp,Target,ASD,1.5044,mm,1,Prospective patient metrics,8599,H8599,direct ROI value
PRO_019,CTV1,Target,ASD,1.1921,mm,1,Prospective patient metrics,9004,H9004,direct ROI value
PRO_019,CTV2,Target,ASD,2.015,mm,1,Prospective patient metrics,9409,H9409,direct ROI value
PRO_019,GTVn,Target,ASD,2.8381,mm,1,Prospective patient metrics,9814,H9814,direct ROI value
PRO_019,Large OARs,Grouped OARs,ASD,0.9597454545454546,mm,11,Prospective patient metrics,4144;4549;4954;5359;5764;6169;6574;6979;7384;7789;8194,H4144;H4549;H4954;H5359;H5764;H6169;H6574;H6979;H7384;H7789;H8194,within-patient mean across 11 OARs
PRO_019,Small OARs,Grouped OARs,ASD,0.48877999999999994,mm,10,Prospective patient metrics,94;499;904;1309;1714;2119;2524;2929;3334;3739,H94;H499;H904;H1309;H1714;H2119;H2524;H2929;H3334;H3739,within-patient mean across 10 OARs
PRO_020,GTVp,Target,DSC,0.9148,unitless,1,Prospective patient metrics,8612,H8612,direct ROI value
PRO_020,CTV1,Target,DSC,0.881,unitless,1,Prospective patient metrics,9017,H9017,direct ROI value
PRO_020,CTV2,Target,DSC,0.8896,unitless,1,Prospective patient metrics,9422,H9422,direct ROI value
PRO_020,GTVn,Target,DSC,0.7583,unitless,1,Prospective patient metrics,9827,H9827,direct ROI value
PRO_020,Large OARs,Grouped OARs,DSC,0.9033454545454546,unitless,11,Prospective patient metrics,4157;4562;4967;5372;5777;6182;6587;6992;7397;7802;8207,H4157;H4562;H4967;H5372;H5777;H6182;H6587;H6992;H7397;H7802;H8207,within-patient mean across 11 OARs
PRO_020,Small OARs,Grouped OARs,DSC,0.9139799999999999,unitless,10,Prospective patient metrics,107;512;917;1322;1727;2132;2537;2942;3347;3752,H107;H512;H917;H1322;H1727;H2132;H2537;H2942;H3347;H3752,within-patient mean across 10 OARs
PRO_020,GTVp,Target,HD95,2.1005,mm,1,Prospective patient metrics,8613,H8613,direct ROI value
PRO_020,CTV1,Target,HD95,1.9024,mm,1,Prospective patient metrics,9018,H9018,direct ROI value
PRO_020,CTV2,Target,HD95,1.6852,mm,1,Prospective patient metrics,9423,H9423,direct ROI value
PRO_020,GTVn,Target,HD95,4.25,mm,1,Prospective patient metrics,9828,H9828,direct ROI value
PRO_020,Large OARs,Grouped OARs,HD95,1.177190909090909,mm,11,Prospective patient metrics,4158;4563;4968;5373;5778;6183;6588;6993;7398;7803;8208,H4158;H4563;H4968;H5373;H5778;H6183;H6588;H6993;H7398;H7803;H8208,within-patient mean across 11 OARs
PRO_020,Small OARs,Grouped OARs,HD95,0.6659299999999999,mm,10,Prospective patient metrics,108;513;918;1323;1728;2133;2538;2943;3348;3753,H108;H513;H918;H1323;H1728;H2133;H2538;H2943;H3348;H3753,within-patient mean across 10 OARs
PRO_020,GTVp,Target,ASD,1.4677,mm,1,Prospective patient metrics,8614,H8614,direct ROI value
PRO_020,CTV1,Target,ASD,1.4369,mm,1,Prospective patient metrics,9019,H9019,direct ROI value
PRO_020,CTV2,Target,ASD,1.6819,mm,1,Prospective patient metrics,9424,H9424,direct ROI value
PRO_020,GTVn,Target,ASD,3.681,mm,1,Prospective patient metrics,9829,H9829,direct ROI value
PRO_020,Large OARs,Grouped OARs,ASD,0.7777090909090909,mm,11,Prospective patient metrics,4159;4564;4969;5374;5779;6184;6589;6994;7399;7804;8209,H4159;H4564;H4969;H5374;H5779;H6184;H6589;H6994;H7399;H7804;H8209,within-patient mean across 11 OARs
PRO_020,Small OARs,Grouped OARs,ASD,0.43033,mm,10,Prospective patient metrics,109;514;919;1324;1729;2134;2539;2944;3349;3754,H109;H514;H919;H1324;H1729;H2134;H2539;H2944;H3349;H3754,within-patient mean across 10 OARs
PRO_021,GTVp,Target,DSC,0.9265,unitless,1,Prospective patient metrics,8546,H8546,direct ROI value
PRO_021,CTV1,Target,DSC,0.8838,unitless,1,Prospective patient metrics,8951,H8951,direct ROI value
PRO_021,CTV2,Target,DSC,0.8703,unitless,1,Prospective patient metrics,9356,H9356,direct ROI value
PRO_021,GTVn,Target,DSC,0.8159,unitless,1,Prospective patient metrics,9761,H9761,direct ROI value
PRO_021,Large OARs,Grouped OARs,DSC,0.9083272727272729,unitless,11,Prospective patient metrics,4091;4496;4901;5306;5711;6116;6521;6926;7331;7736;8141,H4091;H4496;H4901;H5306;H5711;H6116;H6521;H6926;H7331;H7736;H8141,within-patient mean across 11 OARs
PRO_021,Small OARs,Grouped OARs,DSC,0.90859,unitless,10,Prospective patient metrics,41;446;851;1256;1661;2066;2471;2876;3281;3686,H41;H446;H851;H1256;H1661;H2066;H2471;H2876;H3281;H3686,within-patient mean across 10 OARs
PRO_021,GTVp,Target,HD95,1.7429,mm,1,Prospective patient metrics,8547,H8547,direct ROI value
PRO_021,CTV1,Target,HD95,5.2168,mm,1,Prospective patient metrics,8952,H8952,direct ROI value
PRO_021,CTV2,Target,HD95,1.5297,mm,1,Prospective patient metrics,9357,H9357,direct ROI value
PRO_021,GTVn,Target,HD95,3.7685,mm,1,Prospective patient metrics,9762,H9762,direct ROI value
PRO_021,Large OARs,Grouped OARs,HD95,0.9246090909090909,mm,11,Prospective patient metrics,4092;4497;4902;5307;5712;6117;6522;6927;7332;7737;8142,H4092;H4497;H4902;H5307;H5712;H6117;H6522;H6927;H7332;H7737;H8142,within-patient mean across 11 OARs
PRO_021,Small OARs,Grouped OARs,HD95,0.76676,mm,10,Prospective patient metrics,42;447;852;1257;1662;2067;2472;2877;3282;3687,H42;H447;H852;H1257;H1662;H2067;H2472;H2877;H3282;H3687,within-patient mean across 10 OARs
PRO_021,GTVp,Target,ASD,1.1779,mm,1,Prospective patient metrics,8548,H8548,direct ROI value
PRO_021,CTV1,Target,ASD,1.3633,mm,1,Prospective patient metrics,8953,H8953,direct ROI value
PRO_021,CTV2,Target,ASD,1.5268,mm,1,Prospective patient metrics,9358,H9358,direct ROI value
PRO_021,GTVn,Target,ASD,2.0577,mm,1,Prospective patient metrics,9763,H9763,direct ROI value
PRO_021,Large OARs,Grouped OARs,ASD,0.7036,mm,11,Prospective patient metrics,4093;4498;4903;5308;5713;6118;6523;6928;7333;7738;8143,H4093;H4498;H4903;H5308;H5713;H6118;H6523;H6928;H7333;H7738;H8143,within-patient mean across 11 OARs
PRO_021,Small OARs,Grouped OARs,ASD,0.45799,mm,10,Prospective patient metrics,43;448;853;1258;1663;2068;2473;2878;3283;3688,H43;H448;H853;H1258;H1663;H2068;H2473;H2878;H3283;H3688,within-patient mean across 10 OARs
PRO_022,GTVp,Target,DSC,0.943,unitless,1,Prospective patient metrics,8540,H8540,direct ROI value
PRO_022,CTV1,Target,DSC,0.9097,unitless,1,Prospective patient metrics,8945,H8945,direct ROI value
PRO_022,CTV2,Target,DSC,0.8964,unitless,1,Prospective patient metrics,9350,H9350,direct ROI value
PRO_022,GTVn,Target,DSC,0.7823,unitless,1,Prospective patient metrics,9755,H9755,direct ROI value
PRO_022,Large OARs,Grouped OARs,DSC,0.9034818181818182,unitless,11,Prospective patient metrics,4085;4490;4895;5300;5705;6110;6515;6920;7325;7730;8135,H4085;H4490;H4895;H5300;H5705;H6110;H6515;H6920;H7325;H7730;H8135,within-patient mean across 11 OARs
PRO_022,Small OARs,Grouped OARs,DSC,0.9045500000000001,unitless,10,Prospective patient metrics,35;440;845;1250;1655;2060;2465;2870;3275;3680,H35;H440;H845;H1250;H1655;H2060;H2465;H2870;H3275;H3680,within-patient mean across 10 OARs
PRO_022,GTVp,Target,HD95,2.4776,mm,1,Prospective patient metrics,8541,H8541,direct ROI value
PRO_022,CTV1,Target,HD95,1.5056,mm,1,Prospective patient metrics,8946,H8946,direct ROI value
PRO_022,CTV2,Target,HD95,2.4338,mm,1,Prospective patient metrics,9351,H9351,direct ROI value
PRO_022,GTVn,Target,HD95,3.189,mm,1,Prospective patient metrics,9756,H9756,direct ROI value
PRO_022,Large OARs,Grouped OARs,HD95,1.2096727272727275,mm,11,Prospective patient metrics,4086;4491;4896;5301;5706;6111;6516;6921;7326;7731;8136,H4086;H4491;H4896;H5301;H5706;H6111;H6516;H6921;H7326;H7731;H8136,within-patient mean across 11 OARs
PRO_022,Small OARs,Grouped OARs,HD95,0.8958999999999999,mm,10,Prospective patient metrics,36;441;846;1251;1656;2061;2466;2871;3276;3681,H36;H441;H846;H1251;H1656;H2061;H2466;H2871;H3276;H3681,within-patient mean across 10 OARs
PRO_022,GTVp,Target,ASD,1.462,mm,1,Prospective patient metrics,8542,H8542,direct ROI value
PRO_022,CTV1,Target,ASD,0.727,mm,1,Prospective patient metrics,8947,H8947,direct ROI value
PRO_022,CTV2,Target,ASD,2.2884,mm,1,Prospective patient metrics,9352,H9352,direct ROI value
PRO_022,GTVn,Target,ASD,2.9808,mm,1,Prospective patient metrics,9757,H9757,direct ROI value
PRO_022,Large OARs,Grouped OARs,ASD,0.9239272727272727,mm,11,Prospective patient metrics,4087;4492;4897;5302;5707;6112;6517;6922;7327;7732;8137,H4087;H4492;H4897;H5302;H5707;H6112;H6517;H6922;H7327;H7732;H8137,within-patient mean across 11 OARs
PRO_022,Small OARs,Grouped OARs,ASD,0.44168,mm,10,Prospective patient metrics,37;442;847;1252;1657;2062;2467;2872;3277;3682,H37;H442;H847;H1252;H1657;H2062;H2467;H2872;H3277;H3682,within-patient mean across 10 OARs
PRO_023,GTVp,Target,DSC,0.9204,unitless,1,Prospective patient metrics,8552,H8552,direct ROI value
PRO_023,CTV1,Target,DSC,0.9244,unitless,1,Prospective patient metrics,8957,H8957,direct ROI value
PRO_023,CTV2,Target,DSC,0.9069,unitless,1,Prospective patient metrics,9362,H9362,direct ROI value
PRO_023,GTVn,Target,DSC,0.7953,unitless,1,Prospective patient metrics,9767,H9767,direct ROI value
PRO_023,Large OARs,Grouped OARs,DSC,0.9200272727272728,unitless,11,Prospective patient metrics,4097;4502;4907;5312;5717;6122;6527;6932;7337;7742;8147,H4097;H4502;H4907;H5312;H5717;H6122;H6527;H6932;H7337;H7742;H8147,within-patient mean across 11 OARs
PRO_023,Small OARs,Grouped OARs,DSC,0.8948500000000001,unitless,10,Prospective patient metrics,47;452;857;1262;1667;2072;2477;2882;3287;3692,H47;H452;H857;H1262;H1667;H2072;H2477;H2882;H3287;H3692,within-patient mean across 10 OARs
PRO_023,GTVp,Target,HD95,2.1821,mm,1,Prospective patient metrics,8553,H8553,direct ROI value
PRO_023,CTV1,Target,HD95,1.5928,mm,1,Prospective patient metrics,8958,H8958,direct ROI value
PRO_023,CTV2,Target,HD95,1.8758,mm,1,Prospective patient metrics,9363,H9363,direct ROI value
PRO_023,GTVn,Target,HD95,3.3097,mm,1,Prospective patient metrics,9768,H9768,direct ROI value
PRO_023,Large OARs,Grouped OARs,HD95,0.9779272727272725,mm,11,Prospective patient metrics,4098;4503;4908;5313;5718;6123;6528;6933;7338;7743;8148,H4098;H4503;H4908;H5313;H5718;H6123;H6528;H6933;H7338;H7743;H8148,within-patient mean across 11 OARs
PRO_023,Small OARs,Grouped OARs,HD95,0.74583,mm,10,Prospective patient metrics,48;453;858;1263;1668;2073;2478;2883;3288;3693,H48;H453;H858;H1263;H1668;H2073;H2478;H2883;H3288;H3693,within-patient mean across 10 OARs
PRO_023,GTVp,Target,ASD,1.3478,mm,1,Prospective patient metrics,8554,H8554,direct ROI value
PRO_023,CTV1,Target,ASD,0.5867,mm,1,Prospective patient metrics,8959,H8959,direct ROI value
PRO_023,CTV2,Target,ASD,1.7681,mm,1,Prospective patient metrics,9364,H9364,direct ROI value
PRO_023,GTVn,Target,ASD,3.0599,mm,1,Prospective patient metrics,9769,H9769,direct ROI value
PRO_023,Large OARs,Grouped OARs,ASD,0.7595272727272726,mm,11,Prospective patient metrics,4099;4504;4909;5314;5719;6124;6529;6934;7339;7744;8149,H4099;H4504;H4909;H5314;H5719;H6124;H6529;H6934;H7339;H7744;H8149,within-patient mean across 11 OARs
PRO_023,Small OARs,Grouped OARs,ASD,0.49804999999999994,mm,10,Prospective patient metrics,49;454;859;1264;1669;2074;2479;2884;3289;3694,H49;H454;H859;H1264;H1669;H2074;H2479;H2884;H3289;H3694,within-patient mean across 10 OARs
PRO_024,GTVp,Target,DSC,0.9565,unitless,1,Prospective patient metrics,8615,H8615,direct ROI value
PRO_024,CTV1,Target,DSC,0.8999,unitless,1,Prospective patient metrics,9020,H9020,direct ROI value
PRO_024,CTV2,Target,DSC,0.9295,unitless,1,Prospective patient metrics,9425,H9425,direct ROI value
PRO_024,GTVn,Target,DSC,0.8343,unitless,1,Prospective patient metrics,9830,H9830,direct ROI value
PRO_024,Large OARs,Grouped OARs,DSC,0.892790909090909,unitless,11,Prospective patient metrics,4160;4565;4970;5375;5780;6185;6590;6995;7400;7805;8210,H4160;H4565;H4970;H5375;H5780;H6185;H6590;H6995;H7400;H7805;H8210,within-patient mean across 11 OARs
PRO_024,Small OARs,Grouped OARs,DSC,0.89908,unitless,10,Prospective patient metrics,110;515;920;1325;1730;2135;2540;2945;3350;3755,H110;H515;H920;H1325;H1730;H2135;H2540;H2945;H3350;H3755,within-patient mean across 10 OARs
PRO_024,GTVp,Target,HD95,2.8495,mm,1,Prospective patient metrics,8616,H8616,direct ROI value
PRO_024,CTV1,Target,HD95,2.0651,mm,1,Prospective patient metrics,9021,H9021,direct ROI value
PRO_024,CTV2,Target,HD95,1.8948,mm,1,Prospective patient metrics,9426,H9426,direct ROI value
PRO_024,GTVn,Target,HD95,3.4128,mm,1,Prospective patient metrics,9831,H9831,direct ROI value
PRO_024,Large OARs,Grouped OARs,HD95,1.4544363636363635,mm,11,Prospective patient metrics,4161;4566;4971;5376;5781;6186;6591;6996;7401;7806;8211,H4161;H4566;H4971;H5376;H5781;H6186;H6591;H6996;H7401;H7806;H8211,within-patient mean across 11 OARs
PRO_024,Small OARs,Grouped OARs,HD95,0.89596,mm,10,Prospective patient metrics,111;516;921;1326;1731;2136;2541;2946;3351;3756,H111;H516;H921;H1326;H1731;H2136;H2541;H2946;H3351;H3756,within-patient mean across 10 OARs
PRO_024,GTVp,Target,ASD,1.1934,mm,1,Prospective patient metrics,8617,H8617,direct ROI value
PRO_024,CTV1,Target,ASD,1.9015,mm,1,Prospective patient metrics,9022,H9022,direct ROI value
PRO_024,CTV2,Target,ASD,1.1815,mm,1,Prospective patient metrics,9427,H9427,direct ROI value
PRO_024,GTVn,Target,ASD,2.641,mm,1,Prospective patient metrics,9832,H9832,direct ROI value
PRO_024,Large OARs,Grouped OARs,ASD,0.8966909090909092,mm,11,Prospective patient metrics,4162;4567;4972;5377;5782;6187;6592;6997;7402;7807;8212,H4162;H4567;H4972;H5377;H5782;H6187;H6592;H6997;H7402;H7807;H8212,within-patient mean across 11 OARs
PRO_024,Small OARs,Grouped OARs,ASD,0.5514399999999999,mm,10,Prospective patient metrics,112;517;922;1327;1732;2137;2542;2947;3352;3757,H112;H517;H922;H1327;H1732;H2137;H2542;H2947;H3352;H3757,within-patient mean across 10 OARs
PRO_025,GTVp,Target,DSC,0.9611,unitless,1,Prospective patient metrics,8621,H8621,direct ROI value
PRO_025,CTV1,Target,DSC,0.8608,unitless,1,Prospective patient metrics,9026,H9026,direct ROI value
PRO_025,CTV2,Target,DSC,0.9055,unitless,1,Prospective patient metrics,9431,H9431,direct ROI value
PRO_025,GTVn,Target,DSC,0.6737,unitless,1,Prospective patient metrics,9836,H9836,direct ROI value
PRO_025,Large OARs,Grouped OARs,DSC,0.9010636363636365,unitless,11,Prospective patient metrics,4166;4571;4976;5381;5786;6191;6596;7001;7406;7811;8216,H4166;H4571;H4976;H5381;H5786;H6191;H6596;H7001;H7406;H7811;H8216,within-patient mean across 11 OARs
PRO_025,Small OARs,Grouped OARs,DSC,0.9073599999999999,unitless,10,Prospective patient metrics,116;521;926;1331;1736;2141;2546;2951;3356;3761,H116;H521;H926;H1331;H1736;H2141;H2546;H2951;H3356;H3761,within-patient mean across 10 OARs
PRO_025,GTVp,Target,HD95,1.7288,mm,1,Prospective patient metrics,8622,H8622,direct ROI value
PRO_025,CTV1,Target,HD95,5.8261,mm,1,Prospective patient metrics,9027,H9027,direct ROI value
PRO_025,CTV2,Target,HD95,2.092,mm,1,Prospective patient metrics,9432,H9432,direct ROI value
PRO_025,GTVn,Target,HD95,6.2916,mm,1,Prospective patient metrics,9837,H9837,direct ROI value
PRO_025,Large OARs,Grouped OARs,HD95,1.0277818181818181,mm,11,Prospective patient metrics,4167;4572;4977;5382;5787;6192;6597;7002;7407;7812;8217,H4167;H4572;H4977;H5382;H5787;H6192;H6597;H7002;H7407;H7812;H8217,within-patient mean across 11 OARs
PRO_025,Small OARs,Grouped OARs,HD95,0.79298,mm,10,Prospective patient metrics,117;522;927;1332;1737;2142;2547;2952;3357;3762,H117;H522;H927;H1332;H1737;H2142;H2547;H2952;H3357;H3762,within-patient mean across 10 OARs
PRO_025,GTVp,Target,ASD,0.7228,mm,1,Prospective patient metrics,8623,H8623,direct ROI value
PRO_025,CTV1,Target,ASD,1.921,mm,1,Prospective patient metrics,9028,H9028,direct ROI value
PRO_025,CTV2,Target,ASD,2.0862,mm,1,Prospective patient metrics,9433,H9433,direct ROI value
PRO_025,GTVn,Target,ASD,3.5868,mm,1,Prospective patient metrics,9838,H9838,direct ROI value
PRO_025,Large OARs,Grouped OARs,ASD,0.7378727272727271,mm,11,Prospective patient metrics,4168;4573;4978;5383;5788;6193;6598;7003;7408;7813;8218,H4168;H4573;H4978;H5383;H5788;H6193;H6598;H7003;H7408;H7813;H8218,within-patient mean across 11 OARs
PRO_025,Small OARs,Grouped OARs,ASD,0.5227299999999999,mm,10,Prospective patient metrics,118;523;928;1333;1738;2143;2548;2953;3358;3763,H118;H523;H928;H1333;H1738;H2143;H2548;H2953;H3358;H3763,within-patient mean across 10 OARs
PRO_026,GTVp,Target,DSC,0.984,unitless,1,Prospective patient metrics,8600,H8600,direct ROI value
PRO_026,CTV1,Target,DSC,0.9272,unitless,1,Prospective patient metrics,9005,H9005,direct ROI value
PRO_026,CTV2,Target,DSC,0.8875,unitless,1,Prospective patient metrics,9410,H9410,direct ROI value
PRO_026,GTVn,Target,DSC,0.8104,unitless,1,Prospective patient metrics,9815,H9815,direct ROI value
PRO_026,Large OARs,Grouped OARs,DSC,0.912290909090909,unitless,11,Prospective patient metrics,4145;4550;4955;5360;5765;6170;6575;6980;7385;7790;8195,H4145;H4550;H4955;H5360;H5765;H6170;H6575;H6980;H7385;H7790;H8195,within-patient mean across 11 OARs
PRO_026,Small OARs,Grouped OARs,DSC,0.8976500000000002,unitless,10,Prospective patient metrics,95;500;905;1310;1715;2120;2525;2930;3335;3740,H95;H500;H905;H1310;H1715;H2120;H2525;H2930;H3335;H3740,within-patient mean across 10 OARs
PRO_026,GTVp,Target,HD95,1.5443,mm,1,Prospective patient metrics,8601,H8601,direct ROI value
PRO_026,CTV1,Target,HD95,2.0355,mm,1,Prospective patient metrics,9006,H9006,direct ROI value
PRO_026,CTV2,Target,HD95,2.6592,mm,1,Prospective patient metrics,9411,H9411,direct ROI value
PRO_026,GTVn,Target,HD95,2.8862,mm,1,Prospective patient metrics,9816,H9816,direct ROI value
PRO_026,Large OARs,Grouped OARs,HD95,0.9987818181818183,mm,11,Prospective patient metrics,4146;4551;4956;5361;5766;6171;6576;6981;7386;7791;8196,H4146;H4551;H4956;H5361;H5766;H6171;H6576;H6981;H7386;H7791;H8196,within-patient mean across 11 OARs
PRO_026,Small OARs,Grouped OARs,HD95,0.80266,mm,10,Prospective patient metrics,96;501;906;1311;1716;2121;2526;2931;3336;3741,H96;H501;H906;H1311;H1716;H2121;H2526;H2931;H3336;H3741,within-patient mean across 10 OARs
PRO_026,GTVp,Target,ASD,0.8039,mm,1,Prospective patient metrics,8602,H8602,direct ROI value
PRO_026,CTV1,Target,ASD,0.3494,mm,1,Prospective patient metrics,9007,H9007,direct ROI value
PRO_026,CTV2,Target,ASD,2.3577,mm,1,Prospective patient metrics,9412,H9412,direct ROI value
PRO_026,GTVn,Target,ASD,1.6804,mm,1,Prospective patient metrics,9817,H9817,direct ROI value
PRO_026,Large OARs,Grouped OARs,ASD,0.7302909090909092,mm,11,Prospective patient metrics,4147;4552;4957;5362;5767;6172;6577;6982;7387;7792;8197,H4147;H4552;H4957;H5362;H5767;H6172;H6577;H6982;H7387;H7792;H8197,within-patient mean across 11 OARs
PRO_026,Small OARs,Grouped OARs,ASD,0.58928,mm,10,Prospective patient metrics,97;502;907;1312;1717;2122;2527;2932;3337;3742,H97;H502;H907;H1312;H1717;H2122;H2527;H2932;H3337;H3742,within-patient mean across 10 OARs
PRO_027,GTVp,Target,DSC,0.9618,unitless,1,Prospective patient metrics,8630,H8630,direct ROI value
PRO_027,CTV1,Target,DSC,0.9036,unitless,1,Prospective patient metrics,9035,H9035,direct ROI value
PRO_027,CTV2,Target,DSC,0.9162,unitless,1,Prospective patient metrics,9440,H9440,direct ROI value
PRO_027,GTVn,Target,DSC,0.7907,unitless,1,Prospective patient metrics,9845,H9845,direct ROI value
PRO_027,Large OARs,Grouped OARs,DSC,0.9072181818181818,unitless,11,Prospective patient metrics,4175;4580;4985;5390;5795;6200;6605;7010;7415;7820;8225,H4175;H4580;H4985;H5390;H5795;H6200;H6605;H7010;H7415;H7820;H8225,within-patient mean across 11 OARs
PRO_027,Small OARs,Grouped OARs,DSC,0.89992,unitless,10,Prospective patient metrics,125;530;935;1340;1745;2150;2555;2960;3365;3770,H125;H530;H935;H1340;H1745;H2150;H2555;H2960;H3365;H3770,within-patient mean across 10 OARs
PRO_027,GTVp,Target,HD95,1.1807,mm,1,Prospective patient metrics,8631,H8631,direct ROI value
PRO_027,CTV1,Target,HD95,1.6883,mm,1,Prospective patient metrics,9036,H9036,direct ROI value
PRO_027,CTV2,Target,HD95,1.9488,mm,1,Prospective patient metrics,9441,H9441,direct ROI value
PRO_027,GTVn,Target,HD95,6.0298,mm,1,Prospective patient metrics,9846,H9846,direct ROI value
PRO_027,Large OARs,Grouped OARs,HD95,1.2696363636363637,mm,11,Prospective patient metrics,4176;4581;4986;5391;5796;6201;6606;7011;7416;7821;8226,H4176;H4581;H4986;H5391;H5796;H6201;H6606;H7011;H7416;H7821;H8226,within-patient mean across 11 OARs
PRO_027,Small OARs,Grouped OARs,HD95,0.7604900000000001,mm,10,Prospective patient metrics,126;531;936;1341;1746;2151;2556;2961;3366;3771,H126;H531;H936;H1341;H1746;H2151;H2556;H2961;H3366;H3771,within-patient mean across 10 OARs
PRO_027,GTVp,Target,ASD,0.5407,mm,1,Prospective patient metrics,8632,H8632,direct ROI value
PRO_027,CTV1,Target,ASD,0.6777,mm,1,Prospective patient metrics,9037,H9037,direct ROI value
PRO_027,CTV2,Target,ASD,1.7492,mm,1,Prospective patient metrics,9442,H9442,direct ROI value
PRO_027,GTVn,Target,ASD,5.2063,mm,1,Prospective patient metrics,9847,H9847,direct ROI value
PRO_027,Large OARs,Grouped OARs,ASD,0.7287363636363637,mm,11,Prospective patient metrics,4177;4582;4987;5392;5797;6202;6607;7012;7417;7822;8227,H4177;H4582;H4987;H5392;H5797;H6202;H6607;H7012;H7417;H7822;H8227,within-patient mean across 11 OARs
PRO_027,Small OARs,Grouped OARs,ASD,0.49474999999999997,mm,10,Prospective patient metrics,127;532;937;1342;1747;2152;2557;2962;3367;3772,H127;H532;H937;H1342;H1747;H2152;H2557;H2962;H3367;H3772,within-patient mean across 10 OARs
PRO_028,GTVp,Target,DSC,0.9385,unitless,1,Prospective patient metrics,8543,H8543,direct ROI value
PRO_028,CTV1,Target,DSC,0.8835,unitless,1,Prospective patient metrics,8948,H8948,direct ROI value
PRO_028,CTV2,Target,DSC,0.8668,unitless,1,Prospective patient metrics,9353,H9353,direct ROI value
PRO_028,GTVn,Target,DSC,0.7947,unitless,1,Prospective patient metrics,9758,H9758,direct ROI value
PRO_028,Large OARs,Grouped OARs,DSC,0.9057,unitless,11,Prospective patient metrics,4088;4493;4898;5303;5708;6113;6518;6923;7328;7733;8138,H4088;H4493;H4898;H5303;H5708;H6113;H6518;H6923;H7328;H7733;H8138,within-patient mean across 11 OARs
PRO_028,Small OARs,Grouped OARs,DSC,0.9091400000000001,unitless,10,Prospective patient metrics,38;443;848;1253;1658;2063;2468;2873;3278;3683,H38;H443;H848;H1253;H1658;H2063;H2468;H2873;H3278;H3683,within-patient mean across 10 OARs
PRO_028,GTVp,Target,HD95,2.217,mm,1,Prospective patient metrics,8544,H8544,direct ROI value
PRO_028,CTV1,Target,HD95,2.8007,mm,1,Prospective patient metrics,8949,H8949,direct ROI value
PRO_028,CTV2,Target,HD95,2.516,mm,1,Prospective patient metrics,9354,H9354,direct ROI value
PRO_028,GTVn,Target,HD95,3.3344,mm,1,Prospective patient metrics,9759,H9759,direct ROI value
PRO_028,Large OARs,Grouped OARs,HD95,1.1693545454545455,mm,11,Prospective patient metrics,4089;4494;4899;5304;5709;6114;6519;6924;7329;7734;8139,H4089;H4494;H4899;H5304;H5709;H6114;H6519;H6924;H7329;H7734;H8139,within-patient mean across 11 OARs
PRO_028,Small OARs,Grouped OARs,HD95,0.5984900000000001,mm,10,Prospective patient metrics,39;444;849;1254;1659;2064;2469;2874;3279;3684,H39;H444;H849;H1254;H1659;H2064;H2469;H2874;H3279;H3684,within-patient mean across 10 OARs
PRO_028,GTVp,Target,ASD,0.8996,mm,1,Prospective patient metrics,8545,H8545,direct ROI value
PRO_028,CTV1,Target,ASD,1.2909,mm,1,Prospective patient metrics,8950,H8950,direct ROI value
PRO_028,CTV2,Target,ASD,2.3986,mm,1,Prospective patient metrics,9355,H9355,direct ROI value
PRO_028,GTVn,Target,ASD,2.1201,mm,1,Prospective patient metrics,9760,H9760,direct ROI value
PRO_028,Large OARs,Grouped OARs,ASD,0.7777090909090909,mm,11,Prospective patient metrics,4090;4495;4900;5305;5710;6115;6520;6925;7330;7735;8140,H4090;H4495;H4900;H5305;H5710;H6115;H6520;H6925;H7330;H7735;H8140,within-patient mean across 11 OARs
PRO_028,Small OARs,Grouped OARs,ASD,0.44613,mm,10,Prospective patient metrics,40;445;850;1255;1660;2065;2470;2875;3280;3685,H40;H445;H850;H1255;H1660;H2065;H2470;H2875;H3280;H3685,within-patient mean across 10 OARs
PRO_029,GTVp,Target,DSC,0.9323,unitless,1,Prospective patient metrics,8558,H8558,direct ROI value
PRO_029,CTV1,Target,DSC,0.9133,unitless,1,Prospective patient metrics,8963,H8963,direct ROI value
PRO_029,CTV2,Target,DSC,0.9212,unitless,1,Prospective patient metrics,9368,H9368,direct ROI value
PRO_029,GTVn,Target,DSC,0.8057,unitless,1,Prospective patient metrics,9773,H9773,direct ROI value
PRO_029,Large OARs,Grouped OARs,DSC,0.8953090909090909,unitless,11,Prospective patient metrics,4103;4508;4913;5318;5723;6128;6533;6938;7343;7748;8153,H4103;H4508;H4913;H5318;H5723;H6128;H6533;H6938;H7343;H7748;H8153,within-patient mean across 11 OARs
PRO_029,Small OARs,Grouped OARs,DSC,0.9137599999999999,unitless,10,Prospective patient metrics,53;458;863;1268;1673;2078;2483;2888;3293;3698,H53;H458;H863;H1268;H1673;H2078;H2483;H2888;H3293;H3698,within-patient mean across 10 OARs
PRO_029,GTVp,Target,HD95,2.9236,mm,1,Prospective patient metrics,8559,H8559,direct ROI value
PRO_029,CTV1,Target,HD95,2.1207,mm,1,Prospective patient metrics,8964,H8964,direct ROI value
PRO_029,CTV2,Target,HD95,1.4774,mm,1,Prospective patient metrics,9369,H9369,direct ROI value
PRO_029,GTVn,Target,HD95,5.2176,mm,1,Prospective patient metrics,9774,H9774,direct ROI value
PRO_029,Large OARs,Grouped OARs,HD95,1.2085636363636363,mm,11,Prospective patient metrics,4104;4509;4914;5319;5724;6129;6534;6939;7344;7749;8154,H4104;H4509;H4914;H5319;H5724;H6129;H6534;H6939;H7344;H7749;H8154,within-patient mean across 11 OARs
PRO_029,Small OARs,Grouped OARs,HD95,0.8081800000000001,mm,10,Prospective patient metrics,54;459;864;1269;1674;2079;2484;2889;3294;3699,H54;H459;H864;H1269;H1674;H2079;H2484;H2889;H3294;H3699,within-patient mean across 10 OARs
PRO_029,GTVp,Target,ASD,1.6684,mm,1,Prospective patient metrics,8560,H8560,direct ROI value
PRO_029,CTV1,Target,ASD,0.4991,mm,1,Prospective patient metrics,8965,H8965,direct ROI value
PRO_029,CTV2,Target,ASD,1.3586,mm,1,Prospective patient metrics,9370,H9370,direct ROI value
PRO_029,GTVn,Target,ASD,3.4855,mm,1,Prospective patient metrics,9775,H9775,direct ROI value
PRO_029,Large OARs,Grouped OARs,ASD,0.9333545454545455,mm,11,Prospective patient metrics,4105;4510;4915;5320;5725;6130;6535;6940;7345;7750;8155,H4105;H4510;H4915;H5320;H5725;H6130;H6535;H6940;H7345;H7750;H8155,within-patient mean across 11 OARs
PRO_029,Small OARs,Grouped OARs,ASD,0.4922599999999999,mm,10,Prospective patient metrics,55;460;865;1270;1675;2080;2485;2890;3295;3700,H55;H460;H865;H1270;H1675;H2080;H2485;H2890;H3295;H3700,within-patient mean across 10 OARs
PRO_030,GTVp,Target,DSC,0.9472,unitless,1,Prospective patient metrics,8636,H8636,direct ROI value
PRO_030,CTV1,Target,DSC,0.9123,unitless,1,Prospective patient metrics,9041,H9041,direct ROI value
PRO_030,CTV2,Target,DSC,0.9001,unitless,1,Prospective patient metrics,9446,H9446,direct ROI value
PRO_030,GTVn,Target,DSC,0.8162,unitless,1,Prospective patient metrics,9851,H9851,direct ROI value
PRO_030,Large OARs,Grouped OARs,DSC,0.9146272727272727,unitless,11,Prospective patient metrics,4181;4586;4991;5396;5801;6206;6611;7016;7421;7826;8231,H4181;H4586;H4991;H5396;H5801;H6206;H6611;H7016;H7421;H7826;H8231,within-patient mean across 11 OARs
PRO_030,Small OARs,Grouped OARs,DSC,0.8864599999999999,unitless,10,Prospective patient metrics,131;536;941;1346;1751;2156;2561;2966;3371;3776,H131;H536;H941;H1346;H1751;H2156;H2561;H2966;H3371;H3776,within-patient mean across 10 OARs
PRO_030,GTVp,Target,HD95,1.167,mm,1,Prospective patient metrics,8637,H8637,direct ROI value
PRO_030,CTV1,Target,HD95,1.2352,mm,1,Prospective patient metrics,9042,H9042,direct ROI value
PRO_030,CTV2,Target,HD95,1.7089,mm,1,Prospective patient metrics,9447,H9447,direct ROI value
PRO_030,GTVn,Target,HD95,3.5959,mm,1,Prospective patient metrics,9852,H9852,direct ROI value
PRO_030,Large OARs,Grouped OARs,HD95,0.8825545454545455,mm,11,Prospective patient metrics,4182;4587;4992;5397;5802;6207;6612;7017;7422;7827;8232,H4182;H4587;H4992;H5397;H5802;H6207;H6612;H7017;H7422;H7827;H8232,within-patient mean across 11 OARs
PRO_030,Small OARs,Grouped OARs,HD95,0.91888,mm,10,Prospective patient metrics,132;537;942;1347;1752;2157;2562;2967;3372;3777,H132;H537;H942;H1347;H1752;H2157;H2562;H2967;H3372;H3777,within-patient mean across 10 OARs
PRO_030,GTVp,Target,ASD,0.9042,mm,1,Prospective patient metrics,8638,H8638,direct ROI value
PRO_030,CTV1,Target,ASD,0.744,mm,1,Prospective patient metrics,9043,H9043,direct ROI value
PRO_030,CTV2,Target,ASD,1.6939,mm,1,Prospective patient metrics,9448,H9448,direct ROI value
PRO_030,GTVn,Target,ASD,3.2573,mm,1,Prospective patient metrics,9853,H9853,direct ROI value
PRO_030,Large OARs,Grouped OARs,ASD,0.661309090909091,mm,11,Prospective patient metrics,4183;4588;4993;5398;5803;6208;6613;7018;7423;7828;8233,H4183;H4588;H4993;H5398;H5803;H6208;H6613;H7018;H7423;H7828;H8233,within-patient mean across 11 OARs
PRO_030,Small OARs,Grouped OARs,ASD,0.53825,mm,10,Prospective patient metrics,133;538;943;1348;1753;2158;2563;2968;3373;3778,H133;H538;H943;H1348;H1753;H2158;H2563;H2968;H3373;H3778,within-patient mean across 10 OARs
PRO_031,GTVp,Target,DSC,0.9382,unitless,1,Prospective patient metrics,8555,H8555,direct ROI value
PRO_031,CTV1,Target,DSC,0.9186,unitless,1,Prospective patient metrics,8960,H8960,direct ROI value
PRO_031,CTV2,Target,DSC,0.8825,unitless,1,Prospective patient metrics,9365,H9365,direct ROI value
PRO_031,GTVn,Target,DSC,0.7211,unitless,1,Prospective patient metrics,9770,H9770,direct ROI value
PRO_031,Large OARs,Grouped OARs,DSC,0.903109090909091,unitless,11,Prospective patient metrics,4100;4505;4910;5315;5720;6125;6530;6935;7340;7745;8150,H4100;H4505;H4910;H5315;H5720;H6125;H6530;H6935;H7340;H7745;H8150,within-patient mean across 11 OARs
PRO_031,Small OARs,Grouped OARs,DSC,0.8981300000000001,unitless,10,Prospective patient metrics,50;455;860;1265;1670;2075;2480;2885;3290;3695,H50;H455;H860;H1265;H1670;H2075;H2480;H2885;H3290;H3695,within-patient mean across 10 OARs
PRO_031,GTVp,Target,HD95,1.8954,mm,1,Prospective patient metrics,8556,H8556,direct ROI value
PRO_031,CTV1,Target,HD95,2.3525,mm,1,Prospective patient metrics,8961,H8961,direct ROI value
PRO_031,CTV2,Target,HD95,2.9615,mm,1,Prospective patient metrics,9366,H9366,direct ROI value
PRO_031,GTVn,Target,HD95,7.2123,mm,1,Prospective patient metrics,9771,H9771,direct ROI value
PRO_031,Large OARs,Grouped OARs,HD95,1.3970909090909094,mm,11,Prospective patient metrics,4101;4506;4911;5316;5721;6126;6531;6936;7341;7746;8151,H4101;H4506;H4911;H5316;H5721;H6126;H6531;H6936;H7341;H7746;H8151,within-patient mean across 11 OARs
PRO_031,Small OARs,Grouped OARs,HD95,0.83027,mm,10,Prospective patient metrics,51;456;861;1266;1671;2076;2481;2886;3291;3696,H51;H456;H861;H1266;H1671;H2076;H2481;H2886;H3291;H3696,within-patient mean across 10 OARs
PRO_031,GTVp,Target,ASD,0.928,mm,1,Prospective patient metrics,8557,H8557,direct ROI value
PRO_031,CTV1,Target,ASD,1.0281,mm,1,Prospective patient metrics,8962,H8962,direct ROI value
PRO_031,CTV2,Target,ASD,2.3522,mm,1,Prospective patient metrics,9367,H9367,direct ROI value
PRO_031,GTVn,Target,ASD,4.4752,mm,1,Prospective patient metrics,9772,H9772,direct ROI value
PRO_031,Large OARs,Grouped OARs,ASD,0.7751636363636364,mm,11,Prospective patient metrics,4102;4507;4912;5317;5722;6127;6532;6937;7342;7747;8152,H4102;H4507;H4912;H5317;H5722;H6127;H6532;H6937;H7342;H7747;H8152,within-patient mean across 11 OARs
PRO_031,Small OARs,Grouped OARs,ASD,0.55973,mm,10,Prospective patient metrics,52;457;862;1267;1672;2077;2482;2887;3292;3697,H52;H457;H862;H1267;H1672;H2077;H2482;H2887;H3292;H3697,within-patient mean across 10 OARs
PRO_032,GTVp,Target,DSC,0.9491,unitless,1,Prospective patient metrics,8642,H8642,direct ROI value
PRO_032,CTV1,Target,DSC,0.8852,unitless,1,Prospective patient metrics,9047,H9047,direct ROI value
PRO_032,CTV2,Target,DSC,0.8846,unitless,1,Prospective patient metrics,9452,H9452,direct ROI value
PRO_032,GTVn,Target,DSC,0.7799,unitless,1,Prospective patient metrics,9857,H9857,direct ROI value
PRO_032,Large OARs,Grouped OARs,DSC,0.8962363636363637,unitless,11,Prospective patient metrics,4187;4592;4997;5402;5807;6212;6617;7022;7427;7832;8237,H4187;H4592;H4997;H5402;H5807;H6212;H6617;H7022;H7427;H7832;H8237,within-patient mean across 11 OARs
PRO_032,Small OARs,Grouped OARs,DSC,0.8876200000000001,unitless,10,Prospective patient metrics,137;542;947;1352;1757;2162;2567;2972;3377;3782,H137;H542;H947;H1352;H1757;H2162;H2567;H2972;H3377;H3782,within-patient mean across 10 OARs
PRO_032,GTVp,Target,HD95,1.1454,mm,1,Prospective patient metrics,8643,H8643,direct ROI value
PRO_032,CTV1,Target,HD95,5.1301,mm,1,Prospective patient metrics,9048,H9048,direct ROI value
PRO_032,CTV2,Target,HD95,2.614,mm,1,Prospective patient metrics,9453,H9453,direct ROI value
PRO_032,GTVn,Target,HD95,4.2735,mm,1,Prospective patient metrics,9858,H9858,direct ROI value
PRO_032,Large OARs,Grouped OARs,HD95,1.2464818181818182,mm,11,Prospective patient metrics,4188;4593;4998;5403;5808;6213;6618;7023;7428;7833;8238,H4188;H4593;H4998;H5403;H5808;H6213;H6618;H7023;H7428;H7833;H8238,within-patient mean across 11 OARs
PRO_032,Small OARs,Grouped OARs,HD95,0.8795999999999999,mm,10,Prospective patient metrics,138;543;948;1353;1758;2163;2568;2973;3378;3783,H138;H543;H948;H1353;H1758;H2163;H2568;H2973;H3378;H3783,within-patient mean across 10 OARs
PRO_032,GTVp,Target,ASD,0.7387,mm,1,Prospective patient metrics,8644,H8644,direct ROI value
PRO_032,CTV1,Target,ASD,1.7635,mm,1,Prospective patient metrics,9049,H9049,direct ROI value
PRO_032,CTV2,Target,ASD,2.372,mm,1,Prospective patient metrics,9454,H9454,direct ROI value
PRO_032,GTVn,Target,ASD,2.5648,mm,1,Prospective patient metrics,9859,H9859,direct ROI value
PRO_032,Large OARs,Grouped OARs,ASD,0.9144000000000001,mm,11,Prospective patient metrics,4189;4594;4999;5404;5809;6214;6619;7024;7429;7834;8239,H4189;H4594;H4999;H5404;H5809;H6214;H6619;H7024;H7429;H7834;H8239,within-patient mean across 11 OARs
PRO_032,Small OARs,Grouped OARs,ASD,0.5271099999999999,mm,10,Prospective patient metrics,139;544;949;1354;1759;2164;2569;2974;3379;3784,H139;H544;H949;H1354;H1759;H2164;H2569;H2974;H3379;H3784,within-patient mean across 10 OARs
PRO_033,GTVp,Target,DSC,0.9366,unitless,1,Prospective patient metrics,8633,H8633,direct ROI value
PRO_033,CTV1,Target,DSC,0.9321,unitless,1,Prospective patient metrics,9038,H9038,direct ROI value
PRO_033,CTV2,Target,DSC,0.8625,unitless,1,Prospective patient metrics,9443,H9443,direct ROI value
PRO_033,GTVn,Target,DSC,0.7195,unitless,1,Prospective patient metrics,9848,H9848,direct ROI value
PRO_033,Large OARs,Grouped OARs,DSC,0.9099090909090909,unitless,11,Prospective patient metrics,4178;4583;4988;5393;5798;6203;6608;7013;7418;7823;8228,H4178;H4583;H4988;H5393;H5798;H6203;H6608;H7013;H7418;H7823;H8228,within-patient mean across 11 OARs
PRO_033,Small OARs,Grouped OARs,DSC,0.8985299999999998,unitless,10,Prospective patient metrics,128;533;938;1343;1748;2153;2558;2963;3368;3773,H128;H533;H938;H1343;H1748;H2153;H2558;H2963;H3368;H3773,within-patient mean across 10 OARs
PRO_033,GTVp,Target,HD95,0.828,mm,1,Prospective patient metrics,8634,H8634,direct ROI value
PRO_033,CTV1,Target,HD95,2.7283,mm,1,Prospective patient metrics,9039,H9039,direct ROI value
PRO_033,CTV2,Target,HD95,3.2314,mm,1,Prospective patient metrics,9444,H9444,direct ROI value
PRO_033,GTVn,Target,HD95,5.3425,mm,1,Prospective patient metrics,9849,H9849,direct ROI value
PRO_033,Large OARs,Grouped OARs,HD95,1.055818181818182,mm,11,Prospective patient metrics,4179;4584;4989;5394;5799;6204;6609;7014;7419;7824;8229,H4179;H4584;H4989;H5394;H5799;H6204;H6609;H7014;H7419;H7824;H8229,within-patient mean across 11 OARs
PRO_033,Small OARs,Grouped OARs,HD95,0.8441199999999999,mm,10,Prospective patient metrics,129;534;939;1344;1749;2154;2559;2964;3369;3774,H129;H534;H939;H1344;H1749;H2154;H2559;H2964;H3369;H3774,within-patient mean across 10 OARs
PRO_033,GTVp,Target,ASD,0.6446,mm,1,Prospective patient metrics,8635,H8635,direct ROI value
PRO_033,CTV1,Target,ASD,1.2643,mm,1,Prospective patient metrics,9040,H9040,direct ROI value
PRO_033,CTV2,Target,ASD,3.1221,mm,1,Prospective patient metrics,9445,H9445,direct ROI value
PRO_033,GTVn,Target,ASD,5.093,mm,1,Prospective patient metrics,9850,H9850,direct ROI value
PRO_033,Large OARs,Grouped OARs,ASD,0.7720909090909092,mm,11,Prospective patient metrics,4180;4585;4990;5395;5800;6205;6610;7015;7420;7825;8230,H4180;H4585;H4990;H5395;H5800;H6205;H6610;H7015;H7420;H7825;H8230,within-patient mean across 11 OARs
PRO_033,Small OARs,Grouped OARs,ASD,0.57637,mm,10,Prospective patient metrics,130;535;940;1345;1750;2155;2560;2965;3370;3775,H130;H535;H940;H1345;H1750;H2155;H2560;H2965;H3370;H3775,within-patient mean across 10 OARs
PRO_034,GTVp,Target,DSC,0.9242,unitless,1,Prospective patient metrics,8564,H8564,direct ROI value
PRO_034,CTV1,Target,DSC,0.8986,unitless,1,Prospective patient metrics,8969,H8969,direct ROI value
PRO_034,CTV2,Target,DSC,0.9084,unitless,1,Prospective patient metrics,9374,H9374,direct ROI value
PRO_034,GTVn,Target,DSC,0.7707,unitless,1,Prospective patient metrics,9779,H9779,direct ROI value
PRO_034,Large OARs,Grouped OARs,DSC,0.9087363636363635,unitless,11,Prospective patient metrics,4109;4514;4919;5324;5729;6134;6539;6944;7349;7754;8159,H4109;H4514;H4919;H5324;H5729;H6134;H6539;H6944;H7349;H7754;H8159,within-patient mean across 11 OARs
PRO_034,Small OARs,Grouped OARs,DSC,0.8966200000000001,unitless,10,Prospective patient metrics,59;464;869;1274;1679;2084;2489;2894;3299;3704,H59;H464;H869;H1274;H1679;H2084;H2489;H2894;H3299;H3704,within-patient mean across 10 OARs
PRO_034,GTVp,Target,HD95,1.8893,mm,1,Prospective patient metrics,8565,H8565,direct ROI value
PRO_034,CTV1,Target,HD95,2.1595,mm,1,Prospective patient metrics,8970,H8970,direct ROI value
PRO_034,CTV2,Target,HD95,1.4366,mm,1,Prospective patient metrics,9375,H9375,direct ROI value
PRO_034,GTVn,Target,HD95,3.6513,mm,1,Prospective patient metrics,9780,H9780,direct ROI value
PRO_034,Large OARs,Grouped OARs,HD95,1.063209090909091,mm,11,Prospective patient metrics,4110;4515;4920;5325;5730;6135;6540;6945;7350;7755;8160,H4110;H4515;H4920;H5325;H5730;H6135;H6540;H6945;H7350;H7755;H8160,within-patient mean across 11 OARs
PRO_034,Small OARs,Grouped OARs,HD95,0.79255,mm,10,Prospective patient metrics,60;465;870;1275;1680;2085;2490;2895;3300;3705,H60;H465;H870;H1275;H1680;H2085;H2490;H2895;H3300;H3705,within-patient mean across 10 OARs
PRO_034,GTVp,Target,ASD,0.7971,mm,1,Prospective patient metrics,8566,H8566,direct ROI value
PRO_034,CTV1,Target,ASD,0.9393,mm,1,Prospective patient metrics,8971,H8971,direct ROI value
PRO_034,CTV2,Target,ASD,1.4004,mm,1,Prospective patient metrics,9376,H9376,direct ROI value
PRO_034,GTVn,Target,ASD,2.9691,mm,1,Prospective patient metrics,9781,H9781,direct ROI value
PRO_034,Large OARs,Grouped OARs,ASD,0.7731636363636365,mm,11,Prospective patient metrics,4111;4516;4921;5326;5731;6136;6541;6946;7351;7756;8161,H4111;H4516;H4921;H5326;H5731;H6136;H6541;H6946;H7351;H7756;H8161,within-patient mean across 11 OARs
PRO_034,Small OARs,Grouped OARs,ASD,0.50605,mm,10,Prospective patient metrics,61;466;871;1276;1681;2086;2491;2896;3301;3706,H61;H466;H871;H1276;H1681;H2086;H2491;H2896;H3301;H3706,within-patient mean across 10 OARs
PRO_035,GTVp,Target,DSC,0.9216,unitless,1,Prospective patient metrics,8618,H8618,direct ROI value
PRO_035,CTV1,Target,DSC,0.9025,unitless,1,Prospective patient metrics,9023,H9023,direct ROI value
PRO_035,CTV2,Target,DSC,0.891,unitless,1,Prospective patient metrics,9428,H9428,direct ROI value
PRO_035,GTVn,Target,DSC,0.7761,unitless,1,Prospective patient metrics,9833,H9833,direct ROI value
PRO_035,Large OARs,Grouped OARs,DSC,0.9114454545454543,unitless,11,Prospective patient metrics,4163;4568;4973;5378;5783;6188;6593;6998;7403;7808;8213,H4163;H4568;H4973;H5378;H5783;H6188;H6593;H6998;H7403;H7808;H8213,within-patient mean across 11 OARs
PRO_035,Small OARs,Grouped OARs,DSC,0.8984,unitless,10,Prospective patient metrics,113;518;923;1328;1733;2138;2543;2948;3353;3758,H113;H518;H923;H1328;H1733;H2138;H2543;H2948;H3353;H3758,within-patient mean across 10 OARs
PRO_035,GTVp,Target,HD95,2.8748,mm,1,Prospective patient metrics,8619,H8619,direct ROI value
PRO_035,CTV1,Target,HD95,2.5965,mm,1,Prospective patient metrics,9024,H9024,direct ROI value
PRO_035,CTV2,Target,HD95,1.6923,mm,1,Prospective patient metrics,9429,H9429,direct ROI value
PRO_035,GTVn,Target,HD95,6.1535,mm,1,Prospective patient metrics,9834,H9834,direct ROI value
PRO_035,Large OARs,Grouped OARs,HD95,1.0121,mm,11,Prospective patient metrics,4164;4569;4974;5379;5784;6189;6594;6999;7404;7809;8214,H4164;H4569;H4974;H5379;H5784;H6189;H6594;H6999;H7404;H7809;H8214,within-patient mean across 11 OARs
PRO_035,Small OARs,Grouped OARs,HD95,0.69444,mm,10,Prospective patient metrics,114;519;924;1329;1734;2139;2544;2949;3354;3759,H114;H519;H924;H1329;H1734;H2139;H2544;H2949;H3354;H3759,within-patient mean across 10 OARs
PRO_035,GTVp,Target,ASD,0.9932,mm,1,Prospective patient metrics,8620,H8620,direct ROI value
PRO_035,CTV1,Target,ASD,0.7085,mm,1,Prospective patient metrics,9025,H9025,direct ROI value
PRO_035,CTV2,Target,ASD,1.6807,mm,1,Prospective patient metrics,9430,H9430,direct ROI value
PRO_035,GTVn,Target,ASD,3.5649,mm,1,Prospective patient metrics,9835,H9835,direct ROI value
PRO_035,Large OARs,Grouped OARs,ASD,0.7495636363636364,mm,11,Prospective patient metrics,4165;4570;4975;5380;5785;6190;6595;7000;7405;7810;8215,H4165;H4570;H4975;H5380;H5785;H6190;H6595;H7000;H7405;H7810;H8215,within-patient mean across 11 OARs
PRO_035,Small OARs,Grouped OARs,ASD,0.49434000000000006,mm,10,Prospective patient metrics,115;520;925;1330;1735;2140;2545;2950;3355;3760,H115;H520;H925;H1330;H1735;H2140;H2545;H2950;H3355;H3760,within-patient mean across 10 OARs
PRO_036,GTVp,Target,DSC,0.9413,unitless,1,Prospective patient metrics,8624,H8624,direct ROI value
PRO_036,CTV1,Target,DSC,0.9018,unitless,1,Prospective patient metrics,9029,H9029,direct ROI value
PRO_036,CTV2,Target,DSC,0.8773,unitless,1,Prospective patient metrics,9434,H9434,direct ROI value
PRO_036,GTVn,Target,DSC,0.828,unitless,1,Prospective patient metrics,9839,H9839,direct ROI value
PRO_036,Large OARs,Grouped OARs,DSC,0.9169636363636364,unitless,11,Prospective patient metrics,4169;4574;4979;5384;5789;6194;6599;7004;7409;7814;8219,H4169;H4574;H4979;H5384;H5789;H6194;H6599;H7004;H7409;H7814;H8219,within-patient mean across 11 OARs
PRO_036,Small OARs,Grouped OARs,DSC,0.9124800000000001,unitless,10,Prospective patient metrics,119;524;929;1334;1739;2144;2549;2954;3359;3764,H119;H524;H929;H1334;H1739;H2144;H2549;H2954;H3359;H3764,within-patient mean across 10 OARs
PRO_036,GTVp,Target,HD95,1.9405,mm,1,Prospective patient metrics,8625,H8625,direct ROI value
PRO_036,CTV1,Target,HD95,4.0396,mm,1,Prospective patient metrics,9030,H9030,direct ROI value
PRO_036,CTV2,Target,HD95,2.5523,mm,1,Prospective patient metrics,9435,H9435,direct ROI value
PRO_036,GTVn,Target,HD95,4.0043,mm,1,Prospective patient metrics,9840,H9840,direct ROI value
PRO_036,Large OARs,Grouped OARs,HD95,0.9318090909090911,mm,11,Prospective patient metrics,4170;4575;4980;5385;5790;6195;6600;7005;7410;7815;8220,H4170;H4575;H4980;H5385;H5790;H6195;H6600;H7005;H7410;H7815;H8220,within-patient mean across 11 OARs
PRO_036,Small OARs,Grouped OARs,HD95,0.63266,mm,10,Prospective patient metrics,120;525;930;1335;1740;2145;2550;2955;3360;3765,H120;H525;H930;H1335;H1740;H2145;H2550;H2955;H3360;H3765,within-patient mean across 10 OARs
PRO_036,GTVp,Target,ASD,1.4228,mm,1,Prospective patient metrics,8626,H8626,direct ROI value
PRO_036,CTV1,Target,ASD,1.1389,mm,1,Prospective patient metrics,9031,H9031,direct ROI value
PRO_036,CTV2,Target,ASD,2.5346,mm,1,Prospective patient metrics,9436,H9436,direct ROI value
PRO_036,GTVn,Target,ASD,3.0353,mm,1,Prospective patient metrics,9841,H9841,direct ROI value
PRO_036,Large OARs,Grouped OARs,ASD,0.6622090909090909,mm,11,Prospective patient metrics,4171;4576;4981;5386;5791;6196;6601;7006;7411;7816;8221,H4171;H4576;H4981;H5386;H5791;H6196;H6601;H7006;H7411;H7816;H8221,within-patient mean across 11 OARs
PRO_036,Small OARs,Grouped OARs,ASD,0.43193000000000004,mm,10,Prospective patient metrics,121;526;931;1336;1741;2146;2551;2956;3361;3766,H121;H526;H931;H1336;H1741;H2146;H2551;H2956;H3361;H3766,within-patient mean across 10 OARs
PRO_037,GTVp,Target,DSC,0.918,unitless,1,Prospective patient metrics,8567,H8567,direct ROI value
PRO_037,CTV1,Target,DSC,0.8915,unitless,1,Prospective patient metrics,8972,H8972,direct ROI value
PRO_037,CTV2,Target,DSC,0.9255,unitless,1,Prospective patient metrics,9377,H9377,direct ROI value
PRO_037,GTVn,Target,DSC,0.8068,unitless,1,Prospective patient metrics,9782,H9782,direct ROI value
PRO_037,Large OARs,Grouped OARs,DSC,0.9053818181818181,unitless,11,Prospective patient metrics,4112;4517;4922;5327;5732;6137;6542;6947;7352;7757;8162,H4112;H4517;H4922;H5327;H5732;H6137;H6542;H6947;H7352;H7757;H8162,within-patient mean across 11 OARs
PRO_037,Small OARs,Grouped OARs,DSC,0.9125200000000001,unitless,10,Prospective patient metrics,62;467;872;1277;1682;2087;2492;2897;3302;3707,H62;H467;H872;H1277;H1682;H2087;H2492;H2897;H3302;H3707,within-patient mean across 10 OARs
PRO_037,GTVp,Target,HD95,2.1511,mm,1,Prospective patient metrics,8568,H8568,direct ROI value
PRO_037,CTV1,Target,HD95,4.0061,mm,1,Prospective patient metrics,8973,H8973,direct ROI value
PRO_037,CTV2,Target,HD95,2.0748,mm,1,Prospective patient metrics,9378,H9378,direct ROI value
PRO_037,GTVn,Target,HD95,3.9788,mm,1,Prospective patient metrics,9783,H9783,direct ROI value
PRO_037,Large OARs,Grouped OARs,HD95,1.1340454545454544,mm,11,Prospective patient metrics,4113;4518;4923;5328;5733;6138;6543;6948;7353;7758;8163,H4113;H4518;H4923;H5328;H5733;H6138;H6543;H6948;H7353;H7758;H8163,within-patient mean across 11 OARs
PRO_037,Small OARs,Grouped OARs,HD95,0.8836299999999999,mm,10,Prospective patient metrics,63;468;873;1278;1683;2088;2493;2898;3303;3708,H63;H468;H873;H1278;H1683;H2088;H2493;H2898;H3303;H3708,within-patient mean across 10 OARs
PRO_037,GTVp,Target,ASD,0.8912,mm,1,Prospective patient metrics,8569,H8569,direct ROI value
PRO_037,CTV1,Target,ASD,1.4228,mm,1,Prospective patient metrics,8974,H8974,direct ROI value
PRO_037,CTV2,Target,ASD,1.2109,mm,1,Prospective patient metrics,9379,H9379,direct ROI value
PRO_037,GTVn,Target,ASD,1.8147,mm,1,Prospective patient metrics,9784,H9784,direct ROI value
PRO_037,Large OARs,Grouped OARs,ASD,0.8609727272727273,mm,11,Prospective patient metrics,4114;4519;4924;5329;5734;6139;6544;6949;7354;7759;8164,H4114;H4519;H4924;H5329;H5734;H6139;H6544;H6949;H7354;H7759;H8164,within-patient mean across 11 OARs
PRO_037,Small OARs,Grouped OARs,ASD,0.57098,mm,10,Prospective patient metrics,64;469;874;1279;1684;2089;2494;2899;3304;3709,H64;H469;H874;H1279;H1684;H2089;H2494;H2899;H3304;H3709,within-patient mean across 10 OARs
PRO_038,GTVp,Target,DSC,0.9104,unitless,1,Prospective patient metrics,8561,H8561,direct ROI value
PRO_038,CTV1,Target,DSC,0.8979,unitless,1,Prospective patient metrics,8966,H8966,direct ROI value
PRO_038,CTV2,Target,DSC,0.921,unitless,1,Prospective patient metrics,9371,H9371,direct ROI value
PRO_038,GTVn,Target,DSC,0.8322,unitless,1,Prospective patient metrics,9776,H9776,direct ROI value
PRO_038,Large OARs,Grouped OARs,DSC,0.8915090909090909,unitless,11,Prospective patient metrics,4106;4511;4916;5321;5726;6131;6536;6941;7346;7751;8156,H4106;H4511;H4916;H5321;H5726;H6131;H6536;H6941;H7346;H7751;H8156,within-patient mean across 11 OARs
PRO_038,Small OARs,Grouped OARs,DSC,0.9050900000000001,unitless,10,Prospective patient metrics,56;461;866;1271;1676;2081;2486;2891;3296;3701,H56;H461;H866;H1271;H1676;H2081;H2486;H2891;H3296;H3701,within-patient mean across 10 OARs
PRO_038,GTVp,Target,HD95,3.6273,mm,1,Prospective patient metrics,8562,H8562,direct ROI value
PRO_038,CTV1,Target,HD95,3.3695,mm,1,Prospective patient metrics,8967,H8967,direct ROI value
PRO_038,CTV2,Target,HD95,1.6583,mm,1,Prospective patient metrics,9372,H9372,direct ROI value
PRO_038,GTVn,Target,HD95,3.9211,mm,1,Prospective patient metrics,9777,H9777,direct ROI value
PRO_038,Large OARs,Grouped OARs,HD95,1.2753727272727273,mm,11,Prospective patient metrics,4107;4512;4917;5322;5727;6132;6537;6942;7347;7752;8157,H4107;H4512;H4917;H5322;H5727;H6132;H6537;H6942;H7347;H7752;H8157,within-patient mean across 11 OARs
PRO_038,Small OARs,Grouped OARs,HD95,0.7591699999999999,mm,10,Prospective patient metrics,57;462;867;1272;1677;2082;2487;2892;3297;3702,H57;H462;H867;H1272;H1677;H2082;H2487;H2892;H3297;H3702,within-patient mean across 10 OARs
PRO_038,GTVp,Target,ASD,1.6294,mm,1,Prospective patient metrics,8563,H8563,direct ROI value
PRO_038,CTV1,Target,ASD,1.0598,mm,1,Prospective patient metrics,8968,H8968,direct ROI value
PRO_038,CTV2,Target,ASD,1.5725,mm,1,Prospective patient metrics,9373,H9373,direct ROI value
PRO_038,GTVn,Target,ASD,3.084,mm,1,Prospective patient metrics,9778,H9778,direct ROI value
PRO_038,Large OARs,Grouped OARs,ASD,0.8493909090909092,mm,11,Prospective patient metrics,4108;4513;4918;5323;5728;6133;6538;6943;7348;7753;8158,H4108;H4513;H4918;H5323;H5728;H6133;H6538;H6943;H7348;H7753;H8158,within-patient mean across 11 OARs
PRO_038,Small OARs,Grouped OARs,ASD,0.51291,mm,10,Prospective patient metrics,58;463;868;1273;1678;2083;2488;2893;3298;3703,H58;H463;H868;H1273;H1678;H2083;H2488;H2893;H3298;H3703,within-patient mean across 10 OARs
PRO_039,GTVp,Target,DSC,0.9125,unitless,1,Prospective patient metrics,8645,H8645,direct ROI value
PRO_039,CTV1,Target,DSC,0.8954,unitless,1,Prospective patient metrics,9050,H9050,direct ROI value
PRO_039,CTV2,Target,DSC,0.9106,unitless,1,Prospective patient metrics,9455,H9455,direct ROI value
PRO_039,GTVn,Target,DSC,0.8029,unitless,1,Prospective patient metrics,9860,H9860,direct ROI value
PRO_039,Large OARs,Grouped OARs,DSC,0.8991,unitless,11,Prospective patient metrics,4190;4595;5000;5405;5810;6215;6620;7025;7430;7835;8240,H4190;H4595;H5000;H5405;H5810;H6215;H6620;H7025;H7430;H7835;H8240,within-patient mean across 11 OARs
PRO_039,Small OARs,Grouped OARs,DSC,0.89747,unitless,10,Prospective patient metrics,140;545;950;1355;1760;2165;2570;2975;3380;3785,H140;H545;H950;H1355;H1760;H2165;H2570;H2975;H3380;H3785,within-patient mean across 10 OARs
PRO_039,GTVp,Target,HD95,2.3431,mm,1,Prospective patient metrics,8646,H8646,direct ROI value
PRO_039,CTV1,Target,HD95,2.7688,mm,1,Prospective patient metrics,9051,H9051,direct ROI value
PRO_039,CTV2,Target,HD95,2.397,mm,1,Prospective patient metrics,9456,H9456,direct ROI value
PRO_039,GTVn,Target,HD95,4.2151,mm,1,Prospective patient metrics,9861,H9861,direct ROI value
PRO_039,Large OARs,Grouped OARs,HD95,1.087309090909091,mm,11,Prospective patient metrics,4191;4596;5001;5406;5811;6216;6621;7026;7431;7836;8241,H4191;H4596;H5001;H5406;H5811;H6216;H6621;H7026;H7431;H7836;H8241,within-patient mean across 11 OARs
PRO_039,Small OARs,Grouped OARs,HD95,0.83391,mm,10,Prospective patient metrics,141;546;951;1356;1761;2166;2571;2976;3381;3786,H141;H546;H951;H1356;H1761;H2166;H2571;H2976;H3381;H3786,within-patient mean across 10 OARs
PRO_039,GTVp,Target,ASD,1.4078,mm,1,Prospective patient metrics,8647,H8647,direct ROI value
PRO_039,CTV1,Target,ASD,1.3561,mm,1,Prospective patient metrics,9052,H9052,direct ROI value
PRO_039,CTV2,Target,ASD,1.5519,mm,1,Prospective patient metrics,9457,H9457,direct ROI value
PRO_039,GTVn,Target,ASD,3.4409,mm,1,Prospective patient metrics,9862,H9862,direct ROI value
PRO_039,Large OARs,Grouped OARs,ASD,0.8160636363636364,mm,11,Prospective patient metrics,4192;4597;5002;5407;5812;6217;6622;7027;7432;7837;8242,H4192;H4597;H5002;H5407;H5812;H6217;H6622;H7027;H7432;H7837;H8242,within-patient mean across 11 OARs
PRO_039,Small OARs,Grouped OARs,ASD,0.5865699999999999,mm,10,Prospective patient metrics,142;547;952;1357;1762;2167;2572;2977;3382;3787,H142;H547;H952;H1357;H1762;H2167;H2572;H2977;H3382;H3787,within-patient mean across 10 OARs
PRO_040,GTVp,Target,DSC,0.9239,unitless,1,Prospective patient metrics,8576,H8576,direct ROI value
PRO_040,CTV1,Target,DSC,0.8886,unitless,1,Prospective patient metrics,8981,H8981,direct ROI value
PRO_040,CTV2,Target,DSC,0.9002,unitless,1,Prospective patient metrics,9386,H9386,direct ROI value
PRO_040,GTVn,Target,DSC,0.8522,unitless,1,Prospective patient metrics,9791,H9791,direct ROI value
PRO_040,Large OARs,Grouped OARs,DSC,0.9046636363636363,unitless,11,Prospective patient metrics,4121;4526;4931;5336;5741;6146;6551;6956;7361;7766;8171,H4121;H4526;H4931;H5336;H5741;H6146;H6551;H6956;H7361;H7766;H8171,within-patient mean across 11 OARs
PRO_040,Small OARs,Grouped OARs,DSC,0.89538,unitless,10,Prospective patient metrics,71;476;881;1286;1691;2096;2501;2906;3311;3716,H71;H476;H881;H1286;H1691;H2096;H2501;H2906;H3311;H3716,within-patient mean across 10 OARs
PRO_040,GTVp,Target,HD95,2.259,mm,1,Prospective patient metrics,8577,H8577,direct ROI value
PRO_040,CTV1,Target,HD95,2.4694,mm,1,Prospective patient metrics,8982,H8982,direct ROI value
PRO_040,CTV2,Target,HD95,2.251,mm,1,Prospective patient metrics,9387,H9387,direct ROI value
PRO_040,GTVn,Target,HD95,2.7607,mm,1,Prospective patient metrics,9792,H9792,direct ROI value
PRO_040,Large OARs,Grouped OARs,HD95,1.1006909090909092,mm,11,Prospective patient metrics,4122;4527;4932;5337;5742;6147;6552;6957;7362;7767;8172,H4122;H4527;H4932;H5337;H5742;H6147;H6552;H6957;H7362;H7767;H8172,within-patient mean across 11 OARs
PRO_040,Small OARs,Grouped OARs,HD95,0.8714700000000001,mm,10,Prospective patient metrics,72;477;882;1287;1692;2097;2502;2907;3312;3717,H72;H477;H882;H1287;H1692;H2097;H2502;H2907;H3312;H3717,within-patient mean across 10 OARs
PRO_040,GTVp,Target,ASD,1.3072,mm,1,Prospective patient metrics,8578,H8578,direct ROI value
PRO_040,CTV1,Target,ASD,1.2817,mm,1,Prospective patient metrics,8983,H8983,direct ROI value
PRO_040,CTV2,Target,ASD,2.2381,mm,1,Prospective patient metrics,9388,H9388,direct ROI value
PRO_040,GTVn,Target,ASD,1.5779,mm,1,Prospective patient metrics,9793,H9793,direct ROI value
PRO_040,Large OARs,Grouped OARs,ASD,0.7669545454545456,mm,11,Prospective patient metrics,4123;4528;4933;5338;5743;6148;6553;6958;7363;7768;8173,H4123;H4528;H4933;H5338;H5743;H6148;H6553;H6958;H7363;H7768;H8173,within-patient mean across 11 OARs
PRO_040,Small OARs,Grouped OARs,ASD,0.56577,mm,10,Prospective patient metrics,73;478;883;1288;1693;2098;2503;2908;3313;3718,H73;H478;H883;H1288;H1693;H2098;H2503;H2908;H3313;H3718,within-patient mean across 10 OARs
PRO_041,GTVp,Target,DSC,0.9423,unitless,1,Prospective patient metrics,8648,H8648,direct ROI value
PRO_041,CTV1,Target,DSC,0.9848,unitless,1,Prospective patient metrics,9053,H9053,direct ROI value
PRO_041,CTV2,Target,DSC,0.8933,unitless,1,Prospective patient metrics,9458,H9458,direct ROI value
PRO_041,GTVn,Target,DSC,0.8272,unitless,1,Prospective patient metrics,9863,H9863,direct ROI value
PRO_041,Large OARs,Grouped OARs,DSC,0.9048272727272728,unitless,11,Prospective patient metrics,4193;4598;5003;5408;5813;6218;6623;7028;7433;7838;8243,H4193;H4598;H5003;H5408;H5813;H6218;H6623;H7028;H7433;H7838;H8243,within-patient mean across 11 OARs
PRO_041,Small OARs,Grouped OARs,DSC,0.92472,unitless,10,Prospective patient metrics,143;548;953;1358;1763;2168;2573;2978;3383;3788,H143;H548;H953;H1358;H1763;H2168;H2573;H2978;H3383;H3788,within-patient mean across 10 OARs
PRO_041,GTVp,Target,HD95,2.9711,mm,1,Prospective patient metrics,8649,H8649,direct ROI value
PRO_041,CTV1,Target,HD95,1.1435,mm,1,Prospective patient metrics,9054,H9054,direct ROI value
PRO_041,CTV2,Target,HD95,1.3213,mm,1,Prospective patient metrics,9459,H9459,direct ROI value
PRO_041,GTVn,Target,HD95,3.3081,mm,1,Prospective patient metrics,9864,H9864,direct ROI value
PRO_041,Large OARs,Grouped OARs,HD95,1.0645181818181817,mm,11,Prospective patient metrics,4194;4599;5004;5409;5814;6219;6624;7029;7434;7839;8244,H4194;H4599;H5004;H5409;H5814;H6219;H6624;H7029;H7434;H7839;H8244,within-patient mean across 11 OARs
PRO_041,Small OARs,Grouped OARs,HD95,0.65059,mm,10,Prospective patient metrics,144;549;954;1359;1764;2169;2574;2979;3384;3789,H144;H549;H954;H1359;H1764;H2169;H2574;H2979;H3384;H3789,within-patient mean across 10 OARs
PRO_041,GTVp,Target,ASD,0.9855,mm,1,Prospective patient metrics,8650,H8650,direct ROI value
PRO_041,CTV1,Target,ASD,0.6298,mm,1,Prospective patient metrics,9055,H9055,direct ROI value
PRO_041,CTV2,Target,ASD,1.3007,mm,1,Prospective patient metrics,9460,H9460,direct ROI value
PRO_041,GTVn,Target,ASD,2.6486,mm,1,Prospective patient metrics,9865,H9865,direct ROI value
PRO_041,Large OARs,Grouped OARs,ASD,0.8591636363636365,mm,11,Prospective patient metrics,4195;4600;5005;5410;5815;6220;6625;7030;7435;7840;8245,H4195;H4600;H5005;H5410;H5815;H6220;H6625;H7030;H7435;H7840;H8245,within-patient mean across 11 OARs
PRO_041,Small OARs,Grouped OARs,ASD,0.46071,mm,10,Prospective patient metrics,145;550;955;1360;1765;2170;2575;2980;3385;3790,H145;H550;H955;H1360;H1765;H2170;H2575;H2980;H3385;H3790,within-patient mean across 10 OARs
PRO_042,GTVp,Target,DSC,0.9609,unitless,1,Prospective patient metrics,8573,H8573,direct ROI value
PRO_042,CTV1,Target,DSC,0.9415,unitless,1,Prospective patient metrics,8978,H8978,direct ROI value
PRO_042,CTV2,Target,DSC,0.8659,unitless,1,Prospective patient metrics,9383,H9383,direct ROI value
PRO_042,GTVn,Target,DSC,0.7439,unitless,1,Prospective patient metrics,9788,H9788,direct ROI value
PRO_042,Large OARs,Grouped OARs,DSC,0.9096454545454544,unitless,11,Prospective patient metrics,4118;4523;4928;5333;5738;6143;6548;6953;7358;7763;8168,H4118;H4523;H4928;H5333;H5738;H6143;H6548;H6953;H7358;H7763;H8168,within-patient mean across 11 OARs
PRO_042,Small OARs,Grouped OARs,DSC,0.90106,unitless,10,Prospective patient metrics,68;473;878;1283;1688;2093;2498;2903;3308;3713,H68;H473;H878;H1283;H1688;H2093;H2498;H2903;H3308;H3713,within-patient mean across 10 OARs
PRO_042,GTVp,Target,HD95,1.2648,mm,1,Prospective patient metrics,8574,H8574,direct ROI value
PRO_042,CTV1,Target,HD95,1.7871,mm,1,Prospective patient metrics,8979,H8979,direct ROI value
PRO_042,CTV2,Target,HD95,2.3151,mm,1,Prospective patient metrics,9384,H9384,direct ROI value
PRO_042,GTVn,Target,HD95,4.3615,mm,1,Prospective patient metrics,9789,H9789,direct ROI value
PRO_042,Large OARs,Grouped OARs,HD95,1.0028,mm,11,Prospective patient metrics,4119;4524;4929;5334;5739;6144;6549;6954;7359;7764;8169,H4119;H4524;H4929;H5334;H5739;H6144;H6549;H6954;H7359;H7764;H8169,within-patient mean across 11 OARs
PRO_042,Small OARs,Grouped OARs,HD95,0.79704,mm,10,Prospective patient metrics,69;474;879;1284;1689;2094;2499;2904;3309;3714,H69;H474;H879;H1284;H1689;H2094;H2499;H2904;H3309;H3714,within-patient mean across 10 OARs
PRO_042,GTVp,Target,ASD,0.8901,mm,1,Prospective patient metrics,8575,H8575,direct ROI value
PRO_042,CTV1,Target,ASD,0.4542,mm,1,Prospective patient metrics,8980,H8980,direct ROI value
PRO_042,CTV2,Target,ASD,2.3007,mm,1,Prospective patient metrics,9385,H9385,direct ROI value
PRO_042,GTVn,Target,ASD,3.5794,mm,1,Prospective patient metrics,9790,H9790,direct ROI value
PRO_042,Large OARs,Grouped OARs,ASD,0.7533818181818183,mm,11,Prospective patient metrics,4120;4525;4930;5335;5740;6145;6550;6955;7360;7765;8170,H4120;H4525;H4930;H5335;H5740;H6145;H6550;H6955;H7360;H7765;H8170,within-patient mean across 11 OARs
PRO_042,Small OARs,Grouped OARs,ASD,0.41513,mm,10,Prospective patient metrics,70;475;880;1285;1690;2095;2500;2905;3310;3715,H70;H475;H880;H1285;H1690;H2095;H2500;H2905;H3310;H3715,within-patient mean across 10 OARs
PRO_043,GTVp,Target,DSC,0.9354,unitless,1,Prospective patient metrics,8582,H8582,direct ROI value
PRO_043,CTV1,Target,DSC,0.8945,unitless,1,Prospective patient metrics,8987,H8987,direct ROI value
PRO_043,CTV2,Target,DSC,0.9013,unitless,1,Prospective patient metrics,9392,H9392,direct ROI value
PRO_043,GTVn,Target,DSC,0.8249,unitless,1,Prospective patient metrics,9797,H9797,direct ROI value
PRO_043,Large OARs,Grouped OARs,DSC,0.914681818181818,unitless,11,Prospective patient metrics,4127;4532;4937;5342;5747;6152;6557;6962;7367;7772;8177,H4127;H4532;H4937;H5342;H5747;H6152;H6557;H6962;H7367;H7772;H8177,within-patient mean across 11 OARs
PRO_043,Small OARs,Grouped OARs,DSC,0.8930300000000001,unitless,10,Prospective patient metrics,77;482;887;1292;1697;2102;2507;2912;3317;3722,H77;H482;H887;H1292;H1697;H2102;H2507;H2912;H3317;H3722,within-patient mean across 10 OARs
PRO_043,GTVp,Target,HD95,1.8221,mm,1,Prospective patient metrics,8583,H8583,direct ROI value
PRO_043,CTV1,Target,HD95,1.7114,mm,1,Prospective patient metrics,8988,H8988,direct ROI value
PRO_043,CTV2,Target,HD95,1.9676,mm,1,Prospective patient metrics,9393,H9393,direct ROI value
PRO_043,GTVn,Target,HD95,2.5056,mm,1,Prospective patient metrics,9798,H9798,direct ROI value
PRO_043,Large OARs,Grouped OARs,HD95,1.0093454545454545,mm,11,Prospective patient metrics,4128;4533;4938;5343;5748;6153;6558;6963;7368;7773;8178,H4128;H4533;H4938;H5343;H5748;H6153;H6558;H6963;H7368;H7773;H8178,within-patient mean across 11 OARs
PRO_043,Small OARs,Grouped OARs,HD95,0.72948,mm,10,Prospective patient metrics,78;483;888;1293;1698;2103;2508;2913;3318;3723,H78;H483;H888;H1293;H1698;H2103;H2508;H2913;H3318;H3723,within-patient mean across 10 OARs
PRO_043,GTVp,Target,ASD,1.098,mm,1,Prospective patient metrics,8584,H8584,direct ROI value
PRO_043,CTV1,Target,ASD,0.6807,mm,1,Prospective patient metrics,8989,H8989,direct ROI value
PRO_043,CTV2,Target,ASD,1.7715,mm,1,Prospective patient metrics,9394,H9394,direct ROI value
PRO_043,GTVn,Target,ASD,2.447,mm,1,Prospective patient metrics,9799,H9799,direct ROI value
PRO_043,Large OARs,Grouped OARs,ASD,0.7011454545454546,mm,11,Prospective patient metrics,4129;4534;4939;5344;5749;6154;6559;6964;7369;7774;8179,H4129;H4534;H4939;H5344;H5749;H6154;H6559;H6964;H7369;H7774;H8179,within-patient mean across 11 OARs
PRO_043,Small OARs,Grouped OARs,ASD,0.47899,mm,10,Prospective patient metrics,79;484;889;1294;1699;2104;2509;2914;3319;3724,H79;H484;H889;H1294;H1699;H2104;H2509;H2914;H3319;H3724,within-patient mean across 10 OARs
PRO_044,GTVp,Target,DSC,0.9872,unitless,1,Prospective patient metrics,8588,H8588,direct ROI value
PRO_044,CTV1,Target,DSC,0.9226,unitless,1,Prospective patient metrics,8993,H8993,direct ROI value
PRO_044,CTV2,Target,DSC,0.9124,unitless,1,Prospective patient metrics,9398,H9398,direct ROI value
PRO_044,GTVn,Target,DSC,0.737,unitless,1,Prospective patient metrics,9803,H9803,direct ROI value
PRO_044,Large OARs,Grouped OARs,DSC,0.9200999999999998,unitless,11,Prospective patient metrics,4133;4538;4943;5348;5753;6158;6563;6968;7373;7778;8183,H4133;H4538;H4943;H5348;H5753;H6158;H6563;H6968;H7373;H7778;H8183,within-patient mean across 11 OARs
PRO_044,Small OARs,Grouped OARs,DSC,0.9081899999999999,unitless,10,Prospective patient metrics,83;488;893;1298;1703;2108;2513;2918;3323;3728,H83;H488;H893;H1298;H1703;H2108;H2513;H2918;H3323;H3728,within-patient mean across 10 OARs
PRO_044,GTVp,Target,HD95,1.2654,mm,1,Prospective patient metrics,8589,H8589,direct ROI value
PRO_044,CTV1,Target,HD95,1.7834,mm,1,Prospective patient metrics,8994,H8994,direct ROI value
PRO_044,CTV2,Target,HD95,1.6042,mm,1,Prospective patient metrics,9399,H9399,direct ROI value
PRO_044,GTVn,Target,HD95,5.4629,mm,1,Prospective patient metrics,9804,H9804,direct ROI value
PRO_044,Large OARs,Grouped OARs,HD95,1.0328545454545455,mm,11,Prospective patient metrics,4134;4539;4944;5349;5754;6159;6564;6969;7374;7779;8184,H4134;H4539;H4944;H5349;H5754;H6159;H6564;H6969;H7374;H7779;H8184,within-patient mean across 11 OARs
PRO_044,Small OARs,Grouped OARs,HD95,0.74495,mm,10,Prospective patient metrics,84;489;894;1299;1704;2109;2514;2919;3324;3729,H84;H489;H894;H1299;H1704;H2109;H2514;H2919;H3324;H3729,within-patient mean across 10 OARs
PRO_044,GTVp,Target,ASD,0.7107,mm,1,Prospective patient metrics,8590,H8590,direct ROI value
PRO_044,CTV1,Target,ASD,1.389,mm,1,Prospective patient metrics,8995,H8995,direct ROI value
PRO_044,CTV2,Target,ASD,1.5726,mm,1,Prospective patient metrics,9400,H9400,direct ROI value
PRO_044,GTVn,Target,ASD,3.8028,mm,1,Prospective patient metrics,9805,H9805,direct ROI value
PRO_044,Large OARs,Grouped OARs,ASD,0.6789181818181818,mm,11,Prospective patient metrics,4135;4540;4945;5350;5755;6160;6565;6970;7375;7780;8185,H4135;H4540;H4945;H5350;H5755;H6160;H6565;H6970;H7375;H7780;H8185,within-patient mean across 11 OARs
PRO_044,Small OARs,Grouped OARs,ASD,0.45272000000000007,mm,10,Prospective patient metrics,85;490;895;1300;1705;2110;2515;2920;3325;3730,H85;H490;H895;H1300;H1705;H2110;H2515;H2920;H3325;H3730,within-patient mean across 10 OARs
PRO_045,GTVp,Target,DSC,0.9238,unitless,1,Prospective patient metrics,8666,H8666,direct ROI value
PRO_045,CTV1,Target,DSC,0.9314,unitless,1,Prospective patient metrics,9071,H9071,direct ROI value
PRO_045,CTV2,Target,DSC,0.8888,unitless,1,Prospective patient metrics,9476,H9476,direct ROI value
PRO_045,GTVn,Target,DSC,0.7392,unitless,1,Prospective patient metrics,9881,H9881,direct ROI value
PRO_045,Large OARs,Grouped OARs,DSC,0.9067727272727274,unitless,11,Prospective patient metrics,4211;4616;5021;5426;5831;6236;6641;7046;7451;7856;8261,H4211;H4616;H5021;H5426;H5831;H6236;H6641;H7046;H7451;H7856;H8261,within-patient mean across 11 OARs
PRO_045,Small OARs,Grouped OARs,DSC,0.88792,unitless,10,Prospective patient metrics,161;566;971;1376;1781;2186;2591;2996;3401;3806,H161;H566;H971;H1376;H1781;H2186;H2591;H2996;H3401;H3806,within-patient mean across 10 OARs
PRO_045,GTVp,Target,HD95,1.4448,mm,1,Prospective patient metrics,8667,H8667,direct ROI value
PRO_045,CTV1,Target,HD95,1.5081,mm,1,Prospective patient metrics,9072,H9072,direct ROI value
PRO_045,CTV2,Target,HD95,1.9319,mm,1,Prospective patient metrics,9477,H9477,direct ROI value
PRO_045,GTVn,Target,HD95,5.411,mm,1,Prospective patient metrics,9882,H9882,direct ROI value
PRO_045,Large OARs,Grouped OARs,HD95,1.1326,mm,11,Prospective patient metrics,4212;4617;5022;5427;5832;6237;6642;7047;7452;7857;8262,H4212;H4617;H5022;H5427;H5832;H6237;H6642;H7047;H7452;H7857;H8262,within-patient mean across 11 OARs
PRO_045,Small OARs,Grouped OARs,HD95,1.03801,mm,10,Prospective patient metrics,162;567;972;1377;1782;2187;2592;2997;3402;3807,H162;H567;H972;H1377;H1782;H2187;H2592;H2997;H3402;H3807,within-patient mean across 10 OARs
PRO_045,GTVp,Target,ASD,0.7808,mm,1,Prospective patient metrics,8668,H8668,direct ROI value
PRO_045,CTV1,Target,ASD,0.9369,mm,1,Prospective patient metrics,9073,H9073,direct ROI value
PRO_045,CTV2,Target,ASD,1.9025,mm,1,Prospective patient metrics,9478,H9478,direct ROI value
PRO_045,GTVn,Target,ASD,4.2938,mm,1,Prospective patient metrics,9883,H9883,direct ROI value
PRO_045,Large OARs,Grouped OARs,ASD,0.8495363636363635,mm,11,Prospective patient metrics,4213;4618;5023;5428;5833;6238;6643;7048;7453;7858;8263,H4213;H4618;H5023;H5428;H5833;H6238;H6643;H7048;H7453;H7858;H8263,within-patient mean across 11 OARs
PRO_045,Small OARs,Grouped OARs,ASD,0.61008,mm,10,Prospective patient metrics,163;568;973;1378;1783;2188;2593;2998;3403;3808,H163;H568;H973;H1378;H1783;H2188;H2593;H2998;H3403;H3808,within-patient mean across 10 OARs
PRO_046,GTVp,Target,DSC,0.911,unitless,1,Prospective patient metrics,8585,H8585,direct ROI value
PRO_046,CTV1,Target,DSC,0.9213,unitless,1,Prospective patient metrics,8990,H8990,direct ROI value
PRO_046,CTV2,Target,DSC,0.9149,unitless,1,Prospective patient metrics,9395,H9395,direct ROI value
PRO_046,GTVn,Target,DSC,0.7478,unitless,1,Prospective patient metrics,9800,H9800,direct ROI value
PRO_046,Large OARs,Grouped OARs,DSC,0.9027181818181819,unitless,11,Prospective patient metrics,4130;4535;4940;5345;5750;6155;6560;6965;7370;7775;8180,H4130;H4535;H4940;H5345;H5750;H6155;H6560;H6965;H7370;H7775;H8180,within-patient mean across 11 OARs
PRO_046,Small OARs,Grouped OARs,DSC,0.91745,unitless,10,Prospective patient metrics,80;485;890;1295;1700;2105;2510;2915;3320;3725,H80;H485;H890;H1295;H1700;H2105;H2510;H2915;H3320;H3725,within-patient mean across 10 OARs
PRO_046,GTVp,Target,HD95,3.1746,mm,1,Prospective patient metrics,8586,H8586,direct ROI value
PRO_046,CTV1,Target,HD95,3.391,mm,1,Prospective patient metrics,8991,H8991,direct ROI value
PRO_046,CTV2,Target,HD95,1.4937,mm,1,Prospective patient metrics,9396,H9396,direct ROI value
PRO_046,GTVn,Target,HD95,7.1262,mm,1,Prospective patient metrics,9801,H9801,direct ROI value
PRO_046,Large OARs,Grouped OARs,HD95,1.0621363636363634,mm,11,Prospective patient metrics,4131;4536;4941;5346;5751;6156;6561;6966;7371;7776;8181,H4131;H4536;H4941;H5346;H5751;H6156;H6561;H6966;H7371;H7776;H8181,within-patient mean across 11 OARs
PRO_046,Small OARs,Grouped OARs,HD95,0.62232,mm,10,Prospective patient metrics,81;486;891;1296;1701;2106;2511;2916;3321;3726,H81;H486;H891;H1296;H1701;H2106;H2511;H2916;H3321;H3726,within-patient mean across 10 OARs
PRO_046,GTVp,Target,ASD,1.68,mm,1,Prospective patient metrics,8587,H8587,direct ROI value
PRO_046,CTV1,Target,ASD,0.9528,mm,1,Prospective patient metrics,8992,H8992,direct ROI value
PRO_046,CTV2,Target,ASD,1.3649,mm,1,Prospective patient metrics,9397,H9397,direct ROI value
PRO_046,GTVn,Target,ASD,2.492,mm,1,Prospective patient metrics,9802,H9802,direct ROI value
PRO_046,Large OARs,Grouped OARs,ASD,0.7711272727272728,mm,11,Prospective patient metrics,4132;4537;4942;5347;5752;6157;6562;6967;7372;7777;8182,H4132;H4537;H4942;H5347;H5752;H6157;H6562;H6967;H7372;H7777;H8182,within-patient mean across 11 OARs
PRO_046,Small OARs,Grouped OARs,ASD,0.40467999999999993,mm,10,Prospective patient metrics,82;487;892;1297;1702;2107;2512;2917;3322;3727,H82;H487;H892;H1297;H1702;H2107;H2512;H2917;H3322;H3727,within-patient mean across 10 OARs
PRO_047,GTVp,Target,DSC,0.9283,unitless,1,Prospective patient metrics,8663,H8663,direct ROI value
PRO_047,CTV1,Target,DSC,0.9152,unitless,1,Prospective patient metrics,9068,H9068,direct ROI value
PRO_047,CTV2,Target,DSC,0.91,unitless,1,Prospective patient metrics,9473,H9473,direct ROI value
PRO_047,GTVn,Target,DSC,0.816,unitless,1,Prospective patient metrics,9878,H9878,direct ROI value
PRO_047,Large OARs,Grouped OARs,DSC,0.9148454545454545,unitless,11,Prospective patient metrics,4208;4613;5018;5423;5828;6233;6638;7043;7448;7853;8258,H4208;H4613;H5018;H5423;H5828;H6233;H6638;H7043;H7448;H7853;H8258,within-patient mean across 11 OARs
PRO_047,Small OARs,Grouped OARs,DSC,0.89132,unitless,10,Prospective patient metrics,158;563;968;1373;1778;2183;2588;2993;3398;3803,H158;H563;H968;H1373;H1778;H2183;H2588;H2993;H3398;H3803,within-patient mean across 10 OARs
PRO_047,GTVp,Target,HD95,3.2035,mm,1,Prospective patient metrics,8664,H8664,direct ROI value
PRO_047,CTV1,Target,HD95,2.5632,mm,1,Prospective patient metrics,9069,H9069,direct ROI value
PRO_047,CTV2,Target,HD95,1.4451,mm,1,Prospective patient metrics,9474,H9474,direct ROI value
PRO_047,GTVn,Target,HD95,2.9705,mm,1,Prospective patient metrics,9879,H9879,direct ROI value
PRO_047,Large OARs,Grouped OARs,HD95,1.0904090909090909,mm,11,Prospective patient metrics,4209;4614;5019;5424;5829;6234;6639;7044;7449;7854;8259,H4209;H4614;H5019;H5424;H5829;H6234;H6639;H7044;H7449;H7854;H8259,within-patient mean across 11 OARs
PRO_047,Small OARs,Grouped OARs,HD95,0.7941,mm,10,Prospective patient metrics,159;564;969;1374;1779;2184;2589;2994;3399;3804,H159;H564;H969;H1374;H1779;H2184;H2589;H2994;H3399;H3804,within-patient mean across 10 OARs
PRO_047,GTVp,Target,ASD,1.9952,mm,1,Prospective patient metrics,8665,H8665,direct ROI value
PRO_047,CTV1,Target,ASD,0.5347,mm,1,Prospective patient metrics,9070,H9070,direct ROI value
PRO_047,CTV2,Target,ASD,1.3979,mm,1,Prospective patient metrics,9475,H9475,direct ROI value
PRO_047,GTVn,Target,ASD,2.7416,mm,1,Prospective patient metrics,9880,H9880,direct ROI value
PRO_047,Large OARs,Grouped OARs,ASD,0.7636727272727272,mm,11,Prospective patient metrics,4210;4615;5020;5425;5830;6235;6640;7045;7450;7855;8260,H4210;H4615;H5020;H5425;H5830;H6235;H6640;H7045;H7450;H7855;H8260,within-patient mean across 11 OARs
PRO_047,Small OARs,Grouped OARs,ASD,0.48321000000000003,mm,10,Prospective patient metrics,160;565;970;1375;1780;2185;2590;2995;3400;3805,H160;H565;H970;H1375;H1780;H2185;H2590;H2995;H3400;H3805,within-patient mean across 10 OARs
PRO_048,GTVp,Target,DSC,0.9708,unitless,1,Prospective patient metrics,8669,H8669,direct ROI value
PRO_048,CTV1,Target,DSC,0.9531,unitless,1,Prospective patient metrics,9074,H9074,direct ROI value
PRO_048,CTV2,Target,DSC,0.9268,unitless,1,Prospective patient metrics,9479,H9479,direct ROI value
PRO_048,GTVn,Target,DSC,0.7873,unitless,1,Prospective patient metrics,9884,H9884,direct ROI value
PRO_048,Large OARs,Grouped OARs,DSC,0.8954272727272727,unitless,11,Prospective patient metrics,4214;4619;5024;5429;5834;6239;6644;7049;7454;7859;8264,H4214;H4619;H5024;H5429;H5834;H6239;H6644;H7049;H7454;H7859;H8264,within-patient mean across 11 OARs
PRO_048,Small OARs,Grouped OARs,DSC,0.8979100000000001,unitless,10,Prospective patient metrics,164;569;974;1379;1784;2189;2594;2999;3404;3809,H164;H569;H974;H1379;H1784;H2189;H2594;H2999;H3404;H3809,within-patient mean across 10 OARs
PRO_048,GTVp,Target,HD95,1.3743,mm,1,Prospective patient metrics,8670,H8670,direct ROI value
PRO_048,CTV1,Target,HD95,1.5217,mm,1,Prospective patient metrics,9075,H9075,direct ROI value
PRO_048,CTV2,Target,HD95,1.7778,mm,1,Prospective patient metrics,9480,H9480,direct ROI value
PRO_048,GTVn,Target,HD95,2.3608,mm,1,Prospective patient metrics,9885,H9885,direct ROI value
PRO_048,Large OARs,Grouped OARs,HD95,1.0692818181818184,mm,11,Prospective patient metrics,4215;4620;5025;5430;5835;6240;6645;7050;7455;7860;8265,H4215;H4620;H5025;H5430;H5835;H6240;H6645;H7050;H7455;H7860;H8265,within-patient mean across 11 OARs
PRO_048,Small OARs,Grouped OARs,HD95,0.7779299999999999,mm,10,Prospective patient metrics,165;570;975;1380;1785;2190;2595;3000;3405;3810,H165;H570;H975;H1380;H1785;H2190;H2595;H3000;H3405;H3810,within-patient mean across 10 OARs
PRO_048,GTVp,Target,ASD,0.7531,mm,1,Prospective patient metrics,8671,H8671,direct ROI value
PRO_048,CTV1,Target,ASD,0.6526,mm,1,Prospective patient metrics,9076,H9076,direct ROI value
PRO_048,CTV2,Target,ASD,1.546,mm,1,Prospective patient metrics,9481,H9481,direct ROI value
PRO_048,GTVn,Target,ASD,1.6089,mm,1,Prospective patient metrics,9886,H9886,direct ROI value
PRO_048,Large OARs,Grouped OARs,ASD,0.7946363636363636,mm,11,Prospective patient metrics,4216;4621;5026;5431;5836;6241;6646;7051;7456;7861;8266,H4216;H4621;H5026;H5431;H5836;H6241;H6646;H7051;H7456;H7861;H8266,within-patient mean across 11 OARs
PRO_048,Small OARs,Grouped OARs,ASD,0.5747399999999999,mm,10,Prospective patient metrics,166;571;976;1381;1786;2191;2596;3001;3406;3811,H166;H571;H976;H1381;H1786;H2191;H2596;H3001;H3406;H3811,within-patient mean across 10 OARs
PRO_049,GTVp,Target,DSC,0.9334,unitless,1,Prospective patient metrics,8699,H8699,direct ROI value
PRO_049,CTV1,Target,DSC,0.9086,unitless,1,Prospective patient metrics,9104,H9104,direct ROI value
PRO_049,CTV2,Target,DSC,0.9136,unitless,1,Prospective patient metrics,9509,H9509,direct ROI value
PRO_049,GTVn,Target,DSC,0.8525,unitless,1,Prospective patient metrics,9914,H9914,direct ROI value
PRO_049,Large OARs,Grouped OARs,DSC,0.8984272727272727,unitless,11,Prospective patient metrics,4244;4649;5054;5459;5864;6269;6674;7079;7484;7889;8294,H4244;H4649;H5054;H5459;H5864;H6269;H6674;H7079;H7484;H7889;H8294,within-patient mean across 11 OARs
PRO_049,Small OARs,Grouped OARs,DSC,0.901,unitless,10,Prospective patient metrics,194;599;1004;1409;1814;2219;2624;3029;3434;3839,H194;H599;H1004;H1409;H1814;H2219;H2624;H3029;H3434;H3839,within-patient mean across 10 OARs
PRO_049,GTVp,Target,HD95,2.7109,mm,1,Prospective patient metrics,8700,H8700,direct ROI value
PRO_049,CTV1,Target,HD95,2.4917,mm,1,Prospective patient metrics,9105,H9105,direct ROI value
PRO_049,CTV2,Target,HD95,1.3766,mm,1,Prospective patient metrics,9510,H9510,direct ROI value
PRO_049,GTVn,Target,HD95,2.0166,mm,1,Prospective patient metrics,9915,H9915,direct ROI value
PRO_049,Large OARs,Grouped OARs,HD95,1.3388363636363636,mm,11,Prospective patient metrics,4245;4650;5055;5460;5865;6270;6675;7080;7485;7890;8295,H4245;H4650;H5055;H5460;H5865;H6270;H6675;H7080;H7485;H7890;H8295,within-patient mean across 11 OARs
PRO_049,Small OARs,Grouped OARs,HD95,0.94575,mm,10,Prospective patient metrics,195;600;1005;1410;1815;2220;2625;3030;3435;3840,H195;H600;H1005;H1410;H1815;H2220;H2625;H3030;H3435;H3840,within-patient mean across 10 OARs
PRO_049,GTVp,Target,ASD,0.9513,mm,1,Prospective patient metrics,8701,H8701,direct ROI value
PRO_049,CTV1,Target,ASD,0.8725,mm,1,Prospective patient metrics,9106,H9106,direct ROI value
PRO_049,CTV2,Target,ASD,1.3728,mm,1,Prospective patient metrics,9511,H9511,direct ROI value
PRO_049,GTVn,Target,ASD,1.8551,mm,1,Prospective patient metrics,9916,H9916,direct ROI value
PRO_049,Large OARs,Grouped OARs,ASD,0.9277090909090909,mm,11,Prospective patient metrics,4246;4651;5056;5461;5866;6271;6676;7081;7486;7891;8296,H4246;H4651;H5056;H5461;H5866;H6271;H6676;H7081;H7486;H7891;H8296,within-patient mean across 11 OARs
PRO_049,Small OARs,Grouped OARs,ASD,0.63238,mm,10,Prospective patient metrics,196;601;1006;1411;1816;2221;2626;3031;3436;3841,H196;H601;H1006;H1411;H1816;H2221;H2626;H3031;H3436;H3841,within-patient mean across 10 OARs
PRO_050,GTVp,Target,DSC,0.9391,unitless,1,Prospective patient metrics,8627,H8627,direct ROI value
PRO_050,CTV1,Target,DSC,0.9064,unitless,1,Prospective patient metrics,9032,H9032,direct ROI value
PRO_050,CTV2,Target,DSC,0.9416,unitless,1,Prospective patient metrics,9437,H9437,direct ROI value
PRO_050,GTVn,Target,DSC,0.841,unitless,1,Prospective patient metrics,9842,H9842,direct ROI value
PRO_050,Large OARs,Grouped OARs,DSC,0.9259909090909091,unitless,11,Prospective patient metrics,4172;4577;4982;5387;5792;6197;6602;7007;7412;7817;8222,H4172;H4577;H4982;H5387;H5792;H6197;H6602;H7007;H7412;H7817;H8222,within-patient mean across 11 OARs
PRO_050,Small OARs,Grouped OARs,DSC,0.8971199999999999,unitless,10,Prospective patient metrics,122;527;932;1337;1742;2147;2552;2957;3362;3767,H122;H527;H932;H1337;H1742;H2147;H2552;H2957;H3362;H3767,within-patient mean across 10 OARs
PRO_050,GTVp,Target,HD95,2.4658,mm,1,Prospective patient metrics,8628,H8628,direct ROI value
PRO_050,CTV1,Target,HD95,2.1136,mm,1,Prospective patient metrics,9033,H9033,direct ROI value
PRO_050,CTV2,Target,HD95,1.0679,mm,1,Prospective patient metrics,9438,H9438,direct ROI value
PRO_050,GTVn,Target,HD95,2.2168,mm,1,Prospective patient metrics,9843,H9843,direct ROI value
PRO_050,Large OARs,Grouped OARs,HD95,0.7461090909090907,mm,11,Prospective patient metrics,4173;4578;4983;5388;5793;6198;6603;7008;7413;7818;8223,H4173;H4578;H4983;H5388;H5793;H6198;H6603;H7008;H7413;H7818;H8223,within-patient mean across 11 OARs
PRO_050,Small OARs,Grouped OARs,HD95,0.85397,mm,10,Prospective patient metrics,123;528;933;1338;1743;2148;2553;2958;3363;3768,H123;H528;H933;H1338;H1743;H2148;H2553;H2958;H3363;H3768,within-patient mean across 10 OARs
PRO_050,GTVp,Target,ASD,0.7792,mm,1,Prospective patient metrics,8629,H8629,direct ROI value
PRO_050,CTV1,Target,ASD,1.015,mm,1,Prospective patient metrics,9034,H9034,direct ROI value
PRO_050,CTV2,Target,ASD,1.066,mm,1,Prospective patient metrics,9439,H9439,direct ROI value
PRO_050,GTVn,Target,ASD,1.8442,mm,1,Prospective patient metrics,9844,H9844,direct ROI value
PRO_050,Large OARs,Grouped OARs,ASD,0.5585818181818182,mm,11,Prospective patient metrics,4174;4579;4984;5389;5794;6199;6604;7009;7414;7819;8224,H4174;H4579;H4984;H5389;H5794;H6199;H6604;H7009;H7414;H7819;H8224,within-patient mean across 11 OARs
PRO_050,Small OARs,Grouped OARs,ASD,0.5332199999999999,mm,10,Prospective patient metrics,124;529;934;1339;1744;2149;2554;2959;3364;3769,H124;H529;H934;H1339;H1744;H2149;H2554;H2959;H3364;H3769,within-patient mean across 10 OARs
PRO_051,GTVp,Target,DSC,0.9244,unitless,1,Prospective patient metrics,8693,H8693,direct ROI value
PRO_051,CTV1,Target,DSC,0.9419,unitless,1,Prospective patient metrics,9098,H9098,direct ROI value
PRO_051,CTV2,Target,DSC,0.9065,unitless,1,Prospective patient metrics,9503,H9503,direct ROI value
PRO_051,GTVn,Target,DSC,0.7493,unitless,1,Prospective patient metrics,9908,H9908,direct ROI value
PRO_051,Large OARs,Grouped OARs,DSC,0.9056909090909091,unitless,11,Prospective patient metrics,4238;4643;5048;5453;5858;6263;6668;7073;7478;7883;8288,H4238;H4643;H5048;H5453;H5858;H6263;H6668;H7073;H7478;H7883;H8288,within-patient mean across 11 OARs
PRO_051,Small OARs,Grouped OARs,DSC,0.9036899999999999,unitless,10,Prospective patient metrics,188;593;998;1403;1808;2213;2618;3023;3428;3833,H188;H593;H998;H1403;H1808;H2213;H2618;H3023;H3428;H3833,within-patient mean across 10 OARs
PRO_051,GTVp,Target,HD95,2.2514,mm,1,Prospective patient metrics,8694,H8694,direct ROI value
PRO_051,CTV1,Target,HD95,1.2995,mm,1,Prospective patient metrics,9099,H9099,direct ROI value
PRO_051,CTV2,Target,HD95,1.4281,mm,1,Prospective patient metrics,9504,H9504,direct ROI value
PRO_051,GTVn,Target,HD95,7.5244,mm,1,Prospective patient metrics,9909,H9909,direct ROI value
PRO_051,Large OARs,Grouped OARs,HD95,1.1101454545454545,mm,11,Prospective patient metrics,4239;4644;5049;5454;5859;6264;6669;7074;7479;7884;8289,H4239;H4644;H5049;H5454;H5859;H6264;H6669;H7074;H7479;H7884;H8289,within-patient mean across 11 OARs
PRO_051,Small OARs,Grouped OARs,HD95,0.72342,mm,10,Prospective patient metrics,189;594;999;1404;1809;2214;2619;3024;3429;3834,H189;H594;H999;H1404;H1809;H2214;H2619;H3024;H3429;H3834,within-patient mean across 10 OARs
PRO_051,GTVp,Target,ASD,0.8156,mm,1,Prospective patient metrics,8695,H8695,direct ROI value
PRO_051,CTV1,Target,ASD,0.7677,mm,1,Prospective patient metrics,9100,H9100,direct ROI value
PRO_051,CTV2,Target,ASD,1.4226,mm,1,Prospective patient metrics,9505,H9505,direct ROI value
PRO_051,GTVn,Target,ASD,2.0444,mm,1,Prospective patient metrics,9910,H9910,direct ROI value
PRO_051,Large OARs,Grouped OARs,ASD,0.802909090909091,mm,11,Prospective patient metrics,4240;4645;5050;5455;5860;6265;6670;7075;7480;7885;8290,H4240;H4645;H5050;H5455;H5860;H6265;H6670;H7075;H7480;H7885;H8290,within-patient mean across 11 OARs
PRO_051,Small OARs,Grouped OARs,ASD,0.49141,mm,10,Prospective patient metrics,190;595;1000;1405;1810;2215;2620;3025;3430;3835,H190;H595;H1000;H1405;H1810;H2215;H2620;H3025;H3430;H3835,within-patient mean across 10 OARs
PRO_052,GTVp,Target,DSC,0.9211,unitless,1,Prospective patient metrics,8684,H8684,direct ROI value
PRO_052,CTV1,Target,DSC,0.9374,unitless,1,Prospective patient metrics,9089,H9089,direct ROI value
PRO_052,CTV2,Target,DSC,0.9136,unitless,1,Prospective patient metrics,9494,H9494,direct ROI value
PRO_052,GTVn,Target,DSC,0.7165,unitless,1,Prospective patient metrics,9899,H9899,direct ROI value
PRO_052,Large OARs,Grouped OARs,DSC,0.8995727272727275,unitless,11,Prospective patient metrics,4229;4634;5039;5444;5849;6254;6659;7064;7469;7874;8279,H4229;H4634;H5039;H5444;H5849;H6254;H6659;H7064;H7469;H7874;H8279,within-patient mean across 11 OARs
PRO_052,Small OARs,Grouped OARs,DSC,0.89422,unitless,10,Prospective patient metrics,179;584;989;1394;1799;2204;2609;3014;3419;3824,H179;H584;H989;H1394;H1799;H2204;H2609;H3014;H3419;H3824,within-patient mean across 10 OARs
PRO_052,GTVp,Target,HD95,1.6737,mm,1,Prospective patient metrics,8685,H8685,direct ROI value
PRO_052,CTV1,Target,HD95,1.282,mm,1,Prospective patient metrics,9090,H9090,direct ROI value
PRO_052,CTV2,Target,HD95,1.9289,mm,1,Prospective patient metrics,9495,H9495,direct ROI value
PRO_052,GTVn,Target,HD95,5.1141,mm,1,Prospective patient metrics,9900,H9900,direct ROI value
PRO_052,Large OARs,Grouped OARs,HD95,1.237718181818182,mm,11,Prospective patient metrics,4230;4635;5040;5445;5850;6255;6660;7065;7470;7875;8280,H4230;H4635;H5040;H5445;H5850;H6255;H6660;H7065;H7470;H7875;H8280,within-patient mean across 11 OARs
PRO_052,Small OARs,Grouped OARs,HD95,0.71418,mm,10,Prospective patient metrics,180;585;990;1395;1800;2205;2610;3015;3420;3825,H180;H585;H990;H1395;H1800;H2205;H2610;H3015;H3420;H3825,within-patient mean across 10 OARs
PRO_052,GTVp,Target,ASD,1.2246,mm,1,Prospective patient metrics,8686,H8686,direct ROI value
PRO_052,CTV1,Target,ASD,0.6246,mm,1,Prospective patient metrics,9091,H9091,direct ROI value
PRO_052,CTV2,Target,ASD,1.7494,mm,1,Prospective patient metrics,9496,H9496,direct ROI value
PRO_052,GTVn,Target,ASD,2.7789,mm,1,Prospective patient metrics,9901,H9901,direct ROI value
PRO_052,Large OARs,Grouped OARs,ASD,0.8384090909090909,mm,11,Prospective patient metrics,4231;4636;5041;5446;5851;6256;6661;7066;7471;7876;8281,H4231;H4636;H5041;H5446;H5851;H6256;H6661;H7066;H7471;H7876;H8281,within-patient mean across 11 OARs
PRO_052,Small OARs,Grouped OARs,ASD,0.4667800000000001,mm,10,Prospective patient metrics,181;586;991;1396;1801;2206;2611;3016;3421;3826,H181;H586;H991;H1396;H1801;H2206;H2611;H3016;H3421;H3826,within-patient mean across 10 OARs
PRO_053,GTVp,Target,DSC,0.9171,unitless,1,Prospective patient metrics,8609,H8609,direct ROI value
PRO_053,CTV1,Target,DSC,0.8984,unitless,1,Prospective patient metrics,9014,H9014,direct ROI value
PRO_053,CTV2,Target,DSC,0.9008,unitless,1,Prospective patient metrics,9419,H9419,direct ROI value
PRO_053,GTVn,Target,DSC,0.8413,unitless,1,Prospective patient metrics,9824,H9824,direct ROI value
PRO_053,Large OARs,Grouped OARs,DSC,0.9032727272727272,unitless,11,Prospective patient metrics,4154;4559;4964;5369;5774;6179;6584;6989;7394;7799;8204,H4154;H4559;H4964;H5369;H5774;H6179;H6584;H6989;H7394;H7799;H8204,within-patient mean across 11 OARs
PRO_053,Small OARs,Grouped OARs,DSC,0.89563,unitless,10,Prospective patient metrics,104;509;914;1319;1724;2129;2534;2939;3344;3749,H104;H509;H914;H1319;H1724;H2129;H2534;H2939;H3344;H3749,within-patient mean across 10 OARs
PRO_053,GTVp,Target,HD95,2.8932,mm,1,Prospective patient metrics,8610,H8610,direct ROI value
PRO_053,CTV1,Target,HD95,4.0742,mm,1,Prospective patient metrics,9015,H9015,direct ROI value
PRO_053,CTV2,Target,HD95,1.9199,mm,1,Prospective patient metrics,9420,H9420,direct ROI value
PRO_053,GTVn,Target,HD95,3.2323,mm,1,Prospective patient metrics,9825,H9825,direct ROI value
PRO_053,Large OARs,Grouped OARs,HD95,1.1423363636363637,mm,11,Prospective patient metrics,4155;4560;4965;5370;5775;6180;6585;6990;7395;7800;8205,H4155;H4560;H4965;H5370;H5775;H6180;H6585;H6990;H7395;H7800;H8205,within-patient mean across 11 OARs
PRO_053,Small OARs,Grouped OARs,HD95,0.82035,mm,10,Prospective patient metrics,105;510;915;1320;1725;2130;2535;2940;3345;3750,H105;H510;H915;H1320;H1725;H2130;H2535;H2940;H3345;H3750,within-patient mean across 10 OARs
PRO_053,GTVp,Target,ASD,1.5035,mm,1,Prospective patient metrics,8611,H8611,direct ROI value
PRO_053,CTV1,Target,ASD,1.4253,mm,1,Prospective patient metrics,9016,H9016,direct ROI value
PRO_053,CTV2,Target,ASD,1.8551,mm,1,Prospective patient metrics,9421,H9421,direct ROI value
PRO_053,GTVn,Target,ASD,2.1897,mm,1,Prospective patient metrics,9826,H9826,direct ROI value
PRO_053,Large OARs,Grouped OARs,ASD,0.7808454545454545,mm,11,Prospective patient metrics,4156;4561;4966;5371;5776;6181;6586;6991;7396;7801;8206,H4156;H4561;H4966;H5371;H5776;H6181;H6586;H6991;H7396;H7801;H8206,within-patient mean across 11 OARs
PRO_053,Small OARs,Grouped OARs,ASD,0.48751,mm,10,Prospective patient metrics,106;511;916;1321;1726;2131;2536;2941;3346;3751,H106;H511;H916;H1321;H1726;H2131;H2536;H2941;H3346;H3751,within-patient mean across 10 OARs
PRO_054,GTVp,Target,DSC,0.9764,unitless,1,Prospective patient metrics,8606,H8606,direct ROI value
PRO_054,CTV1,Target,DSC,0.9369,unitless,1,Prospective patient metrics,9011,H9011,direct ROI value
PRO_054,CTV2,Target,DSC,0.9122,unitless,1,Prospective patient metrics,9416,H9416,direct ROI value
PRO_054,GTVn,Target,DSC,0.7442,unitless,1,Prospective patient metrics,9821,H9821,direct ROI value
PRO_054,Large OARs,Grouped OARs,DSC,0.9055090909090908,unitless,11,Prospective patient metrics,4151;4556;4961;5366;5771;6176;6581;6986;7391;7796;8201,H4151;H4556;H4961;H5366;H5771;H6176;H6581;H6986;H7391;H7796;H8201,within-patient mean across 11 OARs
PRO_054,Small OARs,Grouped OARs,DSC,0.9120599999999998,unitless,10,Prospective patient metrics,101;506;911;1316;1721;2126;2531;2936;3341;3746,H101;H506;H911;H1316;H1721;H2126;H2531;H2936;H3341;H3746,within-patient mean across 10 OARs
PRO_054,GTVp,Target,HD95,1.4724,mm,1,Prospective patient metrics,8607,H8607,direct ROI value
PRO_054,CTV1,Target,HD95,2.1235,mm,1,Prospective patient metrics,9012,H9012,direct ROI value
PRO_054,CTV2,Target,HD95,2.7995,mm,1,Prospective patient metrics,9417,H9417,direct ROI value
PRO_054,GTVn,Target,HD95,4.9148,mm,1,Prospective patient metrics,9822,H9822,direct ROI value
PRO_054,Large OARs,Grouped OARs,HD95,1.1194545454545457,mm,11,Prospective patient metrics,4152;4557;4962;5367;5772;6177;6582;6987;7392;7797;8202,H4152;H4557;H4962;H5367;H5772;H6177;H6582;H6987;H7392;H7797;H8202,within-patient mean across 11 OARs
PRO_054,Small OARs,Grouped OARs,HD95,0.63534,mm,10,Prospective patient metrics,102;507;912;1317;1722;2127;2532;2937;3342;3747,H102;H507;H912;H1317;H1722;H2127;H2532;H2937;H3342;H3747,within-patient mean across 10 OARs
PRO_054,GTVp,Target,ASD,0.6912,mm,1,Prospective patient metrics,8608,H8608,direct ROI value
PRO_054,CTV1,Target,ASD,0.7753,mm,1,Prospective patient metrics,9013,H9013,direct ROI value
PRO_054,CTV2,Target,ASD,1.1103,mm,1,Prospective patient metrics,9418,H9418,direct ROI value
PRO_054,GTVn,Target,ASD,4.8914,mm,1,Prospective patient metrics,9823,H9823,direct ROI value
PRO_054,Large OARs,Grouped OARs,ASD,0.7828909090909092,mm,11,Prospective patient metrics,4153;4558;4963;5368;5773;6178;6583;6988;7393;7798;8203,H4153;H4558;H4963;H5368;H5773;H6178;H6583;H6988;H7393;H7798;H8203,within-patient mean across 11 OARs
PRO_054,Small OARs,Grouped OARs,ASD,0.4999999999999999,mm,10,Prospective patient metrics,103;508;913;1318;1723;2128;2533;2938;3343;3748,H103;H508;H913;H1318;H1723;H2128;H2533;H2938;H3343;H3748,within-patient mean across 10 OARs
PRO_055,GTVp,Target,DSC,0.9195,unitless,1,Prospective patient metrics,8639,H8639,direct ROI value
PRO_055,CTV1,Target,DSC,0.9177,unitless,1,Prospective patient metrics,9044,H9044,direct ROI value
PRO_055,CTV2,Target,DSC,0.9059,unitless,1,Prospective patient metrics,9449,H9449,direct ROI value
PRO_055,GTVn,Target,DSC,0.8337,unitless,1,Prospective patient metrics,9854,H9854,direct ROI value
PRO_055,Large OARs,Grouped OARs,DSC,0.8924818181818182,unitless,11,Prospective patient metrics,4184;4589;4994;5399;5804;6209;6614;7019;7424;7829;8234,H4184;H4589;H4994;H5399;H5804;H6209;H6614;H7019;H7424;H7829;H8234,within-patient mean across 11 OARs
PRO_055,Small OARs,Grouped OARs,DSC,0.9058499999999998,unitless,10,Prospective patient metrics,134;539;944;1349;1754;2159;2564;2969;3374;3779,H134;H539;H944;H1349;H1754;H2159;H2564;H2969;H3374;H3779,within-patient mean across 10 OARs
PRO_055,GTVp,Target,HD95,4.3524,mm,1,Prospective patient metrics,8640,H8640,direct ROI value
PRO_055,CTV1,Target,HD95,3.1274,mm,1,Prospective patient metrics,9045,H9045,direct ROI value
PRO_055,CTV2,Target,HD95,1.5365,mm,1,Prospective patient metrics,9450,H9450,direct ROI value
PRO_055,GTVn,Target,HD95,7.3984,mm,1,Prospective patient metrics,9855,H9855,direct ROI value
PRO_055,Large OARs,Grouped OARs,HD95,1.4998090909090906,mm,11,Prospective patient metrics,4185;4590;4995;5400;5805;6210;6615;7020;7425;7830;8235,H4185;H4590;H4995;H5400;H5805;H6210;H6615;H7020;H7425;H7830;H8235,within-patient mean across 11 OARs
PRO_055,Small OARs,Grouped OARs,HD95,0.71688,mm,10,Prospective patient metrics,135;540;945;1350;1755;2160;2565;2970;3375;3780,H135;H540;H945;H1350;H1755;H2160;H2565;H2970;H3375;H3780,within-patient mean across 10 OARs
PRO_055,GTVp,Target,ASD,2.0818,mm,1,Prospective patient metrics,8641,H8641,direct ROI value
PRO_055,CTV1,Target,ASD,0.7233,mm,1,Prospective patient metrics,9046,H9046,direct ROI value
PRO_055,CTV2,Target,ASD,1.5337,mm,1,Prospective patient metrics,9451,H9451,direct ROI value
PRO_055,GTVn,Target,ASD,2.661,mm,1,Prospective patient metrics,9856,H9856,direct ROI value
PRO_055,Large OARs,Grouped OARs,ASD,0.9612909090909092,mm,11,Prospective patient metrics,4186;4591;4996;5401;5806;6211;6616;7021;7426;7831;8236,H4186;H4591;H4996;H5401;H5806;H6211;H6616;H7021;H7426;H7831;H8236,within-patient mean across 11 OARs
PRO_055,Small OARs,Grouped OARs,ASD,0.44894,mm,10,Prospective patient metrics,136;541;946;1351;1756;2161;2566;2971;3376;3781,H136;H541;H946;H1351;H1756;H2161;H2566;H2971;H3376;H3781,within-patient mean across 10 OARs
PRO_056,GTVp,Target,DSC,0.9181,unitless,1,Prospective patient metrics,8711,H8711,direct ROI value
PRO_056,CTV1,Target,DSC,0.9236,unitless,1,Prospective patient metrics,9116,H9116,direct ROI value
PRO_056,CTV2,Target,DSC,0.8816,unitless,1,Prospective patient metrics,9521,H9521,direct ROI value
PRO_056,GTVn,Target,DSC,0.8049,unitless,1,Prospective patient metrics,9926,H9926,direct ROI value
PRO_056,Large OARs,Grouped OARs,DSC,0.901118181818182,unitless,11,Prospective patient metrics,4256;4661;5066;5471;5876;6281;6686;7091;7496;7901;8306,H4256;H4661;H5066;H5471;H5876;H6281;H6686;H7091;H7496;H7901;H8306,within-patient mean across 11 OARs
PRO_056,Small OARs,Grouped OARs,DSC,0.9083200000000001,unitless,10,Prospective patient metrics,206;611;1016;1421;1826;2231;2636;3041;3446;3851,H206;H611;H1016;H1421;H1826;H2231;H2636;H3041;H3446;H3851,within-patient mean across 10 OARs
PRO_056,GTVp,Target,HD95,4.2207,mm,1,Prospective patient metrics,8712,H8712,direct ROI value
PRO_056,CTV1,Target,HD95,2.5272,mm,1,Prospective patient metrics,9117,H9117,direct ROI value
PRO_056,CTV2,Target,HD95,2.1355,mm,1,Prospective patient metrics,9522,H9522,direct ROI value
PRO_056,GTVn,Target,HD95,4.1788,mm,1,Prospective patient metrics,9927,H9927,direct ROI value
PRO_056,Large OARs,Grouped OARs,HD95,1.206718181818182,mm,11,Prospective patient metrics,4257;4662;5067;5472;5877;6282;6687;7092;7497;7902;8307,H4257;H4662;H5067;H5472;H5877;H6282;H6687;H7092;H7497;H7902;H8307,within-patient mean across 11 OARs
PRO_056,Small OARs,Grouped OARs,HD95,0.70561,mm,10,Prospective patient metrics,207;612;1017;1422;1827;2232;2637;3042;3447;3852,H207;H612;H1017;H1422;H1827;H2232;H2637;H3042;H3447;H3852,within-patient mean across 10 OARs
PRO_056,GTVp,Target,ASD,2.1736,mm,1,Prospective patient metrics,8713,H8713,direct ROI value
PRO_056,CTV1,Target,ASD,0.7124,mm,1,Prospective patient metrics,9118,H9118,direct ROI value
PRO_056,CTV2,Target,ASD,2.1282,mm,1,Prospective patient metrics,9523,H9523,direct ROI value
PRO_056,GTVn,Target,ASD,3.9391,mm,1,Prospective patient metrics,9928,H9928,direct ROI value
PRO_056,Large OARs,Grouped OARs,ASD,0.7876909090909091,mm,11,Prospective patient metrics,4258;4663;5068;5473;5878;6283;6688;7093;7498;7903;8308,H4258;H4663;H5068;H5473;H5878;H6283;H6688;H7093;H7498;H7903;H8308,within-patient mean across 11 OARs
PRO_056,Small OARs,Grouped OARs,ASD,0.4709100000000001,mm,10,Prospective patient metrics,208;613;1018;1423;1828;2233;2638;3043;3448;3853,H208;H613;H1018;H1423;H1828;H2233;H2638;H3043;H3448;H3853,within-patient mean across 10 OARs
PRO_057,GTVp,Target,DSC,0.9455,unitless,1,Prospective patient metrics,8714,H8714,direct ROI value
PRO_057,CTV1,Target,DSC,0.9081,unitless,1,Prospective patient metrics,9119,H9119,direct ROI value
PRO_057,CTV2,Target,DSC,0.8861,unitless,1,Prospective patient metrics,9524,H9524,direct ROI value
PRO_057,GTVn,Target,DSC,0.8083,unitless,1,Prospective patient metrics,9929,H9929,direct ROI value
PRO_057,Large OARs,Grouped OARs,DSC,0.9061545454545455,unitless,11,Prospective patient metrics,4259;4664;5069;5474;5879;6284;6689;7094;7499;7904;8309,H4259;H4664;H5069;H5474;H5879;H6284;H6689;H7094;H7499;H7904;H8309,within-patient mean across 11 OARs
PRO_057,Small OARs,Grouped OARs,DSC,0.91396,unitless,10,Prospective patient metrics,209;614;1019;1424;1829;2234;2639;3044;3449;3854,H209;H614;H1019;H1424;H1829;H2234;H2639;H3044;H3449;H3854,within-patient mean across 10 OARs
PRO_057,GTVp,Target,HD95,2.4149,mm,1,Prospective patient metrics,8715,H8715,direct ROI value
PRO_057,CTV1,Target,HD95,2.4439,mm,1,Prospective patient metrics,9120,H9120,direct ROI value
PRO_057,CTV2,Target,HD95,2.4888,mm,1,Prospective patient metrics,9525,H9525,direct ROI value
PRO_057,GTVn,Target,HD95,4.9466,mm,1,Prospective patient metrics,9930,H9930,direct ROI value
PRO_057,Large OARs,Grouped OARs,HD95,1.070390909090909,mm,11,Prospective patient metrics,4260;4665;5070;5475;5880;6285;6690;7095;7500;7905;8310,H4260;H4665;H5070;H5475;H5880;H6285;H6690;H7095;H7500;H7905;H8310,within-patient mean across 11 OARs
PRO_057,Small OARs,Grouped OARs,HD95,0.689,mm,10,Prospective patient metrics,210;615;1020;1425;1830;2235;2640;3045;3450;3855,H210;H615;H1020;H1425;H1830;H2235;H2640;H3045;H3450;H3855,within-patient mean across 10 OARs
PRO_057,GTVp,Target,ASD,0.8073,mm,1,Prospective patient metrics,8716,H8716,direct ROI value
PRO_057,CTV1,Target,ASD,1.0728,mm,1,Prospective patient metrics,9121,H9121,direct ROI value
PRO_057,CTV2,Target,ASD,2.3949,mm,1,Prospective patient metrics,9526,H9526,direct ROI value
PRO_057,GTVn,Target,ASD,3.371,mm,1,Prospective patient metrics,9931,H9931,direct ROI value
PRO_057,Large OARs,Grouped OARs,ASD,0.7902999999999999,mm,11,Prospective patient metrics,4261;4666;5071;5476;5881;6286;6691;7096;7501;7906;8311,H4261;H4666;H5071;H5476;H5881;H6286;H6691;H7096;H7501;H7906;H8311,within-patient mean across 11 OARs
PRO_057,Small OARs,Grouped OARs,ASD,0.42106000000000005,mm,10,Prospective patient metrics,211;616;1021;1426;1831;2236;2641;3046;3451;3856,H211;H616;H1021;H1426;H1831;H2236;H2641;H3046;H3451;H3856,within-patient mean across 10 OARs
PRO_058,GTVp,Target,DSC,0.9502,unitless,1,Prospective patient metrics,8735,H8735,direct ROI value
PRO_058,CTV1,Target,DSC,0.878,unitless,1,Prospective patient metrics,9140,H9140,direct ROI value
PRO_058,CTV2,Target,DSC,0.883,unitless,1,Prospective patient metrics,9545,H9545,direct ROI value
PRO_058,GTVn,Target,DSC,0.7753,unitless,1,Prospective patient metrics,9950,H9950,direct ROI value
PRO_058,Large OARs,Grouped OARs,DSC,0.9083636363636363,unitless,11,Prospective patient metrics,4280;4685;5090;5495;5900;6305;6710;7115;7520;7925;8330,H4280;H4685;H5090;H5495;H5900;H6305;H6710;H7115;H7520;H7925;H8330,within-patient mean across 11 OARs
PRO_058,Small OARs,Grouped OARs,DSC,0.89908,unitless,10,Prospective patient metrics,230;635;1040;1445;1850;2255;2660;3065;3470;3875,H230;H635;H1040;H1445;H1850;H2255;H2660;H3065;H3470;H3875,within-patient mean across 10 OARs
PRO_058,GTVp,Target,HD95,1.1171,mm,1,Prospective patient metrics,8736,H8736,direct ROI value
PRO_058,CTV1,Target,HD95,3.0841,mm,1,Prospective patient metrics,9141,H9141,direct ROI value
PRO_058,CTV2,Target,HD95,3.4951,mm,1,Prospective patient metrics,9546,H9546,direct ROI value
PRO_058,GTVn,Target,HD95,4.2439,mm,1,Prospective patient metrics,9951,H9951,direct ROI value
PRO_058,Large OARs,Grouped OARs,HD95,1.1020454545454543,mm,11,Prospective patient metrics,4281;4686;5091;5496;5901;6306;6711;7116;7521;7926;8331,H4281;H4686;H5091;H5496;H5901;H6306;H6711;H7116;H7521;H7926;H8331,within-patient mean across 11 OARs
PRO_058,Small OARs,Grouped OARs,HD95,0.7519199999999999,mm,10,Prospective patient metrics,231;636;1041;1446;1851;2256;2661;3066;3471;3876,H231;H636;H1041;H1446;H1851;H2256;H2661;H3066;H3471;H3876,within-patient mean across 10 OARs
PRO_058,GTVp,Target,ASD,0.7967,mm,1,Prospective patient metrics,8737,H8737,direct ROI value
PRO_058,CTV1,Target,ASD,0.9118,mm,1,Prospective patient metrics,9142,H9142,direct ROI value
PRO_058,CTV2,Target,ASD,3.0094,mm,1,Prospective patient metrics,9547,H9547,direct ROI value
PRO_058,GTVn,Target,ASD,3.7913,mm,1,Prospective patient metrics,9952,H9952,direct ROI value
PRO_058,Large OARs,Grouped OARs,ASD,0.7623636363636365,mm,11,Prospective patient metrics,4282;4687;5092;5497;5902;6307;6712;7117;7522;7927;8332,H4282;H4687;H5092;H5497;H5902;H6307;H6712;H7117;H7522;H7927;H8332,within-patient mean across 11 OARs
PRO_058,Small OARs,Grouped OARs,ASD,0.51609,mm,10,Prospective patient metrics,232;637;1042;1447;1852;2257;2662;3067;3472;3877,H232;H637;H1042;H1447;H1852;H2257;H2662;H3067;H3472;H3877,within-patient mean across 10 OARs
PRO_059,GTVp,Target,DSC,0.953,unitless,1,Prospective patient metrics,8723,H8723,direct ROI value
PRO_059,CTV1,Target,DSC,0.8895,unitless,1,Prospective patient metrics,9128,H9128,direct ROI value
PRO_059,CTV2,Target,DSC,0.8653,unitless,1,Prospective patient metrics,9533,H9533,direct ROI value
PRO_059,GTVn,Target,DSC,0.723,unitless,1,Prospective patient metrics,9938,H9938,direct ROI value
PRO_059,Large OARs,Grouped OARs,DSC,0.9132727272727272,unitless,11,Prospective patient metrics,4268;4673;5078;5483;5888;6293;6698;7103;7508;7913;8318,H4268;H4673;H5078;H5483;H5888;H6293;H6698;H7103;H7508;H7913;H8318,within-patient mean across 11 OARs
PRO_059,Small OARs,Grouped OARs,DSC,0.9044899999999998,unitless,10,Prospective patient metrics,218;623;1028;1433;1838;2243;2648;3053;3458;3863,H218;H623;H1028;H1433;H1838;H2243;H2648;H3053;H3458;H3863,within-patient mean across 10 OARs
PRO_059,GTVp,Target,HD95,1.2863,mm,1,Prospective patient metrics,8724,H8724,direct ROI value
PRO_059,CTV1,Target,HD95,2.2574,mm,1,Prospective patient metrics,9129,H9129,direct ROI value
PRO_059,CTV2,Target,HD95,2.9212,mm,1,Prospective patient metrics,9534,H9534,direct ROI value
PRO_059,GTVn,Target,HD95,7.3108,mm,1,Prospective patient metrics,9939,H9939,direct ROI value
PRO_059,Large OARs,Grouped OARs,HD95,1.1219181818181818,mm,11,Prospective patient metrics,4269;4674;5079;5484;5889;6294;6699;7104;7509;7914;8319,H4269;H4674;H5079;H5484;H5889;H6294;H6699;H7104;H7509;H7914;H8319,within-patient mean across 11 OARs
PRO_059,Small OARs,Grouped OARs,HD95,0.77679,mm,10,Prospective patient metrics,219;624;1029;1434;1839;2244;2649;3054;3459;3864,H219;H624;H1029;H1434;H1839;H2244;H2649;H3054;H3459;H3864,within-patient mean across 10 OARs
PRO_059,GTVp,Target,ASD,1.0706,mm,1,Prospective patient metrics,8725,H8725,direct ROI value
PRO_059,CTV1,Target,ASD,0.8161,mm,1,Prospective patient metrics,9130,H9130,direct ROI value
PRO_059,CTV2,Target,ASD,2.8735,mm,1,Prospective patient metrics,9535,H9535,direct ROI value
PRO_059,GTVn,Target,ASD,5.1411,mm,1,Prospective patient metrics,9940,H9940,direct ROI value
PRO_059,Large OARs,Grouped OARs,ASD,0.7588363636363638,mm,11,Prospective patient metrics,4270;4675;5080;5485;5890;6295;6700;7105;7510;7915;8320,H4270;H4675;H5080;H5485;H5890;H6295;H6700;H7105;H7510;H7915;H8320,within-patient mean across 11 OARs
PRO_059,Small OARs,Grouped OARs,ASD,0.46205999999999997,mm,10,Prospective patient metrics,220;625;1030;1435;1840;2245;2650;3055;3460;3865,H220;H625;H1030;H1435;H1840;H2245;H2650;H3055;H3460;H3865,within-patient mean across 10 OARs
PRO_060,GTVp,Target,DSC,0.9474,unitless,1,Prospective patient metrics,8738,H8738,direct ROI value
PRO_060,CTV1,Target,DSC,0.9522,unitless,1,Prospective patient metrics,9143,H9143,direct ROI value
PRO_060,CTV2,Target,DSC,0.8891,unitless,1,Prospective patient metrics,9548,H9548,direct ROI value
PRO_060,GTVn,Target,DSC,0.8084,unitless,1,Prospective patient metrics,9953,H9953,direct ROI value
PRO_060,Large OARs,Grouped OARs,DSC,0.8927181818181817,unitless,11,Prospective patient metrics,4283;4688;5093;5498;5903;6308;6713;7118;7523;7928;8333,H4283;H4688;H5093;H5498;H5903;H6308;H6713;H7118;H7523;H7928;H8333,within-patient mean across 11 OARs
PRO_060,Small OARs,Grouped OARs,DSC,0.91856,unitless,10,Prospective patient metrics,233;638;1043;1448;1853;2258;2663;3068;3473;3878,H233;H638;H1043;H1448;H1853;H2258;H2663;H3068;H3473;H3878,within-patient mean across 10 OARs
PRO_060,GTVp,Target,HD95,1.155,mm,1,Prospective patient metrics,8739,H8739,direct ROI value
PRO_060,CTV1,Target,HD95,2.2317,mm,1,Prospective patient metrics,9144,H9144,direct ROI value
PRO_060,CTV2,Target,HD95,1.4981,mm,1,Prospective patient metrics,9549,H9549,direct ROI value
PRO_060,GTVn,Target,HD95,3.1289,mm,1,Prospective patient metrics,9954,H9954,direct ROI value
PRO_060,Large OARs,Grouped OARs,HD95,1.295890909090909,mm,11,Prospective patient metrics,4284;4689;5094;5499;5904;6309;6714;7119;7524;7929;8334,H4284;H4689;H5094;H5499;H5904;H6309;H6714;H7119;H7524;H7929;H8334,within-patient mean across 11 OARs
PRO_060,Small OARs,Grouped OARs,HD95,0.69281,mm,10,Prospective patient metrics,234;639;1044;1449;1854;2259;2664;3069;3474;3879,H234;H639;H1044;H1449;H1854;H2259;H2664;H3069;H3474;H3879,within-patient mean across 10 OARs
PRO_060,GTVp,Target,ASD,0.6411,mm,1,Prospective patient metrics,8740,H8740,direct ROI value
PRO_060,CTV1,Target,ASD,1.1434,mm,1,Prospective patient metrics,9145,H9145,direct ROI value
PRO_060,CTV2,Target,ASD,1.4652,mm,1,Prospective patient metrics,9550,H9550,direct ROI value
PRO_060,GTVn,Target,ASD,2.8725,mm,1,Prospective patient metrics,9955,H9955,direct ROI value
PRO_060,Large OARs,Grouped OARs,ASD,0.8784727272727273,mm,11,Prospective patient metrics,4285;4690;5095;5500;5905;6310;6715;7120;7525;7930;8335,H4285;H4690;H5095;H5500;H5905;H6310;H6715;H7120;H7525;H7930;H8335,within-patient mean across 11 OARs
PRO_060,Small OARs,Grouped OARs,ASD,0.45764000000000005,mm,10,Prospective patient metrics,235;640;1045;1450;1855;2260;2665;3070;3475;3880,H235;H640;H1045;H1450;H1855;H2260;H2665;H3070;H3475;H3880,within-patient mean across 10 OARs
PRO_061,GTVp,Target,DSC,0.8809,unitless,1,Prospective patient metrics,8741,H8741,direct ROI value
PRO_061,CTV1,Target,DSC,0.9471,unitless,1,Prospective patient metrics,9146,H9146,direct ROI value
PRO_061,CTV2,Target,DSC,0.8968,unitless,1,Prospective patient metrics,9551,H9551,direct ROI value
PRO_061,GTVn,Target,DSC,0.7403,unitless,1,Prospective patient metrics,9956,H9956,direct ROI value
PRO_061,Large OARs,Grouped OARs,DSC,0.8916181818181819,unitless,11,Prospective patient metrics,4286;4691;5096;5501;5906;6311;6716;7121;7526;7931;8336,H4286;H4691;H5096;H5501;H5906;H6311;H6716;H7121;H7526;H7931;H8336,within-patient mean across 11 OARs
PRO_061,Small OARs,Grouped OARs,DSC,0.9093300000000001,unitless,10,Prospective patient metrics,236;641;1046;1451;1856;2261;2666;3071;3476;3881,H236;H641;H1046;H1451;H1856;H2261;H2666;H3071;H3476;H3881,within-patient mean across 10 OARs
PRO_061,GTVp,Target,HD95,2.75,mm,1,Prospective patient metrics,8742,H8742,direct ROI value
PRO_061,CTV1,Target,HD95,1.2813,mm,1,Prospective patient metrics,9147,H9147,direct ROI value
PRO_061,CTV2,Target,HD95,2.3731,mm,1,Prospective patient metrics,9552,H9552,direct ROI value
PRO_061,GTVn,Target,HD95,4.9538,mm,1,Prospective patient metrics,9957,H9957,direct ROI value
PRO_061,Large OARs,Grouped OARs,HD95,1.2499090909090909,mm,11,Prospective patient metrics,4287;4692;5097;5502;5907;6312;6717;7122;7527;7932;8337,H4287;H4692;H5097;H5502;H5907;H6312;H6717;H7122;H7527;H7932;H8337,within-patient mean across 11 OARs
PRO_061,Small OARs,Grouped OARs,HD95,0.7685299999999999,mm,10,Prospective patient metrics,237;642;1047;1452;1857;2262;2667;3072;3477;3882,H237;H642;H1047;H1452;H1857;H2262;H2667;H3072;H3477;H3882,within-patient mean across 10 OARs
PRO_061,GTVp,Target,ASD,1.6387,mm,1,Prospective patient metrics,8743,H8743,direct ROI value
PRO_061,CTV1,Target,ASD,0.7976,mm,1,Prospective patient metrics,9148,H9148,direct ROI value
PRO_061,CTV2,Target,ASD,2.3174,mm,1,Prospective patient metrics,9553,H9553,direct ROI value
PRO_061,GTVn,Target,ASD,3.4095,mm,1,Prospective patient metrics,9958,H9958,direct ROI value
PRO_061,Large OARs,Grouped OARs,ASD,0.8236181818181817,mm,11,Prospective patient metrics,4288;4693;5098;5503;5908;6313;6718;7123;7528;7933;8338,H4288;H4693;H5098;H5503;H5908;H6313;H6718;H7123;H7528;H7933;H8338,within-patient mean across 11 OARs
PRO_061,Small OARs,Grouped OARs,ASD,0.5147999999999999,mm,10,Prospective patient metrics,238;643;1048;1453;1858;2263;2668;3073;3478;3883,H238;H643;H1048;H1453;H1858;H2263;H2668;H3073;H3478;H3883,within-patient mean across 10 OARs
PRO_062,GTVp,Target,DSC,0.9382,unitless,1,Prospective patient metrics,8753,H8753,direct ROI value
PRO_062,CTV1,Target,DSC,0.9349,unitless,1,Prospective patient metrics,9158,H9158,direct ROI value
PRO_062,CTV2,Target,DSC,0.8825,unitless,1,Prospective patient metrics,9563,H9563,direct ROI value
PRO_062,GTVn,Target,DSC,0.8875,unitless,1,Prospective patient metrics,9968,H9968,direct ROI value
PRO_062,Large OARs,Grouped OARs,DSC,0.9130363636363635,unitless,11,Prospective patient metrics,4298;4703;5108;5513;5918;6323;6728;7133;7538;7943;8348,H4298;H4703;H5108;H5513;H5918;H6323;H6728;H7133;H7538;H7943;H8348,within-patient mean across 11 OARs
PRO_062,Small OARs,Grouped OARs,DSC,0.9094099999999999,unitless,10,Prospective patient metrics,248;653;1058;1463;1868;2273;2678;3083;3488;3893,H248;H653;H1058;H1463;H1868;H2273;H2678;H3083;H3488;H3893,within-patient mean across 10 OARs
PRO_062,GTVp,Target,HD95,2.954,mm,1,Prospective patient metrics,8754,H8754,direct ROI value
PRO_062,CTV1,Target,HD95,2.2736,mm,1,Prospective patient metrics,9159,H9159,direct ROI value
PRO_062,CTV2,Target,HD95,3.5927,mm,1,Prospective patient metrics,9564,H9564,direct ROI value
PRO_062,GTVn,Target,HD95,2.0471,mm,1,Prospective patient metrics,9969,H9969,direct ROI value
PRO_062,Large OARs,Grouped OARs,HD95,1.0749454545454546,mm,11,Prospective patient metrics,4299;4704;5109;5514;5919;6324;6729;7134;7539;7944;8349,H4299;H4704;H5109;H5514;H5919;H6324;H6729;H7134;H7539;H7944;H8349,within-patient mean across 11 OARs
PRO_062,Small OARs,Grouped OARs,HD95,0.64962,mm,10,Prospective patient metrics,249;654;1059;1464;1869;2274;2679;3084;3489;3894,H249;H654;H1059;H1464;H1869;H2274;H2679;H3084;H3489;H3894,within-patient mean across 10 OARs
PRO_062,GTVp,Target,ASD,1.7031,mm,1,Prospective patient metrics,8755,H8755,direct ROI value
PRO_062,CTV1,Target,ASD,0.703,mm,1,Prospective patient metrics,9160,H9160,direct ROI value
PRO_062,CTV2,Target,ASD,1.6602,mm,1,Prospective patient metrics,9565,H9565,direct ROI value
PRO_062,GTVn,Target,ASD,1.9412,mm,1,Prospective patient metrics,9970,H9970,direct ROI value
PRO_062,Large OARs,Grouped OARs,ASD,0.6229272727272727,mm,11,Prospective patient metrics,4300;4705;5110;5515;5920;6325;6730;7135;7540;7945;8350,H4300;H4705;H5110;H5515;H5920;H6325;H6730;H7135;H7540;H7945;H8350,within-patient mean across 11 OARs
PRO_062,Small OARs,Grouped OARs,ASD,0.47684999999999994,mm,10,Prospective patient metrics,250;655;1060;1465;1870;2275;2680;3085;3490;3895,H250;H655;H1060;H1465;H1870;H2275;H2680;H3085;H3490;H3895,within-patient mean across 10 OARs
PRO_063,GTVp,Target,DSC,0.9128,unitless,1,Prospective patient metrics,8651,H8651,direct ROI value
PRO_063,CTV1,Target,DSC,0.9187,unitless,1,Prospective patient metrics,9056,H9056,direct ROI value
PRO_063,CTV2,Target,DSC,0.8963,unitless,1,Prospective patient metrics,9461,H9461,direct ROI value
PRO_063,GTVn,Target,DSC,0.7821,unitless,1,Prospective patient metrics,9866,H9866,direct ROI value
PRO_063,Large OARs,Grouped OARs,DSC,0.9028999999999999,unitless,11,Prospective patient metrics,4196;4601;5006;5411;5816;6221;6626;7031;7436;7841;8246,H4196;H4601;H5006;H5411;H5816;H6221;H6626;H7031;H7436;H7841;H8246,within-patient mean across 11 OARs
PRO_063,Small OARs,Grouped OARs,DSC,0.9084300000000001,unitless,10,Prospective patient metrics,146;551;956;1361;1766;2171;2576;2981;3386;3791,H146;H551;H956;H1361;H1766;H2171;H2576;H2981;H3386;H3791,within-patient mean across 10 OARs
PRO_063,GTVp,Target,HD95,1.2799,mm,1,Prospective patient metrics,8652,H8652,direct ROI value
PRO_063,CTV1,Target,HD95,3.0881,mm,1,Prospective patient metrics,9057,H9057,direct ROI value
PRO_063,CTV2,Target,HD95,2.6464,mm,1,Prospective patient metrics,9462,H9462,direct ROI value
PRO_063,GTVn,Target,HD95,4.294,mm,1,Prospective patient metrics,9867,H9867,direct ROI value
PRO_063,Large OARs,Grouped OARs,HD95,1.2528454545454544,mm,11,Prospective patient metrics,4197;4602;5007;5412;5817;6222;6627;7032;7437;7842;8247,H4197;H4602;H5007;H5412;H5817;H6222;H6627;H7032;H7437;H7842;H8247,within-patient mean across 11 OARs
PRO_063,Small OARs,Grouped OARs,HD95,0.83062,mm,10,Prospective patient metrics,147;552;957;1362;1767;2172;2577;2982;3387;3792,H147;H552;H957;H1362;H1767;H2172;H2577;H2982;H3387;H3792,within-patient mean across 10 OARs
PRO_063,GTVp,Target,ASD,0.6446,mm,1,Prospective patient metrics,8653,H8653,direct ROI value
PRO_063,CTV1,Target,ASD,1.0822,mm,1,Prospective patient metrics,9058,H9058,direct ROI value
PRO_063,CTV2,Target,ASD,2.2802,mm,1,Prospective patient metrics,9463,H9463,direct ROI value
PRO_063,GTVn,Target,ASD,3.3518,mm,1,Prospective patient metrics,9868,H9868,direct ROI value
PRO_063,Large OARs,Grouped OARs,ASD,0.8694818181818182,mm,11,Prospective patient metrics,4198;4603;5008;5413;5818;6223;6628;7033;7438;7843;8248,H4198;H4603;H5008;H5413;H5818;H6223;H6628;H7033;H7438;H7843;H8248,within-patient mean across 11 OARs
PRO_063,Small OARs,Grouped OARs,ASD,0.49543,mm,10,Prospective patient metrics,148;553;958;1363;1768;2173;2578;2983;3388;3793,H148;H553;H958;H1363;H1768;H2173;H2578;H2983;H3388;H3793,within-patient mean across 10 OARs
PRO_064,GTVp,Target,DSC,0.9342,unitless,1,Prospective patient metrics,8717,H8717,direct ROI value
PRO_064,CTV1,Target,DSC,0.9391,unitless,1,Prospective patient metrics,9122,H9122,direct ROI value
PRO_064,CTV2,Target,DSC,0.9368,unitless,1,Prospective patient metrics,9527,H9527,direct ROI value
PRO_064,GTVn,Target,DSC,0.6949,unitless,1,Prospective patient metrics,9932,H9932,direct ROI value
PRO_064,Large OARs,Grouped OARs,DSC,0.9139181818181819,unitless,11,Prospective patient metrics,4262;4667;5072;5477;5882;6287;6692;7097;7502;7907;8312,H4262;H4667;H5072;H5477;H5882;H6287;H6692;H7097;H7502;H7907;H8312,within-patient mean across 11 OARs
PRO_064,Small OARs,Grouped OARs,DSC,0.9012800000000001,unitless,10,Prospective patient metrics,212;617;1022;1427;1832;2237;2642;3047;3452;3857,H212;H617;H1022;H1427;H1832;H2237;H2642;H3047;H3452;H3857,within-patient mean across 10 OARs
PRO_064,GTVp,Target,HD95,2.5946,mm,1,Prospective patient metrics,8718,H8718,direct ROI value
PRO_064,CTV1,Target,HD95,1.7681,mm,1,Prospective patient metrics,9123,H9123,direct ROI value
PRO_064,CTV2,Target,HD95,1.4635,mm,1,Prospective patient metrics,9528,H9528,direct ROI value
PRO_064,GTVn,Target,HD95,4.4295,mm,1,Prospective patient metrics,9933,H9933,direct ROI value
PRO_064,Large OARs,Grouped OARs,HD95,0.9948999999999999,mm,11,Prospective patient metrics,4263;4668;5073;5478;5883;6288;6693;7098;7503;7908;8313,H4263;H4668;H5073;H5478;H5883;H6288;H6693;H7098;H7503;H7908;H8313,within-patient mean across 11 OARs
PRO_064,Small OARs,Grouped OARs,HD95,0.8001800000000001,mm,10,Prospective patient metrics,213;618;1023;1428;1833;2238;2643;3048;3453;3858,H213;H618;H1023;H1428;H1833;H2238;H2643;H3048;H3453;H3858,within-patient mean across 10 OARs
PRO_064,GTVp,Target,ASD,1.2443,mm,1,Prospective patient metrics,8719,H8719,direct ROI value
PRO_064,CTV1,Target,ASD,0.7344,mm,1,Prospective patient metrics,9124,H9124,direct ROI value
PRO_064,CTV2,Target,ASD,1.2463,mm,1,Prospective patient metrics,9529,H9529,direct ROI value
PRO_064,GTVn,Target,ASD,3.9589,mm,1,Prospective patient metrics,9934,H9934,direct ROI value
PRO_064,Large OARs,Grouped OARs,ASD,0.7013,mm,11,Prospective patient metrics,4264;4669;5074;5479;5884;6289;6694;7099;7504;7909;8314,H4264;H4669;H5074;H5479;H5884;H6289;H6694;H7099;H7504;H7909;H8314,within-patient mean across 11 OARs
PRO_064,Small OARs,Grouped OARs,ASD,0.48051000000000005,mm,10,Prospective patient metrics,214;619;1024;1429;1834;2239;2644;3049;3454;3859,H214;H619;H1024;H1429;H1834;H2239;H2644;H3049;H3454;H3859,within-patient mean across 10 OARs
PRO_065,GTVp,Target,DSC,0.9126,unitless,1,Prospective patient metrics,8660,H8660,direct ROI value
PRO_065,CTV1,Target,DSC,0.9018,unitless,1,Prospective patient metrics,9065,H9065,direct ROI value
PRO_065,CTV2,Target,DSC,0.9037,unitless,1,Prospective patient metrics,9470,H9470,direct ROI value
PRO_065,GTVn,Target,DSC,0.7179,unitless,1,Prospective patient metrics,9875,H9875,direct ROI value
PRO_065,Large OARs,Grouped OARs,DSC,0.9099636363636363,unitless,11,Prospective patient metrics,4205;4610;5015;5420;5825;6230;6635;7040;7445;7850;8255,H4205;H4610;H5015;H5420;H5825;H6230;H6635;H7040;H7445;H7850;H8255,within-patient mean across 11 OARs
PRO_065,Small OARs,Grouped OARs,DSC,0.9125,unitless,10,Prospective patient metrics,155;560;965;1370;1775;2180;2585;2990;3395;3800,H155;H560;H965;H1370;H1775;H2180;H2585;H2990;H3395;H3800,within-patient mean across 10 OARs
PRO_065,GTVp,Target,HD95,3.1276,mm,1,Prospective patient metrics,8661,H8661,direct ROI value
PRO_065,CTV1,Target,HD95,2.6598,mm,1,Prospective patient metrics,9066,H9066,direct ROI value
PRO_065,CTV2,Target,HD95,1.7287,mm,1,Prospective patient metrics,9471,H9471,direct ROI value
PRO_065,GTVn,Target,HD95,7.6873,mm,1,Prospective patient metrics,9876,H9876,direct ROI value
PRO_065,Large OARs,Grouped OARs,HD95,1.0173363636363637,mm,11,Prospective patient metrics,4206;4611;5016;5421;5826;6231;6636;7041;7446;7851;8256,H4206;H4611;H5016;H5421;H5826;H6231;H6636;H7041;H7446;H7851;H8256,within-patient mean across 11 OARs
PRO_065,Small OARs,Grouped OARs,HD95,0.70008,mm,10,Prospective patient metrics,156;561;966;1371;1776;2181;2586;2991;3396;3801,H156;H561;H966;H1371;H1776;H2181;H2586;H2991;H3396;H3801,within-patient mean across 10 OARs
PRO_065,GTVp,Target,ASD,1.3489,mm,1,Prospective patient metrics,8662,H8662,direct ROI value
PRO_065,CTV1,Target,ASD,1.0924,mm,1,Prospective patient metrics,9067,H9067,direct ROI value
PRO_065,CTV2,Target,ASD,1.72,mm,1,Prospective patient metrics,9472,H9472,direct ROI value
PRO_065,GTVn,Target,ASD,2.4966,mm,1,Prospective patient metrics,9877,H9877,direct ROI value
PRO_065,Large OARs,Grouped OARs,ASD,0.7285545454545456,mm,11,Prospective patient metrics,4207;4612;5017;5422;5827;6232;6637;7042;7447;7852;8257,H4207;H4612;H5017;H5422;H5827;H6232;H6637;H7042;H7447;H7852;H8257,within-patient mean across 11 OARs
PRO_065,Small OARs,Grouped OARs,ASD,0.48976,mm,10,Prospective patient metrics,157;562;967;1372;1777;2182;2587;2992;3397;3802,H157;H562;H967;H1372;H1777;H2182;H2587;H2992;H3397;H3802,within-patient mean across 10 OARs
PRO_066,GTVp,Target,DSC,0.9597,unitless,1,Prospective patient metrics,8720,H8720,direct ROI value
PRO_066,CTV1,Target,DSC,0.8847,unitless,1,Prospective patient metrics,9125,H9125,direct ROI value
PRO_066,CTV2,Target,DSC,0.8769,unitless,1,Prospective patient metrics,9530,H9530,direct ROI value
PRO_066,GTVn,Target,DSC,0.823,unitless,1,Prospective patient metrics,9935,H9935,direct ROI value
PRO_066,Large OARs,Grouped OARs,DSC,0.9108727272727273,unitless,11,Prospective patient metrics,4265;4670;5075;5480;5885;6290;6695;7100;7505;7910;8315,H4265;H4670;H5075;H5480;H5885;H6290;H6695;H7100;H7505;H7910;H8315,within-patient mean across 11 OARs
PRO_066,Small OARs,Grouped OARs,DSC,0.91482,unitless,10,Prospective patient metrics,215;620;1025;1430;1835;2240;2645;3050;3455;3860,H215;H620;H1025;H1430;H1835;H2240;H2645;H3050;H3455;H3860,within-patient mean across 10 OARs
PRO_066,GTVp,Target,HD95,1.1608,mm,1,Prospective patient metrics,8721,H8721,direct ROI value
PRO_066,CTV1,Target,HD95,4.4005,mm,1,Prospective patient metrics,9126,H9126,direct ROI value
PRO_066,CTV2,Target,HD95,1.9033,mm,1,Prospective patient metrics,9531,H9531,direct ROI value
PRO_066,GTVn,Target,HD95,2.1048,mm,1,Prospective patient metrics,9936,H9936,direct ROI value
PRO_066,Large OARs,Grouped OARs,HD95,1.0889818181818183,mm,11,Prospective patient metrics,4266;4671;5076;5481;5886;6291;6696;7101;7506;7911;8316,H4266;H4671;H5076;H5481;H5886;H6291;H6696;H7101;H7506;H7911;H8316,within-patient mean across 11 OARs
PRO_066,Small OARs,Grouped OARs,HD95,0.7786000000000001,mm,10,Prospective patient metrics,216;621;1026;1431;1836;2241;2646;3051;3456;3861,H216;H621;H1026;H1431;H1836;H2241;H2646;H3051;H3456;H3861,within-patient mean across 10 OARs
PRO_066,GTVp,Target,ASD,0.7534,mm,1,Prospective patient metrics,8722,H8722,direct ROI value
PRO_066,CTV1,Target,ASD,1.3239,mm,1,Prospective patient metrics,9127,H9127,direct ROI value
PRO_066,CTV2,Target,ASD,1.9033,mm,1,Prospective patient metrics,9532,H9532,direct ROI value
PRO_066,GTVn,Target,ASD,1.8473,mm,1,Prospective patient metrics,9937,H9937,direct ROI value
PRO_066,Large OARs,Grouped OARs,ASD,0.8172363636363635,mm,11,Prospective patient metrics,4267;4672;5077;5482;5887;6292;6697;7102;7507;7912;8317,H4267;H4672;H5077;H5482;H5887;H6292;H6697;H7102;H7507;H7912;H8317,within-patient mean across 11 OARs
PRO_066,Small OARs,Grouped OARs,ASD,0.47929000000000005,mm,10,Prospective patient metrics,217;622;1027;1432;1837;2242;2647;3052;3457;3862,H217;H622;H1027;H1432;H1837;H2242;H2647;H3052;H3457;H3862,within-patient mean across 10 OARs
PRO_067,GTVp,Target,DSC,0.9099,unitless,1,Prospective patient metrics,8654,H8654,direct ROI value
PRO_067,CTV1,Target,DSC,0.8495,unitless,1,Prospective patient metrics,9059,H9059,direct ROI value
PRO_067,CTV2,Target,DSC,0.8594,unitless,1,Prospective patient metrics,9464,H9464,direct ROI value
PRO_067,GTVn,Target,DSC,0.7877,unitless,1,Prospective patient metrics,9869,H9869,direct ROI value
PRO_067,Large OARs,Grouped OARs,DSC,0.9059818181818181,unitless,11,Prospective patient metrics,4199;4604;5009;5414;5819;6224;6629;7034;7439;7844;8249,H4199;H4604;H5009;H5414;H5819;H6224;H6629;H7034;H7439;H7844;H8249,within-patient mean across 11 OARs
PRO_067,Small OARs,Grouped OARs,DSC,0.91813,unitless,10,Prospective patient metrics,149;554;959;1364;1769;2174;2579;2984;3389;3794,H149;H554;H959;H1364;H1769;H2174;H2579;H2984;H3389;H3794,within-patient mean across 10 OARs
PRO_067,GTVp,Target,HD95,1.7048,mm,1,Prospective patient metrics,8655,H8655,direct ROI value
PRO_067,CTV1,Target,HD95,5.7792,mm,1,Prospective patient metrics,9060,H9060,direct ROI value
PRO_067,CTV2,Target,HD95,2.0672,mm,1,Prospective patient metrics,9465,H9465,direct ROI value
PRO_067,GTVn,Target,HD95,4.0658,mm,1,Prospective patient metrics,9870,H9870,direct ROI value
PRO_067,Large OARs,Grouped OARs,HD95,1.2934090909090907,mm,11,Prospective patient metrics,4200;4605;5010;5415;5820;6225;6630;7035;7440;7845;8250,H4200;H4605;H5010;H5415;H5820;H6225;H6630;H7035;H7440;H7845;H8250,within-patient mean across 11 OARs
PRO_067,Small OARs,Grouped OARs,HD95,0.7441700000000001,mm,10,Prospective patient metrics,150;555;960;1365;1770;2175;2580;2985;3390;3795,H150;H555;H960;H1365;H1770;H2175;H2580;H2985;H3390;H3795,within-patient mean across 10 OARs
PRO_067,GTVp,Target,ASD,1.2749,mm,1,Prospective patient metrics,8656,H8656,direct ROI value
PRO_067,CTV1,Target,ASD,1.6833,mm,1,Prospective patient metrics,9061,H9061,direct ROI value
PRO_067,CTV2,Target,ASD,2.0499,mm,1,Prospective patient metrics,9466,H9466,direct ROI value
PRO_067,GTVn,Target,ASD,1.9827,mm,1,Prospective patient metrics,9871,H9871,direct ROI value
PRO_067,Large OARs,Grouped OARs,ASD,0.7819545454545455,mm,11,Prospective patient metrics,4201;4606;5011;5416;5821;6226;6631;7036;7441;7846;8251,H4201;H4606;H5011;H5416;H5821;H6226;H6631;H7036;H7441;H7846;H8251,within-patient mean across 11 OARs
PRO_067,Small OARs,Grouped OARs,ASD,0.41997000000000007,mm,10,Prospective patient metrics,151;556;961;1366;1771;2176;2581;2986;3391;3796,H151;H556;H961;H1366;H1771;H2176;H2581;H2986;H3391;H3796,within-patient mean across 10 OARs
PRO_068,GTVp,Target,DSC,0.9208,unitless,1,Prospective patient metrics,8678,H8678,direct ROI value
PRO_068,CTV1,Target,DSC,0.9018,unitless,1,Prospective patient metrics,9083,H9083,direct ROI value
PRO_068,CTV2,Target,DSC,0.8507,unitless,1,Prospective patient metrics,9488,H9488,direct ROI value
PRO_068,GTVn,Target,DSC,0.8687,unitless,1,Prospective patient metrics,9893,H9893,direct ROI value
PRO_068,Large OARs,Grouped OARs,DSC,0.9227000000000001,unitless,11,Prospective patient metrics,4223;4628;5033;5438;5843;6248;6653;7058;7463;7868;8273,H4223;H4628;H5033;H5438;H5843;H6248;H6653;H7058;H7463;H7868;H8273,within-patient mean across 11 OARs
PRO_068,Small OARs,Grouped OARs,DSC,0.89549,unitless,10,Prospective patient metrics,173;578;983;1388;1793;2198;2603;3008;3413;3818,H173;H578;H983;H1388;H1793;H2198;H2603;H3008;H3413;H3818,within-patient mean across 10 OARs
PRO_068,GTVp,Target,HD95,2.659,mm,1,Prospective patient metrics,8679,H8679,direct ROI value
PRO_068,CTV1,Target,HD95,2.0788,mm,1,Prospective patient metrics,9084,H9084,direct ROI value
PRO_068,CTV2,Target,HD95,3.6648,mm,1,Prospective patient metrics,9489,H9489,direct ROI value
PRO_068,GTVn,Target,HD95,2.8146,mm,1,Prospective patient metrics,9894,H9894,direct ROI value
PRO_068,Large OARs,Grouped OARs,HD95,0.8175909090909091,mm,11,Prospective patient metrics,4224;4629;5034;5439;5844;6249;6654;7059;7464;7869;8274,H4224;H4629;H5034;H5439;H5844;H6249;H6654;H7059;H7464;H7869;H8274,within-patient mean across 11 OARs
PRO_068,Small OARs,Grouped OARs,HD95,0.67828,mm,10,Prospective patient metrics,174;579;984;1389;1794;2199;2604;3009;3414;3819,H174;H579;H984;H1389;H1794;H2199;H2604;H3009;H3414;H3819,within-patient mean across 10 OARs
PRO_068,GTVp,Target,ASD,1.4601,mm,1,Prospective patient metrics,8680,H8680,direct ROI value
PRO_068,CTV1,Target,ASD,0.8209,mm,1,Prospective patient metrics,9085,H9085,direct ROI value
PRO_068,CTV2,Target,ASD,3.205,mm,1,Prospective patient metrics,9490,H9490,direct ROI value
PRO_068,GTVn,Target,ASD,1.8153,mm,1,Prospective patient metrics,9895,H9895,direct ROI value
PRO_068,Large OARs,Grouped OARs,ASD,0.6290636363636364,mm,11,Prospective patient metrics,4225;4630;5035;5440;5845;6250;6655;7060;7465;7870;8275,H4225;H4630;H5035;H5440;H5845;H6250;H6655;H7060;H7465;H7870;H8275,within-patient mean across 11 OARs
PRO_068,Small OARs,Grouped OARs,ASD,0.52755,mm,10,Prospective patient metrics,175;580;985;1390;1795;2200;2605;3010;3415;3820,H175;H580;H985;H1390;H1795;H2200;H2605;H3010;H3415;H3820,within-patient mean across 10 OARs
PRO_069,GTVp,Target,DSC,0.9489,unitless,1,Prospective patient metrics,8690,H8690,direct ROI value
PRO_069,CTV1,Target,DSC,0.8902,unitless,1,Prospective patient metrics,9095,H9095,direct ROI value
PRO_069,CTV2,Target,DSC,0.904,unitless,1,Prospective patient metrics,9500,H9500,direct ROI value
PRO_069,GTVn,Target,DSC,0.8266,unitless,1,Prospective patient metrics,9905,H9905,direct ROI value
PRO_069,Large OARs,Grouped OARs,DSC,0.9069272727272728,unitless,11,Prospective patient metrics,4235;4640;5045;5450;5855;6260;6665;7070;7475;7880;8285,H4235;H4640;H5045;H5450;H5855;H6260;H6665;H7070;H7475;H7880;H8285,within-patient mean across 11 OARs
PRO_069,Small OARs,Grouped OARs,DSC,0.90724,unitless,10,Prospective patient metrics,185;590;995;1400;1805;2210;2615;3020;3425;3830,H185;H590;H995;H1400;H1805;H2210;H2615;H3020;H3425;H3830,within-patient mean across 10 OARs
PRO_069,GTVp,Target,HD95,2.1116,mm,1,Prospective patient metrics,8691,H8691,direct ROI value
PRO_069,CTV1,Target,HD95,1.9309,mm,1,Prospective patient metrics,9096,H9096,direct ROI value
PRO_069,CTV2,Target,HD95,1.531,mm,1,Prospective patient metrics,9501,H9501,direct ROI value
PRO_069,GTVn,Target,HD95,3.7478,mm,1,Prospective patient metrics,9906,H9906,direct ROI value
PRO_069,Large OARs,Grouped OARs,HD95,1.1370454545454545,mm,11,Prospective patient metrics,4236;4641;5046;5451;5856;6261;6666;7071;7476;7881;8286,H4236;H4641;H5046;H5451;H5856;H6261;H6666;H7071;H7476;H7881;H8286,within-patient mean across 11 OARs
PRO_069,Small OARs,Grouped OARs,HD95,0.66084,mm,10,Prospective patient metrics,186;591;996;1401;1806;2211;2616;3021;3426;3831,H186;H591;H996;H1401;H1806;H2211;H2616;H3021;H3426;H3831,within-patient mean across 10 OARs
PRO_069,GTVp,Target,ASD,1.1638,mm,1,Prospective patient metrics,8692,H8692,direct ROI value
PRO_069,CTV1,Target,ASD,1.2651,mm,1,Prospective patient metrics,9097,H9097,direct ROI value
PRO_069,CTV2,Target,ASD,1.5259,mm,1,Prospective patient metrics,9502,H9502,direct ROI value
PRO_069,GTVn,Target,ASD,2.3311,mm,1,Prospective patient metrics,9907,H9907,direct ROI value
PRO_069,Large OARs,Grouped OARs,ASD,0.7759727272727273,mm,11,Prospective patient metrics,4237;4642;5047;5452;5857;6262;6667;7072;7477;7882;8287,H4237;H4642;H5047;H5452;H5857;H6262;H6667;H7072;H7477;H7882;H8287,within-patient mean across 11 OARs
PRO_069,Small OARs,Grouped OARs,ASD,0.4375400000000001,mm,10,Prospective patient metrics,187;592;997;1402;1807;2212;2617;3022;3427;3832,H187;H592;H997;H1402;H1807;H2212;H2617;H3022;H3427;H3832,within-patient mean across 10 OARs
PRO_070,GTVp,Target,DSC,0.9178,unitless,1,Prospective patient metrics,8771,H8771,direct ROI value
PRO_070,CTV1,Target,DSC,0.8767,unitless,1,Prospective patient metrics,9176,H9176,direct ROI value
PRO_070,CTV2,Target,DSC,0.9628,unitless,1,Prospective patient metrics,9581,H9581,direct ROI value
PRO_070,GTVn,Target,DSC,0.8623,unitless,1,Prospective patient metrics,9986,H9986,direct ROI value
PRO_070,Large OARs,Grouped OARs,DSC,0.911518181818182,unitless,11,Prospective patient metrics,4316;4721;5126;5531;5936;6341;6746;7151;7556;7961;8366,H4316;H4721;H5126;H5531;H5936;H6341;H6746;H7151;H7556;H7961;H8366,within-patient mean across 11 OARs
PRO_070,Small OARs,Grouped OARs,DSC,0.8898199999999999,unitless,10,Prospective patient metrics,266;671;1076;1481;1886;2291;2696;3101;3506;3911,H266;H671;H1076;H1481;H1886;H2291;H2696;H3101;H3506;H3911,within-patient mean across 10 OARs
PRO_070,GTVp,Target,HD95,1.7357,mm,1,Prospective patient metrics,8772,H8772,direct ROI value
PRO_070,CTV1,Target,HD95,4.1315,mm,1,Prospective patient metrics,9177,H9177,direct ROI value
PRO_070,CTV2,Target,HD95,0.8904,mm,1,Prospective patient metrics,9582,H9582,direct ROI value
PRO_070,GTVn,Target,HD95,2.525,mm,1,Prospective patient metrics,9987,H9987,direct ROI value
PRO_070,Large OARs,Grouped OARs,HD95,1.150818181818182,mm,11,Prospective patient metrics,4317;4722;5127;5532;5937;6342;6747;7152;7557;7962;8367,H4317;H4722;H5127;H5532;H5937;H6342;H6747;H7152;H7557;H7962;H8367,within-patient mean across 11 OARs
PRO_070,Small OARs,Grouped OARs,HD95,0.9464600000000001,mm,10,Prospective patient metrics,267;672;1077;1482;1887;2292;2697;3102;3507;3912,H267;H672;H1077;H1482;H1887;H2292;H2697;H3102;H3507;H3912,within-patient mean across 10 OARs
PRO_070,GTVp,Target,ASD,1.133,mm,1,Prospective patient metrics,8773,H8773,direct ROI value
PRO_070,CTV1,Target,ASD,1.6966,mm,1,Prospective patient metrics,9178,H9178,direct ROI value
PRO_070,CTV2,Target,ASD,0.8169,mm,1,Prospective patient metrics,9583,H9583,direct ROI value
PRO_070,GTVn,Target,ASD,1.1407,mm,1,Prospective patient metrics,9988,H9988,direct ROI value
PRO_070,Large OARs,Grouped OARs,ASD,0.7259272727272726,mm,11,Prospective patient metrics,4318;4723;5128;5533;5938;6343;6748;7153;7558;7963;8368,H4318;H4723;H5128;H5533;H5938;H6343;H6748;H7153;H7558;H7963;H8368,within-patient mean across 11 OARs
PRO_070,Small OARs,Grouped OARs,ASD,0.58719,mm,10,Prospective patient metrics,268;673;1078;1483;1888;2293;2698;3103;3508;3913,H268;H673;H1078;H1483;H1888;H2293;H2698;H3103;H3508;H3913,within-patient mean across 10 OARs
PRO_071,GTVp,Target,DSC,0.9551,unitless,1,Prospective patient metrics,8681,H8681,direct ROI value
PRO_071,CTV1,Target,DSC,0.8849,unitless,1,Prospective patient metrics,9086,H9086,direct ROI value
PRO_071,CTV2,Target,DSC,0.9161,unitless,1,Prospective patient metrics,9491,H9491,direct ROI value
PRO_071,GTVn,Target,DSC,0.7978,unitless,1,Prospective patient metrics,9896,H9896,direct ROI value
PRO_071,Large OARs,Grouped OARs,DSC,0.8948545454545453,unitless,11,Prospective patient metrics,4226;4631;5036;5441;5846;6251;6656;7061;7466;7871;8276,H4226;H4631;H5036;H5441;H5846;H6251;H6656;H7061;H7466;H7871;H8276,within-patient mean across 11 OARs
PRO_071,Small OARs,Grouped OARs,DSC,0.9078099999999999,unitless,10,Prospective patient metrics,176;581;986;1391;1796;2201;2606;3011;3416;3821,H176;H581;H986;H1391;H1796;H2201;H2606;H3011;H3416;H3821,within-patient mean across 10 OARs
PRO_071,GTVp,Target,HD95,2.1709,mm,1,Prospective patient metrics,8682,H8682,direct ROI value
PRO_071,CTV1,Target,HD95,3.9825,mm,1,Prospective patient metrics,9087,H9087,direct ROI value
PRO_071,CTV2,Target,HD95,1.6944,mm,1,Prospective patient metrics,9492,H9492,direct ROI value
PRO_071,GTVn,Target,HD95,3.3242,mm,1,Prospective patient metrics,9897,H9897,direct ROI value
PRO_071,Large OARs,Grouped OARs,HD95,1.4302636363636365,mm,11,Prospective patient metrics,4227;4632;5037;5442;5847;6252;6657;7062;7467;7872;8277,H4227;H4632;H5037;H5442;H5847;H6252;H6657;H7062;H7467;H7872;H8277,within-patient mean across 11 OARs
PRO_071,Small OARs,Grouped OARs,HD95,0.81945,mm,10,Prospective patient metrics,177;582;987;1392;1797;2202;2607;3012;3417;3822,H177;H582;H987;H1392;H1797;H2202;H2607;H3012;H3417;H3822,within-patient mean across 10 OARs
PRO_071,GTVp,Target,ASD,1.0124,mm,1,Prospective patient metrics,8683,H8683,direct ROI value
PRO_071,CTV1,Target,ASD,1.4632,mm,1,Prospective patient metrics,9088,H9088,direct ROI value
PRO_071,CTV2,Target,ASD,1.6692,mm,1,Prospective patient metrics,9493,H9493,direct ROI value
PRO_071,GTVn,Target,ASD,2.6916,mm,1,Prospective patient metrics,9898,H9898,direct ROI value
PRO_071,Large OARs,Grouped OARs,ASD,0.9424454545454547,mm,11,Prospective patient metrics,4228;4633;5038;5443;5848;6253;6658;7063;7468;7873;8278,H4228;H4633;H5038;H5443;H5848;H6253;H6658;H7063;H7468;H7873;H8278,within-patient mean across 11 OARs
PRO_071,Small OARs,Grouped OARs,ASD,0.6161,mm,10,Prospective patient metrics,178;583;988;1393;1798;2203;2608;3013;3418;3823,H178;H583;H988;H1393;H1798;H2203;H2608;H3013;H3418;H3823,within-patient mean across 10 OARs
PRO_072,GTVp,Target,DSC,0.9221,unitless,1,Prospective patient metrics,8675,H8675,direct ROI value
PRO_072,CTV1,Target,DSC,0.9023,unitless,1,Prospective patient metrics,9080,H9080,direct ROI value
PRO_072,CTV2,Target,DSC,0.8848,unitless,1,Prospective patient metrics,9485,H9485,direct ROI value
PRO_072,GTVn,Target,DSC,0.7567,unitless,1,Prospective patient metrics,9890,H9890,direct ROI value
PRO_072,Large OARs,Grouped OARs,DSC,0.8910181818181818,unitless,11,Prospective patient metrics,4220;4625;5030;5435;5840;6245;6650;7055;7460;7865;8270,H4220;H4625;H5030;H5435;H5840;H6245;H6650;H7055;H7460;H7865;H8270,within-patient mean across 11 OARs
PRO_072,Small OARs,Grouped OARs,DSC,0.91361,unitless,10,Prospective patient metrics,170;575;980;1385;1790;2195;2600;3005;3410;3815,H170;H575;H980;H1385;H1790;H2195;H2600;H3005;H3410;H3815,within-patient mean across 10 OARs
PRO_072,GTVp,Target,HD95,2.5466,mm,1,Prospective patient metrics,8676,H8676,direct ROI value
PRO_072,CTV1,Target,HD95,3.909,mm,1,Prospective patient metrics,9081,H9081,direct ROI value
PRO_072,CTV2,Target,HD95,1.7586,mm,1,Prospective patient metrics,9486,H9486,direct ROI value
PRO_072,GTVn,Target,HD95,6.1467,mm,1,Prospective patient metrics,9891,H9891,direct ROI value
PRO_072,Large OARs,Grouped OARs,HD95,1.2723545454545453,mm,11,Prospective patient metrics,4221;4626;5031;5436;5841;6246;6651;7056;7461;7866;8271,H4221;H4626;H5031;H5436;H5841;H6246;H6651;H7056;H7461;H7866;H8271,within-patient mean across 11 OARs
PRO_072,Small OARs,Grouped OARs,HD95,0.7975000000000001,mm,10,Prospective patient metrics,171;576;981;1386;1791;2196;2601;3006;3411;3816,H171;H576;H981;H1386;H1791;H2196;H2601;H3006;H3411;H3816,within-patient mean across 10 OARs
PRO_072,GTVp,Target,ASD,1.1902,mm,1,Prospective patient metrics,8677,H8677,direct ROI value
PRO_072,CTV1,Target,ASD,1.259,mm,1,Prospective patient metrics,9082,H9082,direct ROI value
PRO_072,CTV2,Target,ASD,1.7564,mm,1,Prospective patient metrics,9487,H9487,direct ROI value
PRO_072,GTVn,Target,ASD,3.7083,mm,1,Prospective patient metrics,9892,H9892,direct ROI value
PRO_072,Large OARs,Grouped OARs,ASD,0.8925909090909091,mm,11,Prospective patient metrics,4222;4627;5032;5437;5842;6247;6652;7057;7462;7867;8272,H4222;H4627;H5032;H5437;H5842;H6247;H6652;H7057;H7462;H7867;H8272,within-patient mean across 11 OARs
PRO_072,Small OARs,Grouped OARs,ASD,0.46132000000000006,mm,10,Prospective patient metrics,172;577;982;1387;1792;2197;2602;3007;3412;3817,H172;H577;H982;H1387;H1792;H2197;H2602;H3007;H3412;H3817,within-patient mean across 10 OARs
PRO_073,GTVp,Target,DSC,0.9883,unitless,1,Prospective patient metrics,8705,H8705,direct ROI value
PRO_073,CTV1,Target,DSC,0.9308,unitless,1,Prospective patient metrics,9110,H9110,direct ROI value
PRO_073,CTV2,Target,DSC,0.9136,unitless,1,Prospective patient metrics,9515,H9515,direct ROI value
PRO_073,GTVn,Target,DSC,0.8393,unitless,1,Prospective patient metrics,9920,H9920,direct ROI value
PRO_073,Large OARs,Grouped OARs,DSC,0.9088545454545454,unitless,11,Prospective patient metrics,4250;4655;5060;5465;5870;6275;6680;7085;7490;7895;8300,H4250;H4655;H5060;H5465;H5870;H6275;H6680;H7085;H7490;H7895;H8300,within-patient mean across 11 OARs
PRO_073,Small OARs,Grouped OARs,DSC,0.9021100000000001,unitless,10,Prospective patient metrics,200;605;1010;1415;1820;2225;2630;3035;3440;3845,H200;H605;H1010;H1415;H1820;H2225;H2630;H3035;H3440;H3845,within-patient mean across 10 OARs
PRO_073,GTVp,Target,HD95,1.3517,mm,1,Prospective patient metrics,8706,H8706,direct ROI value
PRO_073,CTV1,Target,HD95,1.2808,mm,1,Prospective patient metrics,9111,H9111,direct ROI value
PRO_073,CTV2,Target,HD95,1.7758,mm,1,Prospective patient metrics,9516,H9516,direct ROI value
PRO_073,GTVn,Target,HD95,3.4483,mm,1,Prospective patient metrics,9921,H9921,direct ROI value
PRO_073,Large OARs,Grouped OARs,HD95,1.0917454545454546,mm,11,Prospective patient metrics,4251;4656;5061;5466;5871;6276;6681;7086;7491;7896;8301,H4251;H4656;H5061;H5466;H5871;H6276;H6681;H7086;H7491;H7896;H8301,within-patient mean across 11 OARs
PRO_073,Small OARs,Grouped OARs,HD95,0.7247899999999999,mm,10,Prospective patient metrics,201;606;1011;1416;1821;2226;2631;3036;3441;3846,H201;H606;H1011;H1416;H1821;H2226;H2631;H3036;H3441;H3846,within-patient mean across 10 OARs
PRO_073,GTVp,Target,ASD,0.4667,mm,1,Prospective patient metrics,8707,H8707,direct ROI value
PRO_073,CTV1,Target,ASD,0.8241,mm,1,Prospective patient metrics,9112,H9112,direct ROI value
PRO_073,CTV2,Target,ASD,1.7609,mm,1,Prospective patient metrics,9517,H9517,direct ROI value
PRO_073,GTVn,Target,ASD,2.8929,mm,1,Prospective patient metrics,9922,H9922,direct ROI value
PRO_073,Large OARs,Grouped OARs,ASD,0.7047,mm,11,Prospective patient metrics,4252;4657;5062;5467;5872;6277;6682;7087;7492;7897;8302,H4252;H4657;H5062;H5467;H5872;H6277;H6682;H7087;H7492;H7897;H8302,within-patient mean across 11 OARs
PRO_073,Small OARs,Grouped OARs,ASD,0.52269,mm,10,Prospective patient metrics,202;607;1012;1417;1822;2227;2632;3037;3442;3847,H202;H607;H1012;H1417;H1822;H2227;H2632;H3037;H3442;H3847,within-patient mean across 10 OARs
PRO_074,GTVp,Target,DSC,0.9406,unitless,1,Prospective patient metrics,8777,H8777,direct ROI value
PRO_074,CTV1,Target,DSC,0.8726,unitless,1,Prospective patient metrics,9182,H9182,direct ROI value
PRO_074,CTV2,Target,DSC,0.8798,unitless,1,Prospective patient metrics,9587,H9587,direct ROI value
PRO_074,GTVn,Target,DSC,0.8489,unitless,1,Prospective patient metrics,9992,H9992,direct ROI value
PRO_074,Large OARs,Grouped OARs,DSC,0.8905090909090909,unitless,11,Prospective patient metrics,4322;4727;5132;5537;5942;6347;6752;7157;7562;7967;8372,H4322;H4727;H5132;H5537;H5942;H6347;H6752;H7157;H7562;H7967;H8372,within-patient mean across 11 OARs
PRO_074,Small OARs,Grouped OARs,DSC,0.9161400000000001,unitless,10,Prospective patient metrics,272;677;1082;1487;1892;2297;2702;3107;3512;3917,H272;H677;H1082;H1487;H1892;H2297;H2702;H3107;H3512;H3917,within-patient mean across 10 OARs
PRO_074,GTVp,Target,HD95,1.487,mm,1,Prospective patient metrics,8778,H8778,direct ROI value
PRO_074,CTV1,Target,HD95,4.0866,mm,1,Prospective patient metrics,9183,H9183,direct ROI value
PRO_074,CTV2,Target,HD95,2.1084,mm,1,Prospective patient metrics,9588,H9588,direct ROI value
PRO_074,GTVn,Target,HD95,1.421,mm,1,Prospective patient metrics,9993,H9993,direct ROI value
PRO_074,Large OARs,Grouped OARs,HD95,1.3847818181818183,mm,11,Prospective patient metrics,4323;4728;5133;5538;5943;6348;6753;7158;7563;7968;8373,H4323;H4728;H5133;H5538;H5943;H6348;H6753;H7158;H7563;H7968;H8373,within-patient mean across 11 OARs
PRO_074,Small OARs,Grouped OARs,HD95,0.6796,mm,10,Prospective patient metrics,273;678;1083;1488;1893;2298;2703;3108;3513;3918,H273;H678;H1083;H1488;H1893;H2298;H2703;H3108;H3513;H3918,within-patient mean across 10 OARs
PRO_074,GTVp,Target,ASD,0.7905,mm,1,Prospective patient metrics,8779,H8779,direct ROI value
PRO_074,CTV1,Target,ASD,1.28,mm,1,Prospective patient metrics,9184,H9184,direct ROI value
PRO_074,CTV2,Target,ASD,2.1013,mm,1,Prospective patient metrics,9589,H9589,direct ROI value
PRO_074,GTVn,Target,ASD,1.3877,mm,1,Prospective patient metrics,9994,H9994,direct ROI value
PRO_074,Large OARs,Grouped OARs,ASD,0.8993363636363636,mm,11,Prospective patient metrics,4324;4729;5134;5539;5944;6349;6754;7159;7564;7969;8374,H4324;H4729;H5134;H5539;H5944;H6349;H6754;H7159;H7564;H7969;H8374,within-patient mean across 11 OARs
PRO_074,Small OARs,Grouped OARs,ASD,0.42038000000000003,mm,10,Prospective patient metrics,274;679;1084;1489;1894;2299;2704;3109;3514;3919,H274;H679;H1084;H1489;H1894;H2299;H2704;H3109;H3514;H3919,within-patient mean across 10 OARs
PRO_075,GTVp,Target,DSC,0.9406,unitless,1,Prospective patient metrics,8768,H8768,direct ROI value
PRO_075,CTV1,Target,DSC,0.9052,unitless,1,Prospective patient metrics,9173,H9173,direct ROI value
PRO_075,CTV2,Target,DSC,0.929,unitless,1,Prospective patient metrics,9578,H9578,direct ROI value
PRO_075,GTVn,Target,DSC,0.7909,unitless,1,Prospective patient metrics,9983,H9983,direct ROI value
PRO_075,Large OARs,Grouped OARs,DSC,0.9054727272727273,unitless,11,Prospective patient metrics,4313;4718;5123;5528;5933;6338;6743;7148;7553;7958;8363,H4313;H4718;H5123;H5528;H5933;H6338;H6743;H7148;H7553;H7958;H8363,within-patient mean across 11 OARs
PRO_075,Small OARs,Grouped OARs,DSC,0.9214800000000001,unitless,10,Prospective patient metrics,263;668;1073;1478;1883;2288;2693;3098;3503;3908,H263;H668;H1073;H1478;H1883;H2288;H2693;H3098;H3503;H3908,within-patient mean across 10 OARs
PRO_075,GTVp,Target,HD95,1.3856,mm,1,Prospective patient metrics,8769,H8769,direct ROI value
PRO_075,CTV1,Target,HD95,1.7536,mm,1,Prospective patient metrics,9174,H9174,direct ROI value
PRO_075,CTV2,Target,HD95,1.3363,mm,1,Prospective patient metrics,9579,H9579,direct ROI value
PRO_075,GTVn,Target,HD95,4.744,mm,1,Prospective patient metrics,9984,H9984,direct ROI value
PRO_075,Large OARs,Grouped OARs,HD95,1.01,mm,11,Prospective patient metrics,4314;4719;5124;5529;5934;6339;6744;7149;7554;7959;8364,H4314;H4719;H5124;H5529;H5934;H6339;H6744;H7149;H7554;H7959;H8364,within-patient mean across 11 OARs
PRO_075,Small OARs,Grouped OARs,HD95,0.61652,mm,10,Prospective patient metrics,264;669;1074;1479;1884;2289;2694;3099;3504;3909,H264;H669;H1074;H1479;H1884;H2289;H2694;H3099;H3504;H3909,within-patient mean across 10 OARs
PRO_075,GTVp,Target,ASD,0.984,mm,1,Prospective patient metrics,8770,H8770,direct ROI value
PRO_075,CTV1,Target,ASD,0.738,mm,1,Prospective patient metrics,9175,H9175,direct ROI value
PRO_075,CTV2,Target,ASD,1.2668,mm,1,Prospective patient metrics,9580,H9580,direct ROI value
PRO_075,GTVn,Target,ASD,4.2204,mm,1,Prospective patient metrics,9985,H9985,direct ROI value
PRO_075,Large OARs,Grouped OARs,ASD,0.7295181818181817,mm,11,Prospective patient metrics,4315;4720;5125;5530;5935;6340;6745;7150;7555;7960;8365,H4315;H4720;H5125;H5530;H5935;H6340;H6745;H7150;H7555;H7960;H8365,within-patient mean across 11 OARs
PRO_075,Small OARs,Grouped OARs,ASD,0.4234,mm,10,Prospective patient metrics,265;670;1075;1480;1885;2290;2695;3100;3505;3910,H265;H670;H1075;H1480;H1885;H2290;H2695;H3100;H3505;H3910,within-patient mean across 10 OARs
PRO_076,GTVp,Target,DSC,0.9614,unitless,1,Prospective patient metrics,8672,H8672,direct ROI value
PRO_076,CTV1,Target,DSC,0.9232,unitless,1,Prospective patient metrics,9077,H9077,direct ROI value
PRO_076,CTV2,Target,DSC,0.9052,unitless,1,Prospective patient metrics,9482,H9482,direct ROI value
PRO_076,GTVn,Target,DSC,0.799,unitless,1,Prospective patient metrics,9887,H9887,direct ROI value
PRO_076,Large OARs,Grouped OARs,DSC,0.9066272727272728,unitless,11,Prospective patient metrics,4217;4622;5027;5432;5837;6242;6647;7052;7457;7862;8267,H4217;H4622;H5027;H5432;H5837;H6242;H6647;H7052;H7457;H7862;H8267,within-patient mean across 11 OARs
PRO_076,Small OARs,Grouped OARs,DSC,0.9027299999999998,unitless,10,Prospective patient metrics,167;572;977;1382;1787;2192;2597;3002;3407;3812,H167;H572;H977;H1382;H1787;H2192;H2597;H3002;H3407;H3812,within-patient mean across 10 OARs
PRO_076,GTVp,Target,HD95,1.4822,mm,1,Prospective patient metrics,8673,H8673,direct ROI value
PRO_076,CTV1,Target,HD95,1.8124,mm,1,Prospective patient metrics,9078,H9078,direct ROI value
PRO_076,CTV2,Target,HD95,1.4975,mm,1,Prospective patient metrics,9483,H9483,direct ROI value
PRO_076,GTVn,Target,HD95,3.7796,mm,1,Prospective patient metrics,9888,H9888,direct ROI value
PRO_076,Large OARs,Grouped OARs,HD95,1.0745909090909092,mm,11,Prospective patient metrics,4218;4623;5028;5433;5838;6243;6648;7053;7458;7863;8268,H4218;H4623;H5028;H5433;H5838;H6243;H6648;H7053;H7458;H7863;H8268,within-patient mean across 11 OARs
PRO_076,Small OARs,Grouped OARs,HD95,0.7998199999999999,mm,10,Prospective patient metrics,168;573;978;1383;1788;2193;2598;3003;3408;3813,H168;H573;H978;H1383;H1788;H2193;H2598;H3003;H3408;H3813,within-patient mean across 10 OARs
PRO_076,GTVp,Target,ASD,0.8642,mm,1,Prospective patient metrics,8674,H8674,direct ROI value
PRO_076,CTV1,Target,ASD,1.1986,mm,1,Prospective patient metrics,9079,H9079,direct ROI value
PRO_076,CTV2,Target,ASD,1.4288,mm,1,Prospective patient metrics,9484,H9484,direct ROI value
PRO_076,GTVn,Target,ASD,2.2253,mm,1,Prospective patient metrics,9889,H9889,direct ROI value
PRO_076,Large OARs,Grouped OARs,ASD,0.7788909090909091,mm,11,Prospective patient metrics,4219;4624;5029;5434;5839;6244;6649;7054;7459;7864;8269,H4219;H4624;H5029;H5434;H5839;H6244;H6649;H7054;H7459;H7864;H8269,within-patient mean across 11 OARs
PRO_076,Small OARs,Grouped OARs,ASD,0.55534,mm,10,Prospective patient metrics,169;574;979;1384;1789;2194;2599;3004;3409;3814,H169;H574;H979;H1384;H1789;H2194;H2599;H3004;H3409;H3814,within-patient mean across 10 OARs
PRO_077,GTVp,Target,DSC,0.9436,unitless,1,Prospective patient metrics,8696,H8696,direct ROI value
PRO_077,CTV1,Target,DSC,0.9246,unitless,1,Prospective patient metrics,9101,H9101,direct ROI value
PRO_077,CTV2,Target,DSC,0.9081,unitless,1,Prospective patient metrics,9506,H9506,direct ROI value
PRO_077,GTVn,Target,DSC,0.8527,unitless,1,Prospective patient metrics,9911,H9911,direct ROI value
PRO_077,Large OARs,Grouped OARs,DSC,0.9050454545454545,unitless,11,Prospective patient metrics,4241;4646;5051;5456;5861;6266;6671;7076;7481;7886;8291,H4241;H4646;H5051;H5456;H5861;H6266;H6671;H7076;H7481;H7886;H8291,within-patient mean across 11 OARs
PRO_077,Small OARs,Grouped OARs,DSC,0.8930800000000001,unitless,10,Prospective patient metrics,191;596;1001;1406;1811;2216;2621;3026;3431;3836,H191;H596;H1001;H1406;H1811;H2216;H2621;H3026;H3431;H3836,within-patient mean across 10 OARs
PRO_077,GTVp,Target,HD95,2.6446,mm,1,Prospective patient metrics,8697,H8697,direct ROI value
PRO_077,CTV1,Target,HD95,1.7364,mm,1,Prospective patient metrics,9102,H9102,direct ROI value
PRO_077,CTV2,Target,HD95,1.7219,mm,1,Prospective patient metrics,9507,H9507,direct ROI value
PRO_077,GTVn,Target,HD95,2.0267,mm,1,Prospective patient metrics,9912,H9912,direct ROI value
PRO_077,Large OARs,Grouped OARs,HD95,1.2338545454545453,mm,11,Prospective patient metrics,4242;4647;5052;5457;5862;6267;6672;7077;7482;7887;8292,H4242;H4647;H5052;H5457;H5862;H6267;H6672;H7077;H7482;H7887;H8292,within-patient mean across 11 OARs
PRO_077,Small OARs,Grouped OARs,HD95,0.8952,mm,10,Prospective patient metrics,192;597;1002;1407;1812;2217;2622;3027;3432;3837,H192;H597;H1002;H1407;H1812;H2217;H2622;H3027;H3432;H3837,within-patient mean across 10 OARs
PRO_077,GTVp,Target,ASD,1.1376,mm,1,Prospective patient metrics,8698,H8698,direct ROI value
PRO_077,CTV1,Target,ASD,0.736,mm,1,Prospective patient metrics,9103,H9103,direct ROI value
PRO_077,CTV2,Target,ASD,1.7198,mm,1,Prospective patient metrics,9508,H9508,direct ROI value
PRO_077,GTVn,Target,ASD,1.6264,mm,1,Prospective patient metrics,9913,H9913,direct ROI value
PRO_077,Large OARs,Grouped OARs,ASD,0.7669545454545456,mm,11,Prospective patient metrics,4243;4648;5053;5458;5863;6268;6673;7078;7483;7888;8293,H4243;H4648;H5053;H5458;H5863;H6268;H6673;H7078;H7483;H7888;H8293,within-patient mean across 11 OARs
PRO_077,Small OARs,Grouped OARs,ASD,0.55279,mm,10,Prospective patient metrics,193;598;1003;1408;1813;2218;2623;3028;3433;3838,H193;H598;H1003;H1408;H1813;H2218;H2623;H3028;H3433;H3838,within-patient mean across 10 OARs
PRO_078,GTVp,Target,DSC,0.9632,unitless,1,Prospective patient metrics,8687,H8687,direct ROI value
PRO_078,CTV1,Target,DSC,0.9296,unitless,1,Prospective patient metrics,9092,H9092,direct ROI value
PRO_078,CTV2,Target,DSC,0.9019,unitless,1,Prospective patient metrics,9497,H9497,direct ROI value
PRO_078,GTVn,Target,DSC,0.7664,unitless,1,Prospective patient metrics,9902,H9902,direct ROI value
PRO_078,Large OARs,Grouped OARs,DSC,0.9069454545454545,unitless,11,Prospective patient metrics,4232;4637;5042;5447;5852;6257;6662;7067;7472;7877;8282,H4232;H4637;H5042;H5447;H5852;H6257;H6662;H7067;H7472;H7877;H8282,within-patient mean across 11 OARs
PRO_078,Small OARs,Grouped OARs,DSC,0.8873899999999999,unitless,10,Prospective patient metrics,182;587;992;1397;1802;2207;2612;3017;3422;3827,H182;H587;H992;H1397;H1802;H2207;H2612;H3017;H3422;H3827,within-patient mean across 10 OARs
PRO_078,GTVp,Target,HD95,1.5266,mm,1,Prospective patient metrics,8688,H8688,direct ROI value
PRO_078,CTV1,Target,HD95,1.9223,mm,1,Prospective patient metrics,9093,H9093,direct ROI value
PRO_078,CTV2,Target,HD95,1.7564,mm,1,Prospective patient metrics,9498,H9498,direct ROI value
PRO_078,GTVn,Target,HD95,3.0709,mm,1,Prospective patient metrics,9903,H9903,direct ROI value
PRO_078,Large OARs,Grouped OARs,HD95,1.1471272727272728,mm,11,Prospective patient metrics,4233;4638;5043;5448;5853;6258;6663;7068;7473;7878;8283,H4233;H4638;H5043;H5448;H5853;H6258;H6663;H7068;H7473;H7878;H8283,within-patient mean across 11 OARs
PRO_078,Small OARs,Grouped OARs,HD95,0.84787,mm,10,Prospective patient metrics,183;588;993;1398;1803;2208;2613;3018;3423;3828,H183;H588;H993;H1398;H1803;H2208;H2613;H3018;H3423;H3828,within-patient mean across 10 OARs
PRO_078,GTVp,Target,ASD,0.8216,mm,1,Prospective patient metrics,8689,H8689,direct ROI value
PRO_078,CTV1,Target,ASD,0.7979,mm,1,Prospective patient metrics,9094,H9094,direct ROI value
PRO_078,CTV2,Target,ASD,1.7497,mm,1,Prospective patient metrics,9499,H9499,direct ROI value
PRO_078,GTVn,Target,ASD,2.9479,mm,1,Prospective patient metrics,9904,H9904,direct ROI value
PRO_078,Large OARs,Grouped OARs,ASD,0.7120454545454545,mm,11,Prospective patient metrics,4234;4639;5044;5449;5854;6259;6664;7069;7474;7879;8284,H4234;H4639;H5044;H5449;H5854;H6259;H6664;H7069;H7474;H7879;H8284,within-patient mean across 11 OARs
PRO_078,Small OARs,Grouped OARs,ASD,0.58816,mm,10,Prospective patient metrics,184;589;994;1399;1804;2209;2614;3019;3424;3829,H184;H589;H994;H1399;H1804;H2209;H2614;H3019;H3424;H3829,within-patient mean across 10 OARs
PRO_079,GTVp,Target,DSC,0.9685,unitless,1,Prospective patient metrics,8702,H8702,direct ROI value
PRO_079,CTV1,Target,DSC,0.9149,unitless,1,Prospective patient metrics,9107,H9107,direct ROI value
PRO_079,CTV2,Target,DSC,0.8824,unitless,1,Prospective patient metrics,9512,H9512,direct ROI value
PRO_079,GTVn,Target,DSC,0.7995,unitless,1,Prospective patient metrics,9917,H9917,direct ROI value
PRO_079,Large OARs,Grouped OARs,DSC,0.9092818181818181,unitless,11,Prospective patient metrics,4247;4652;5057;5462;5867;6272;6677;7082;7487;7892;8297,H4247;H4652;H5057;H5462;H5867;H6272;H6677;H7082;H7487;H7892;H8297,within-patient mean across 11 OARs
PRO_079,Small OARs,Grouped OARs,DSC,0.9155599999999999,unitless,10,Prospective patient metrics,197;602;1007;1412;1817;2222;2627;3032;3437;3842,H197;H602;H1007;H1412;H1817;H2222;H2627;H3032;H3437;H3842,within-patient mean across 10 OARs
PRO_079,GTVp,Target,HD95,0.9994,mm,1,Prospective patient metrics,8703,H8703,direct ROI value
PRO_079,CTV1,Target,HD95,4.4158,mm,1,Prospective patient metrics,9108,H9108,direct ROI value
PRO_079,CTV2,Target,HD95,2.0383,mm,1,Prospective patient metrics,9513,H9513,direct ROI value
PRO_079,GTVn,Target,HD95,4.1413,mm,1,Prospective patient metrics,9918,H9918,direct ROI value
PRO_079,Large OARs,Grouped OARs,HD95,1.1794909090909091,mm,11,Prospective patient metrics,4248;4653;5058;5463;5868;6273;6678;7083;7488;7893;8298,H4248;H4653;H5058;H5463;H5868;H6273;H6678;H7083;H7488;H7893;H8298,within-patient mean across 11 OARs
PRO_079,Small OARs,Grouped OARs,HD95,0.7365299999999999,mm,10,Prospective patient metrics,198;603;1008;1413;1818;2223;2628;3033;3438;3843,H198;H603;H1008;H1413;H1818;H2223;H2628;H3033;H3438;H3843,within-patient mean across 10 OARs
PRO_079,GTVp,Target,ASD,0.642,mm,1,Prospective patient metrics,8704,H8704,direct ROI value
PRO_079,CTV1,Target,ASD,1.3747,mm,1,Prospective patient metrics,9109,H9109,direct ROI value
PRO_079,CTV2,Target,ASD,2.0274,mm,1,Prospective patient metrics,9514,H9514,direct ROI value
PRO_079,GTVn,Target,ASD,2.8402,mm,1,Prospective patient metrics,9919,H9919,direct ROI value
PRO_079,Large OARs,Grouped OARs,ASD,0.674209090909091,mm,11,Prospective patient metrics,4249;4654;5059;5464;5869;6274;6679;7084;7489;7894;8299,H4249;H4654;H5059;H5464;H5869;H6274;H6679;H7084;H7489;H7894;H8299,within-patient mean across 11 OARs
PRO_079,Small OARs,Grouped OARs,ASD,0.52755,mm,10,Prospective patient metrics,199;604;1009;1414;1819;2224;2629;3034;3439;3844,H199;H604;H1009;H1414;H1819;H2224;H2629;H3034;H3439;H3844,within-patient mean across 10 OARs
PRO_080,GTVp,Target,DSC,0.9472,unitless,1,Prospective patient metrics,8783,H8783,direct ROI value
PRO_080,CTV1,Target,DSC,0.932,unitless,1,Prospective patient metrics,9188,H9188,direct ROI value
PRO_080,CTV2,Target,DSC,0.8669,unitless,1,Prospective patient metrics,9593,H9593,direct ROI value
PRO_080,GTVn,Target,DSC,0.801,unitless,1,Prospective patient metrics,9998,H9998,direct ROI value
PRO_080,Large OARs,Grouped OARs,DSC,0.9155363636363638,unitless,11,Prospective patient metrics,4328;4733;5138;5543;5948;6353;6758;7163;7568;7973;8378,H4328;H4733;H5138;H5543;H5948;H6353;H6758;H7163;H7568;H7973;H8378,within-patient mean across 11 OARs
PRO_080,Small OARs,Grouped OARs,DSC,0.9167400000000001,unitless,10,Prospective patient metrics,278;683;1088;1493;1898;2303;2708;3113;3518;3923,H278;H683;H1088;H1493;H1898;H2303;H2708;H3113;H3518;H3923,within-patient mean across 10 OARs
PRO_080,GTVp,Target,HD95,2.7707,mm,1,Prospective patient metrics,8784,H8784,direct ROI value
PRO_080,CTV1,Target,HD95,1.9909,mm,1,Prospective patient metrics,9189,H9189,direct ROI value
PRO_080,CTV2,Target,HD95,1.6051,mm,1,Prospective patient metrics,9594,H9594,direct ROI value
PRO_080,GTVn,Target,HD95,4.6104,mm,1,Prospective patient metrics,9999,H9999,direct ROI value
PRO_080,Large OARs,Grouped OARs,HD95,1.0261454545454545,mm,11,Prospective patient metrics,4329;4734;5139;5544;5949;6354;6759;7164;7569;7974;8379,H4329;H4734;H5139;H5544;H5949;H6354;H6759;H7164;H7569;H7974;H8379,within-patient mean across 11 OARs
PRO_080,Small OARs,Grouped OARs,HD95,0.82783,mm,10,Prospective patient metrics,279;684;1089;1494;1899;2304;2709;3114;3519;3924,H279;H684;H1089;H1494;H1899;H2304;H2709;H3114;H3519;H3924,within-patient mean across 10 OARs
PRO_080,GTVp,Target,ASD,1.0207,mm,1,Prospective patient metrics,8785,H8785,direct ROI value
PRO_080,CTV1,Target,ASD,0.5176,mm,1,Prospective patient metrics,9190,H9190,direct ROI value
PRO_080,CTV2,Target,ASD,1.5916,mm,1,Prospective patient metrics,9595,H9595,direct ROI value
PRO_080,GTVn,Target,ASD,3.8114,mm,1,Prospective patient metrics,10000,H10000,direct ROI value
PRO_080,Large OARs,Grouped OARs,ASD,0.5792909090909091,mm,11,Prospective patient metrics,4330;4735;5140;5545;5950;6355;6760;7165;7570;7975;8380,H4330;H4735;H5140;H5545;H5950;H6355;H6760;H7165;H7570;H7975;H8380,within-patient mean across 11 OARs
PRO_080,Small OARs,Grouped OARs,ASD,0.4699600000000001,mm,10,Prospective patient metrics,280;685;1090;1495;1900;2305;2710;3115;3520;3925,H280;H685;H1090;H1495;H1900;H2305;H2710;H3115;H3520;H3925,within-patient mean across 10 OARs
PRO_081,GTVp,Target,DSC,0.9387,unitless,1,Prospective patient metrics,8708,H8708,direct ROI value
PRO_081,CTV1,Target,DSC,0.966,unitless,1,Prospective patient metrics,9113,H9113,direct ROI value
PRO_081,CTV2,Target,DSC,0.9268,unitless,1,Prospective patient metrics,9518,H9518,direct ROI value
PRO_081,GTVn,Target,DSC,0.7732,unitless,1,Prospective patient metrics,9923,H9923,direct ROI value
PRO_081,Large OARs,Grouped OARs,DSC,0.8904363636363637,unitless,11,Prospective patient metrics,4253;4658;5063;5468;5873;6278;6683;7088;7493;7898;8303,H4253;H4658;H5063;H5468;H5873;H6278;H6683;H7088;H7493;H7898;H8303,within-patient mean across 11 OARs
PRO_081,Small OARs,Grouped OARs,DSC,0.90206,unitless,10,Prospective patient metrics,203;608;1013;1418;1823;2228;2633;3038;3443;3848,H203;H608;H1013;H1418;H1823;H2228;H2633;H3038;H3443;H3848,within-patient mean across 10 OARs
PRO_081,GTVp,Target,HD95,1.535,mm,1,Prospective patient metrics,8709,H8709,direct ROI value
PRO_081,CTV1,Target,HD95,1.6629,mm,1,Prospective patient metrics,9114,H9114,direct ROI value
PRO_081,CTV2,Target,HD95,1.7816,mm,1,Prospective patient metrics,9519,H9519,direct ROI value
PRO_081,GTVn,Target,HD95,3.7684,mm,1,Prospective patient metrics,9924,H9924,direct ROI value
PRO_081,Large OARs,Grouped OARs,HD95,1.3093363636363637,mm,11,Prospective patient metrics,4254;4659;5064;5469;5874;6279;6684;7089;7494;7899;8304,H4254;H4659;H5064;H5469;H5874;H6279;H6684;H7089;H7494;H7899;H8304,within-patient mean across 11 OARs
PRO_081,Small OARs,Grouped OARs,HD95,0.8434300000000002,mm,10,Prospective patient metrics,204;609;1014;1419;1824;2229;2634;3039;3444;3849,H204;H609;H1014;H1419;H1824;H2229;H2634;H3039;H3444;H3849,within-patient mean across 10 OARs
PRO_081,GTVp,Target,ASD,0.7698,mm,1,Prospective patient metrics,8710,H8710,direct ROI value
PRO_081,CTV1,Target,ASD,0.8589,mm,1,Prospective patient metrics,9115,H9115,direct ROI value
PRO_081,CTV2,Target,ASD,1.5419,mm,1,Prospective patient metrics,9520,H9520,direct ROI value
PRO_081,GTVn,Target,ASD,3.756,mm,1,Prospective patient metrics,9925,H9925,direct ROI value
PRO_081,Large OARs,Grouped OARs,ASD,1.003990909090909,mm,11,Prospective patient metrics,4255;4660;5065;5470;5875;6280;6685;7090;7495;7900;8305,H4255;H4660;H5065;H5470;H5875;H6280;H6685;H7090;H7495;H7900;H8305,within-patient mean across 11 OARs
PRO_081,Small OARs,Grouped OARs,ASD,0.42065,mm,10,Prospective patient metrics,205;610;1015;1420;1825;2230;2635;3040;3445;3850,H205;H610;H1015;H1420;H1825;H2230;H2635;H3040;H3445;H3850,within-patient mean across 10 OARs
PRO_082,GTVp,Target,DSC,0.9114,unitless,1,Prospective patient metrics,8729,H8729,direct ROI value
PRO_082,CTV1,Target,DSC,0.8893,unitless,1,Prospective patient metrics,9134,H9134,direct ROI value
PRO_082,CTV2,Target,DSC,0.924,unitless,1,Prospective patient metrics,9539,H9539,direct ROI value
PRO_082,GTVn,Target,DSC,0.8298,unitless,1,Prospective patient metrics,9944,H9944,direct ROI value
PRO_082,Large OARs,Grouped OARs,DSC,0.9058727272727274,unitless,11,Prospective patient metrics,4274;4679;5084;5489;5894;6299;6704;7109;7514;7919;8324,H4274;H4679;H5084;H5489;H5894;H6299;H6704;H7109;H7514;H7919;H8324,within-patient mean across 11 OARs
PRO_082,Small OARs,Grouped OARs,DSC,0.91044,unitless,10,Prospective patient metrics,224;629;1034;1439;1844;2249;2654;3059;3464;3869,H224;H629;H1034;H1439;H1844;H2249;H2654;H3059;H3464;H3869,within-patient mean across 10 OARs
PRO_082,GTVp,Target,HD95,2.1932,mm,1,Prospective patient metrics,8730,H8730,direct ROI value
PRO_082,CTV1,Target,HD95,2.9471,mm,1,Prospective patient metrics,9135,H9135,direct ROI value
PRO_082,CTV2,Target,HD95,1.283,mm,1,Prospective patient metrics,9540,H9540,direct ROI value
PRO_082,GTVn,Target,HD95,3.0066,mm,1,Prospective patient metrics,9945,H9945,direct ROI value
PRO_082,Large OARs,Grouped OARs,HD95,1.0424545454545455,mm,11,Prospective patient metrics,4275;4680;5085;5490;5895;6300;6705;7110;7515;7920;8325,H4275;H4680;H5085;H5490;H5895;H6300;H6705;H7110;H7515;H7920;H8325,within-patient mean across 11 OARs
PRO_082,Small OARs,Grouped OARs,HD95,0.64261,mm,10,Prospective patient metrics,225;630;1035;1440;1845;2250;2655;3060;3465;3870,H225;H630;H1035;H1440;H1845;H2250;H2655;H3060;H3465;H3870,within-patient mean across 10 OARs
PRO_082,GTVp,Target,ASD,0.5904,mm,1,Prospective patient metrics,8731,H8731,direct ROI value
PRO_082,CTV1,Target,ASD,1.2251,mm,1,Prospective patient metrics,9136,H9136,direct ROI value
PRO_082,CTV2,Target,ASD,1.2749,mm,1,Prospective patient metrics,9541,H9541,direct ROI value
PRO_082,GTVn,Target,ASD,2.8818,mm,1,Prospective patient metrics,9946,H9946,direct ROI value
PRO_082,Large OARs,Grouped OARs,ASD,0.7634818181818183,mm,11,Prospective patient metrics,4276;4681;5086;5491;5896;6301;6706;7111;7516;7921;8326,H4276;H4681;H5086;H5491;H5896;H6301;H6706;H7111;H7516;H7921;H8326,within-patient mean across 11 OARs
PRO_082,Small OARs,Grouped OARs,ASD,0.42358,mm,10,Prospective patient metrics,226;631;1036;1441;1846;2251;2656;3061;3466;3871,H226;H631;H1036;H1441;H1846;H2251;H2656;H3061;H3466;H3871,within-patient mean across 10 OARs
PRO_083,GTVp,Target,DSC,0.9564,unitless,1,Prospective patient metrics,8726,H8726,direct ROI value
PRO_083,CTV1,Target,DSC,0.9118,unitless,1,Prospective patient metrics,9131,H9131,direct ROI value
PRO_083,CTV2,Target,DSC,0.9396,unitless,1,Prospective patient metrics,9536,H9536,direct ROI value
PRO_083,GTVn,Target,DSC,0.7869,unitless,1,Prospective patient metrics,9941,H9941,direct ROI value
PRO_083,Large OARs,Grouped OARs,DSC,0.9022363636363636,unitless,11,Prospective patient metrics,4271;4676;5081;5486;5891;6296;6701;7106;7511;7916;8321,H4271;H4676;H5081;H5486;H5891;H6296;H6701;H7106;H7511;H7916;H8321,within-patient mean across 11 OARs
PRO_083,Small OARs,Grouped OARs,DSC,0.90465,unitless,10,Prospective patient metrics,221;626;1031;1436;1841;2246;2651;3056;3461;3866,H221;H626;H1031;H1436;H1841;H2246;H2651;H3056;H3461;H3866,within-patient mean across 10 OARs
PRO_083,GTVp,Target,HD95,1.3334,mm,1,Prospective patient metrics,8727,H8727,direct ROI value
PRO_083,CTV1,Target,HD95,2.2925,mm,1,Prospective patient metrics,9132,H9132,direct ROI value
PRO_083,CTV2,Target,HD95,1.4339,mm,1,Prospective patient metrics,9537,H9537,direct ROI value
PRO_083,GTVn,Target,HD95,2.9695,mm,1,Prospective patient metrics,9942,H9942,direct ROI value
PRO_083,Large OARs,Grouped OARs,HD95,1.2027181818181818,mm,11,Prospective patient metrics,4272;4677;5082;5487;5892;6297;6702;7107;7512;7917;8322,H4272;H4677;H5082;H5487;H5892;H6297;H6702;H7107;H7512;H7917;H8322,within-patient mean across 11 OARs
PRO_083,Small OARs,Grouped OARs,HD95,0.77437,mm,10,Prospective patient metrics,222;627;1032;1437;1842;2247;2652;3057;3462;3867,H222;H627;H1032;H1437;H1842;H2247;H2652;H3057;H3462;H3867,within-patient mean across 10 OARs
PRO_083,GTVp,Target,ASD,0.9246,mm,1,Prospective patient metrics,8728,H8728,direct ROI value
PRO_083,CTV1,Target,ASD,0.8312,mm,1,Prospective patient metrics,9133,H9133,direct ROI value
PRO_083,CTV2,Target,ASD,1.2141,mm,1,Prospective patient metrics,9538,H9538,direct ROI value
PRO_083,GTVn,Target,ASD,1.7497,mm,1,Prospective patient metrics,9943,H9943,direct ROI value
PRO_083,Large OARs,Grouped OARs,ASD,0.8743181818181818,mm,11,Prospective patient metrics,4273;4678;5083;5488;5893;6298;6703;7108;7513;7918;8323,H4273;H4678;H5083;H5488;H5893;H6298;H6703;H7108;H7513;H7918;H8323,within-patient mean across 11 OARs
PRO_083,Small OARs,Grouped OARs,ASD,0.46575,mm,10,Prospective patient metrics,223;628;1033;1438;1843;2248;2653;3058;3463;3868,H223;H628;H1033;H1438;H1843;H2248;H2653;H3058;H3463;H3868,within-patient mean across 10 OARs
PRO_084,GTVp,Target,DSC,0.9454,unitless,1,Prospective patient metrics,8798,H8798,direct ROI value
PRO_084,CTV1,Target,DSC,0.8909,unitless,1,Prospective patient metrics,9203,H9203,direct ROI value
PRO_084,CTV2,Target,DSC,0.9188,unitless,1,Prospective patient metrics,9608,H9608,direct ROI value
PRO_084,GTVn,Target,DSC,0.8082,unitless,1,Prospective patient metrics,10013,H10013,direct ROI value
PRO_084,Large OARs,Grouped OARs,DSC,0.9114181818181819,unitless,11,Prospective patient metrics,4343;4748;5153;5558;5963;6368;6773;7178;7583;7988;8393,H4343;H4748;H5153;H5558;H5963;H6368;H6773;H7178;H7583;H7988;H8393,within-patient mean across 11 OARs
PRO_084,Small OARs,Grouped OARs,DSC,0.9281500000000001,unitless,10,Prospective patient metrics,293;698;1103;1508;1913;2318;2723;3128;3533;3938,H293;H698;H1103;H1508;H1913;H2318;H2723;H3128;H3533;H3938,within-patient mean across 10 OARs
PRO_084,GTVp,Target,HD95,3.0257,mm,1,Prospective patient metrics,8799,H8799,direct ROI value
PRO_084,CTV1,Target,HD95,3.1915,mm,1,Prospective patient metrics,9204,H9204,direct ROI value
PRO_084,CTV2,Target,HD95,2.3162,mm,1,Prospective patient metrics,9609,H9609,direct ROI value
PRO_084,GTVn,Target,HD95,3.1298,mm,1,Prospective patient metrics,10014,H10014,direct ROI value
PRO_084,Large OARs,Grouped OARs,HD95,1.049918181818182,mm,11,Prospective patient metrics,4344;4749;5154;5559;5964;6369;6774;7179;7584;7989;8394,H4344;H4749;H5154;H5559;H5964;H6369;H6774;H7179;H7584;H7989;H8394,within-patient mean across 11 OARs
PRO_084,Small OARs,Grouped OARs,HD95,0.67348,mm,10,Prospective patient metrics,294;699;1104;1509;1914;2319;2724;3129;3534;3939,H294;H699;H1104;H1509;H1914;H2319;H2724;H3129;H3534;H3939,within-patient mean across 10 OARs
PRO_084,GTVp,Target,ASD,1.3907,mm,1,Prospective patient metrics,8800,H8800,direct ROI value
PRO_084,CTV1,Target,ASD,1.0282,mm,1,Prospective patient metrics,9205,H9205,direct ROI value
PRO_084,CTV2,Target,ASD,1.2459,mm,1,Prospective patient metrics,9610,H9610,direct ROI value
PRO_084,GTVn,Target,ASD,2.599,mm,1,Prospective patient metrics,10015,H10015,direct ROI value
PRO_084,Large OARs,Grouped OARs,ASD,0.7612727272727272,mm,11,Prospective patient metrics,4345;4750;5155;5560;5965;6370;6775;7180;7585;7990;8395,H4345;H4750;H5155;H5560;H5965;H6370;H6775;H7180;H7585;H7990;H8395,within-patient mean across 11 OARs
PRO_084,Small OARs,Grouped OARs,ASD,0.45416,mm,10,Prospective patient metrics,295;700;1105;1510;1915;2320;2725;3130;3535;3940,H295;H700;H1105;H1510;H1915;H2320;H2725;H3130;H3535;H3940,within-patient mean across 10 OARs
PRO_085,GTVp,Target,DSC,0.9308,unitless,1,Prospective patient metrics,8801,H8801,direct ROI value
PRO_085,CTV1,Target,DSC,0.9036,unitless,1,Prospective patient metrics,9206,H9206,direct ROI value
PRO_085,CTV2,Target,DSC,0.9241,unitless,1,Prospective patient metrics,9611,H9611,direct ROI value
PRO_085,GTVn,Target,DSC,0.807,unitless,1,Prospective patient metrics,10016,H10016,direct ROI value
PRO_085,Large OARs,Grouped OARs,DSC,0.8977454545454546,unitless,11,Prospective patient metrics,4346;4751;5156;5561;5966;6371;6776;7181;7586;7991;8396,H4346;H4751;H5156;H5561;H5966;H6371;H6776;H7181;H7586;H7991;H8396,within-patient mean across 11 OARs
PRO_085,Small OARs,Grouped OARs,DSC,0.90302,unitless,10,Prospective patient metrics,296;701;1106;1511;1916;2321;2726;3131;3536;3941,H296;H701;H1106;H1511;H1916;H2321;H2726;H3131;H3536;H3941,within-patient mean across 10 OARs
PRO_085,GTVp,Target,HD95,2.0768,mm,1,Prospective patient metrics,8802,H8802,direct ROI value
PRO_085,CTV1,Target,HD95,2.2343,mm,1,Prospective patient metrics,9207,H9207,direct ROI value
PRO_085,CTV2,Target,HD95,1.4183,mm,1,Prospective patient metrics,9612,H9612,direct ROI value
PRO_085,GTVn,Target,HD95,4.9375,mm,1,Prospective patient metrics,10017,H10017,direct ROI value
PRO_085,Large OARs,Grouped OARs,HD95,1.1481454545454546,mm,11,Prospective patient metrics,4347;4752;5157;5562;5967;6372;6777;7182;7587;7992;8397,H4347;H4752;H5157;H5562;H5967;H6372;H6777;H7182;H7587;H7992;H8397,within-patient mean across 11 OARs
PRO_085,Small OARs,Grouped OARs,HD95,0.81511,mm,10,Prospective patient metrics,297;702;1107;1512;1917;2322;2727;3132;3537;3942,H297;H702;H1107;H1512;H1917;H2322;H2727;H3132;H3537;H3942,within-patient mean across 10 OARs
PRO_085,GTVp,Target,ASD,0.8853,mm,1,Prospective patient metrics,8803,H8803,direct ROI value
PRO_085,CTV1,Target,ASD,0.9386,mm,1,Prospective patient metrics,9208,H9208,direct ROI value
PRO_085,CTV2,Target,ASD,1.3564,mm,1,Prospective patient metrics,9613,H9613,direct ROI value
PRO_085,GTVn,Target,ASD,2.1678,mm,1,Prospective patient metrics,10018,H10018,direct ROI value
PRO_085,Large OARs,Grouped OARs,ASD,0.6947545454545454,mm,11,Prospective patient metrics,4348;4753;5158;5563;5968;6373;6778;7183;7588;7993;8398,H4348;H4753;H5158;H5563;H5968;H6373;H6778;H7183;H7588;H7993;H8398,within-patient mean across 11 OARs
PRO_085,Small OARs,Grouped OARs,ASD,0.50062,mm,10,Prospective patient metrics,298;703;1108;1513;1918;2323;2728;3133;3538;3943,H298;H703;H1108;H1513;H1918;H2323;H2728;H3133;H3538;H3943,within-patient mean across 10 OARs
PRO_086,GTVp,Target,DSC,0.9544,unitless,1,Prospective patient metrics,8807,H8807,direct ROI value
PRO_086,CTV1,Target,DSC,0.9124,unitless,1,Prospective patient metrics,9212,H9212,direct ROI value
PRO_086,CTV2,Target,DSC,0.8859,unitless,1,Prospective patient metrics,9617,H9617,direct ROI value
PRO_086,GTVn,Target,DSC,0.7764,unitless,1,Prospective patient metrics,10022,H10022,direct ROI value
PRO_086,Large OARs,Grouped OARs,DSC,0.908818181818182,unitless,11,Prospective patient metrics,4352;4757;5162;5567;5972;6377;6782;7187;7592;7997;8402,H4352;H4757;H5162;H5567;H5972;H6377;H6782;H7187;H7592;H7997;H8402,within-patient mean across 11 OARs
PRO_086,Small OARs,Grouped OARs,DSC,0.8861000000000001,unitless,10,Prospective patient metrics,302;707;1112;1517;1922;2327;2732;3137;3542;3947,H302;H707;H1112;H1517;H1922;H2327;H2732;H3137;H3542;H3947,within-patient mean across 10 OARs
PRO_086,GTVp,Target,HD95,1.551,mm,1,Prospective patient metrics,8808,H8808,direct ROI value
PRO_086,CTV1,Target,HD95,3.2267,mm,1,Prospective patient metrics,9213,H9213,direct ROI value
PRO_086,CTV2,Target,HD95,2.6492,mm,1,Prospective patient metrics,9618,H9618,direct ROI value
PRO_086,GTVn,Target,HD95,4.3549,mm,1,Prospective patient metrics,10023,H10023,direct ROI value
PRO_086,Large OARs,Grouped OARs,HD95,1.1912363636363636,mm,11,Prospective patient metrics,4353;4758;5163;5568;5973;6378;6783;7188;7593;7998;8403,H4353;H4758;H5163;H5568;H5973;H6378;H6783;H7188;H7593;H7998;H8403,within-patient mean across 11 OARs
PRO_086,Small OARs,Grouped OARs,HD95,0.9159900000000001,mm,10,Prospective patient metrics,303;708;1113;1518;1923;2328;2733;3138;3543;3948,H303;H708;H1113;H1518;H1923;H2328;H2733;H3138;H3543;H3948,within-patient mean across 10 OARs
PRO_086,GTVp,Target,ASD,0.7035,mm,1,Prospective patient metrics,8809,H8809,direct ROI value
PRO_086,CTV1,Target,ASD,0.5434,mm,1,Prospective patient metrics,9214,H9214,direct ROI value
PRO_086,CTV2,Target,ASD,2.3647,mm,1,Prospective patient metrics,9619,H9619,direct ROI value
PRO_086,GTVn,Target,ASD,3.413,mm,1,Prospective patient metrics,10024,H10024,direct ROI value
PRO_086,Large OARs,Grouped OARs,ASD,0.8042272727272728,mm,11,Prospective patient metrics,4354;4759;5164;5569;5974;6379;6784;7189;7594;7999;8404,H4354;H4759;H5164;H5569;H5974;H6379;H6784;H7189;H7594;H7999;H8404,within-patient mean across 11 OARs
PRO_086,Small OARs,Grouped OARs,ASD,0.5290199999999999,mm,10,Prospective patient metrics,304;709;1114;1519;1924;2329;2734;3139;3544;3949,H304;H709;H1114;H1519;H1924;H2329;H2734;H3139;H3544;H3949,within-patient mean across 10 OARs
PRO_087,GTVp,Target,DSC,0.9178,unitless,1,Prospective patient metrics,8732,H8732,direct ROI value
PRO_087,CTV1,Target,DSC,0.9094,unitless,1,Prospective patient metrics,9137,H9137,direct ROI value
PRO_087,CTV2,Target,DSC,0.9243,unitless,1,Prospective patient metrics,9542,H9542,direct ROI value
PRO_087,GTVn,Target,DSC,0.7894,unitless,1,Prospective patient metrics,9947,H9947,direct ROI value
PRO_087,Large OARs,Grouped OARs,DSC,0.9035272727272726,unitless,11,Prospective patient metrics,4277;4682;5087;5492;5897;6302;6707;7112;7517;7922;8327,H4277;H4682;H5087;H5492;H5897;H6302;H6707;H7112;H7517;H7922;H8327,within-patient mean across 11 OARs
PRO_087,Small OARs,Grouped OARs,DSC,0.88505,unitless,10,Prospective patient metrics,227;632;1037;1442;1847;2252;2657;3062;3467;3872,H227;H632;H1037;H1442;H1847;H2252;H2657;H3062;H3467;H3872,within-patient mean across 10 OARs
PRO_087,GTVp,Target,HD95,2.8197,mm,1,Prospective patient metrics,8733,H8733,direct ROI value
PRO_087,CTV1,Target,HD95,2.4779,mm,1,Prospective patient metrics,9138,H9138,direct ROI value
PRO_087,CTV2,Target,HD95,1.48,mm,1,Prospective patient metrics,9543,H9543,direct ROI value
PRO_087,GTVn,Target,HD95,6.3079,mm,1,Prospective patient metrics,9948,H9948,direct ROI value
PRO_087,Large OARs,Grouped OARs,HD95,1.3094636363636363,mm,11,Prospective patient metrics,4278;4683;5088;5493;5898;6303;6708;7113;7518;7923;8328,H4278;H4683;H5088;H5493;H5898;H6303;H6708;H7113;H7518;H7923;H8328,within-patient mean across 11 OARs
PRO_087,Small OARs,Grouped OARs,HD95,0.84954,mm,10,Prospective patient metrics,228;633;1038;1443;1848;2253;2658;3063;3468;3873,H228;H633;H1038;H1443;H1848;H2253;H2658;H3063;H3468;H3873,within-patient mean across 10 OARs
PRO_087,GTVp,Target,ASD,1.355,mm,1,Prospective patient metrics,8734,H8734,direct ROI value
PRO_087,CTV1,Target,ASD,0.7143,mm,1,Prospective patient metrics,9139,H9139,direct ROI value
PRO_087,CTV2,Target,ASD,1.3523,mm,1,Prospective patient metrics,9544,H9544,direct ROI value
PRO_087,GTVn,Target,ASD,3.8985,mm,1,Prospective patient metrics,9949,H9949,direct ROI value
PRO_087,Large OARs,Grouped OARs,ASD,0.8483454545454546,mm,11,Prospective patient metrics,4279;4684;5089;5494;5899;6304;6709;7114;7519;7924;8329,H4279;H4684;H5089;H5494;H5899;H6304;H6709;H7114;H7519;H7924;H8329,within-patient mean across 11 OARs
PRO_087,Small OARs,Grouped OARs,ASD,0.5766800000000001,mm,10,Prospective patient metrics,229;634;1039;1444;1849;2254;2659;3064;3469;3874,H229;H634;H1039;H1444;H1849;H2254;H2659;H3064;H3469;H3874,within-patient mean across 10 OARs
PRO_088,GTVp,Target,DSC,0.9463,unitless,1,Prospective patient metrics,8747,H8747,direct ROI value
PRO_088,CTV1,Target,DSC,0.9058,unitless,1,Prospective patient metrics,9152,H9152,direct ROI value
PRO_088,CTV2,Target,DSC,0.8701,unitless,1,Prospective patient metrics,9557,H9557,direct ROI value
PRO_088,GTVn,Target,DSC,0.7885,unitless,1,Prospective patient metrics,9962,H9962,direct ROI value
PRO_088,Large OARs,Grouped OARs,DSC,0.9009999999999999,unitless,11,Prospective patient metrics,4292;4697;5102;5507;5912;6317;6722;7127;7532;7937;8342,H4292;H4697;H5102;H5507;H5912;H6317;H6722;H7127;H7532;H7937;H8342,within-patient mean across 11 OARs
PRO_088,Small OARs,Grouped OARs,DSC,0.91204,unitless,10,Prospective patient metrics,242;647;1052;1457;1862;2267;2672;3077;3482;3887,H242;H647;H1052;H1457;H1862;H2267;H2672;H3077;H3482;H3887,within-patient mean across 10 OARs
PRO_088,GTVp,Target,HD95,1.0194,mm,1,Prospective patient metrics,8748,H8748,direct ROI value
PRO_088,CTV1,Target,HD95,2.5479,mm,1,Prospective patient metrics,9153,H9153,direct ROI value
PRO_088,CTV2,Target,HD95,1.9278,mm,1,Prospective patient metrics,9558,H9558,direct ROI value
PRO_088,GTVn,Target,HD95,4.5165,mm,1,Prospective patient metrics,9963,H9963,direct ROI value
PRO_088,Large OARs,Grouped OARs,HD95,1.1918636363636363,mm,11,Prospective patient metrics,4293;4698;5103;5508;5913;6318;6723;7128;7533;7938;8343,H4293;H4698;H5103;H5508;H5913;H6318;H6723;H7128;H7533;H7938;H8343,within-patient mean across 11 OARs
PRO_088,Small OARs,Grouped OARs,HD95,0.8860399999999998,mm,10,Prospective patient metrics,243;648;1053;1458;1863;2268;2673;3078;3483;3888,H243;H648;H1053;H1458;H1863;H2268;H2673;H3078;H3483;H3888,within-patient mean across 10 OARs
PRO_088,GTVp,Target,ASD,0.9014,mm,1,Prospective patient metrics,8749,H8749,direct ROI value
PRO_088,CTV1,Target,ASD,0.7121,mm,1,Prospective patient metrics,9154,H9154,direct ROI value
PRO_088,CTV2,Target,ASD,1.9152,mm,1,Prospective patient metrics,9559,H9559,direct ROI value
PRO_088,GTVn,Target,ASD,2.5164,mm,1,Prospective patient metrics,9964,H9964,direct ROI value
PRO_088,Large OARs,Grouped OARs,ASD,0.8478454545454546,mm,11,Prospective patient metrics,4294;4699;5104;5509;5914;6319;6724;7129;7534;7939;8344,H4294;H4699;H5104;H5509;H5914;H6319;H6724;H7129;H7534;H7939;H8344,within-patient mean across 11 OARs
PRO_088,Small OARs,Grouped OARs,ASD,0.45680999999999994,mm,10,Prospective patient metrics,244;649;1054;1459;1864;2269;2674;3079;3484;3889,H244;H649;H1054;H1459;H1864;H2269;H2674;H3079;H3484;H3889,within-patient mean across 10 OARs
PRO_089,GTVp,Target,DSC,0.954,unitless,1,Prospective patient metrics,8828,H8828,direct ROI value
PRO_089,CTV1,Target,DSC,0.9327,unitless,1,Prospective patient metrics,9233,H9233,direct ROI value
PRO_089,CTV2,Target,DSC,0.8942,unitless,1,Prospective patient metrics,9638,H9638,direct ROI value
PRO_089,GTVn,Target,DSC,0.815,unitless,1,Prospective patient metrics,10043,H10043,direct ROI value
PRO_089,Large OARs,Grouped OARs,DSC,0.9201636363636364,unitless,11,Prospective patient metrics,4373;4778;5183;5588;5993;6398;6803;7208;7613;8018;8423,H4373;H4778;H5183;H5588;H5993;H6398;H6803;H7208;H7613;H8018;H8423,within-patient mean across 11 OARs
PRO_089,Small OARs,Grouped OARs,DSC,0.91808,unitless,10,Prospective patient metrics,323;728;1133;1538;1943;2348;2753;3158;3563;3968,H323;H728;H1133;H1538;H1943;H2348;H2753;H3158;H3563;H3968,within-patient mean across 10 OARs
PRO_089,GTVp,Target,HD95,2.5124,mm,1,Prospective patient metrics,8829,H8829,direct ROI value
PRO_089,CTV1,Target,HD95,1.6548,mm,1,Prospective patient metrics,9234,H9234,direct ROI value
PRO_089,CTV2,Target,HD95,1.475,mm,1,Prospective patient metrics,9639,H9639,direct ROI value
PRO_089,GTVn,Target,HD95,2.1549,mm,1,Prospective patient metrics,10044,H10044,direct ROI value
PRO_089,Large OARs,Grouped OARs,HD95,0.937918181818182,mm,11,Prospective patient metrics,4374;4779;5184;5589;5994;6399;6804;7209;7614;8019;8424,H4374;H4779;H5184;H5589;H5994;H6399;H6804;H7209;H7614;H8019;H8424,within-patient mean across 11 OARs
PRO_089,Small OARs,Grouped OARs,HD95,0.73067,mm,10,Prospective patient metrics,324;729;1134;1539;1944;2349;2754;3159;3564;3969,H324;H729;H1134;H1539;H1944;H2349;H2754;H3159;H3564;H3969,within-patient mean across 10 OARs
PRO_089,GTVp,Target,ASD,1.1488,mm,1,Prospective patient metrics,8830,H8830,direct ROI value
PRO_089,CTV1,Target,ASD,0.5147,mm,1,Prospective patient metrics,9235,H9235,direct ROI value
PRO_089,CTV2,Target,ASD,1.4607,mm,1,Prospective patient metrics,9640,H9640,direct ROI value
PRO_089,GTVn,Target,ASD,1.4022,mm,1,Prospective patient metrics,10045,H10045,direct ROI value
PRO_089,Large OARs,Grouped OARs,ASD,0.7021000000000001,mm,11,Prospective patient metrics,4375;4780;5185;5590;5995;6400;6805;7210;7615;8020;8425,H4375;H4780;H5185;H5590;H5995;H6400;H6805;H7210;H7615;H8020;H8425,within-patient mean across 11 OARs
PRO_089,Small OARs,Grouped OARs,ASD,0.43912000000000007,mm,10,Prospective patient metrics,325;730;1135;1540;1945;2350;2755;3160;3565;3970,H325;H730;H1135;H1540;H1945;H2350;H2755;H3160;H3565;H3970,within-patient mean across 10 OARs
PRO_090,GTVp,Target,DSC,0.9734,unitless,1,Prospective patient metrics,8810,H8810,direct ROI value
PRO_090,CTV1,Target,DSC,0.9147,unitless,1,Prospective patient metrics,9215,H9215,direct ROI value
PRO_090,CTV2,Target,DSC,0.9025,unitless,1,Prospective patient metrics,9620,H9620,direct ROI value
PRO_090,GTVn,Target,DSC,0.7929,unitless,1,Prospective patient metrics,10025,H10025,direct ROI value
PRO_090,Large OARs,Grouped OARs,DSC,0.8893545454545453,unitless,11,Prospective patient metrics,4355;4760;5165;5570;5975;6380;6785;7190;7595;8000;8405,H4355;H4760;H5165;H5570;H5975;H6380;H6785;H7190;H7595;H8000;H8405,within-patient mean across 11 OARs
PRO_090,Small OARs,Grouped OARs,DSC,0.9083899999999998,unitless,10,Prospective patient metrics,305;710;1115;1520;1925;2330;2735;3140;3545;3950,H305;H710;H1115;H1520;H1925;H2330;H2735;H3140;H3545;H3950,within-patient mean across 10 OARs
PRO_090,GTVp,Target,HD95,1.2308,mm,1,Prospective patient metrics,8811,H8811,direct ROI value
PRO_090,CTV1,Target,HD95,2.042,mm,1,Prospective patient metrics,9216,H9216,direct ROI value
PRO_090,CTV2,Target,HD95,1.1977,mm,1,Prospective patient metrics,9621,H9621,direct ROI value
PRO_090,GTVn,Target,HD95,4.3748,mm,1,Prospective patient metrics,10026,H10026,direct ROI value
PRO_090,Large OARs,Grouped OARs,HD95,1.3907818181818181,mm,11,Prospective patient metrics,4356;4761;5166;5571;5976;6381;6786;7191;7596;8001;8406,H4356;H4761;H5166;H5571;H5976;H6381;H6786;H7191;H7596;H8001;H8406,within-patient mean across 11 OARs
PRO_090,Small OARs,Grouped OARs,HD95,0.7179299999999998,mm,10,Prospective patient metrics,306;711;1116;1521;1926;2331;2736;3141;3546;3951,H306;H711;H1116;H1521;H1926;H2331;H2736;H3141;H3546;H3951,within-patient mean across 10 OARs
PRO_090,GTVp,Target,ASD,0.6149,mm,1,Prospective patient metrics,8812,H8812,direct ROI value
PRO_090,CTV1,Target,ASD,0.7014,mm,1,Prospective patient metrics,9217,H9217,direct ROI value
PRO_090,CTV2,Target,ASD,1.1974,mm,1,Prospective patient metrics,9622,H9622,direct ROI value
PRO_090,GTVn,Target,ASD,2.4842,mm,1,Prospective patient metrics,10027,H10027,direct ROI value
PRO_090,Large OARs,Grouped OARs,ASD,0.9364272727272728,mm,11,Prospective patient metrics,4357;4762;5167;5572;5977;6382;6787;7192;7597;8002;8407,H4357;H4762;H5167;H5572;H5977;H6382;H6787;H7192;H7597;H8002;H8407,within-patient mean across 11 OARs
PRO_090,Small OARs,Grouped OARs,ASD,0.46110999999999996,mm,10,Prospective patient metrics,307;712;1117;1522;1927;2332;2737;3142;3547;3952,H307;H712;H1117;H1522;H1927;H2332;H2737;H3142;H3547;H3952,within-patient mean across 10 OARs
PRO_091,GTVp,Target,DSC,0.916,unitless,1,Prospective patient metrics,8744,H8744,direct ROI value
PRO_091,CTV1,Target,DSC,0.8842,unitless,1,Prospective patient metrics,9149,H9149,direct ROI value
PRO_091,CTV2,Target,DSC,0.9157,unitless,1,Prospective patient metrics,9554,H9554,direct ROI value
PRO_091,GTVn,Target,DSC,0.7856,unitless,1,Prospective patient metrics,9959,H9959,direct ROI value
PRO_091,Large OARs,Grouped OARs,DSC,0.8973363636363637,unitless,11,Prospective patient metrics,4289;4694;5099;5504;5909;6314;6719;7124;7529;7934;8339,H4289;H4694;H5099;H5504;H5909;H6314;H6719;H7124;H7529;H7934;H8339,within-patient mean across 11 OARs
PRO_091,Small OARs,Grouped OARs,DSC,0.9110299999999999,unitless,10,Prospective patient metrics,239;644;1049;1454;1859;2264;2669;3074;3479;3884,H239;H644;H1049;H1454;H1859;H2264;H2669;H3074;H3479;H3884,within-patient mean across 10 OARs
PRO_091,GTVp,Target,HD95,1.7108,mm,1,Prospective patient metrics,8745,H8745,direct ROI value
PRO_091,CTV1,Target,HD95,5.4135,mm,1,Prospective patient metrics,9150,H9150,direct ROI value
PRO_091,CTV2,Target,HD95,1.3342,mm,1,Prospective patient metrics,9555,H9555,direct ROI value
PRO_091,GTVn,Target,HD95,4.136,mm,1,Prospective patient metrics,9960,H9960,direct ROI value
PRO_091,Large OARs,Grouped OARs,HD95,1.2728545454545455,mm,11,Prospective patient metrics,4290;4695;5100;5505;5910;6315;6720;7125;7530;7935;8340,H4290;H4695;H5100;H5505;H5910;H6315;H6720;H7125;H7530;H7935;H8340,within-patient mean across 11 OARs
PRO_091,Small OARs,Grouped OARs,HD95,0.67754,mm,10,Prospective patient metrics,240;645;1050;1455;1860;2265;2670;3075;3480;3885,H240;H645;H1050;H1455;H1860;H2265;H2670;H3075;H3480;H3885,within-patient mean across 10 OARs
PRO_091,GTVp,Target,ASD,0.9656,mm,1,Prospective patient metrics,8746,H8746,direct ROI value
PRO_091,CTV1,Target,ASD,1.1326,mm,1,Prospective patient metrics,9151,H9151,direct ROI value
PRO_091,CTV2,Target,ASD,1.325,mm,1,Prospective patient metrics,9556,H9556,direct ROI value
PRO_091,GTVn,Target,ASD,3.242,mm,1,Prospective patient metrics,9961,H9961,direct ROI value
PRO_091,Large OARs,Grouped OARs,ASD,0.8512363636363637,mm,11,Prospective patient metrics,4291;4696;5101;5506;5911;6316;6721;7126;7531;7936;8341,H4291;H4696;H5101;H5506;H5911;H6316;H6721;H7126;H7531;H7936;H8341,within-patient mean across 11 OARs
PRO_091,Small OARs,Grouped OARs,ASD,0.52141,mm,10,Prospective patient metrics,241;646;1051;1456;1861;2266;2671;3076;3481;3886,H241;H646;H1051;H1456;H1861;H2266;H2671;H3076;H3481;H3886,within-patient mean across 10 OARs
PRO_092,GTVp,Target,DSC,0.911,unitless,1,Prospective patient metrics,8816,H8816,direct ROI value
PRO_092,CTV1,Target,DSC,0.8656,unitless,1,Prospective patient metrics,9221,H9221,direct ROI value
PRO_092,CTV2,Target,DSC,0.864,unitless,1,Prospective patient metrics,9626,H9626,direct ROI value
PRO_092,GTVn,Target,DSC,0.7399,unitless,1,Prospective patient metrics,10031,H10031,direct ROI value
PRO_092,Large OARs,Grouped OARs,DSC,0.9010363636363636,unitless,11,Prospective patient metrics,4361;4766;5171;5576;5981;6386;6791;7196;7601;8006;8411,H4361;H4766;H5171;H5576;H5981;H6386;H6791;H7196;H7601;H8006;H8411,within-patient mean across 11 OARs
PRO_092,Small OARs,Grouped OARs,DSC,0.90106,unitless,10,Prospective patient metrics,311;716;1121;1526;1931;2336;2741;3146;3551;3956,H311;H716;H1121;H1526;H1931;H2336;H2741;H3146;H3551;H3956,within-patient mean across 10 OARs
PRO_092,GTVp,Target,HD95,2.8895,mm,1,Prospective patient metrics,8817,H8817,direct ROI value
PRO_092,CTV1,Target,HD95,4.1945,mm,1,Prospective patient metrics,9222,H9222,direct ROI value
PRO_092,CTV2,Target,HD95,2.5143,mm,1,Prospective patient metrics,9627,H9627,direct ROI value
PRO_092,GTVn,Target,HD95,7.318,mm,1,Prospective patient metrics,10032,H10032,direct ROI value
PRO_092,Large OARs,Grouped OARs,HD95,1.1402545454545454,mm,11,Prospective patient metrics,4362;4767;5172;5577;5982;6387;6792;7197;7602;8007;8412,H4362;H4767;H5172;H5577;H5982;H6387;H6792;H7197;H7602;H8007;H8412,within-patient mean across 11 OARs
PRO_092,Small OARs,Grouped OARs,HD95,0.92308,mm,10,Prospective patient metrics,312;717;1122;1527;1932;2337;2742;3147;3552;3957,H312;H717;H1122;H1527;H1932;H2337;H2742;H3147;H3552;H3957,within-patient mean across 10 OARs
PRO_092,GTVp,Target,ASD,1.3583,mm,1,Prospective patient metrics,8818,H8818,direct ROI value
PRO_092,CTV1,Target,ASD,1.6179,mm,1,Prospective patient metrics,9223,H9223,direct ROI value
PRO_092,CTV2,Target,ASD,2.4288,mm,1,Prospective patient metrics,9628,H9628,direct ROI value
PRO_092,GTVn,Target,ASD,4.4453,mm,1,Prospective patient metrics,10033,H10033,direct ROI value
PRO_092,Large OARs,Grouped OARs,ASD,0.8254636363636365,mm,11,Prospective patient metrics,4363;4768;5173;5578;5983;6388;6793;7198;7603;8008;8413,H4363;H4768;H5173;H5578;H5983;H6388;H6793;H7198;H7603;H8008;H8413,within-patient mean across 11 OARs
PRO_092,Small OARs,Grouped OARs,ASD,0.51949,mm,10,Prospective patient metrics,313;718;1123;1528;1933;2338;2743;3148;3553;3958,H313;H718;H1123;H1528;H1933;H2338;H2743;H3148;H3553;H3958,within-patient mean across 10 OARs
PRO_093,GTVp,Target,DSC,0.91,unitless,1,Prospective patient metrics,8750,H8750,direct ROI value
PRO_093,CTV1,Target,DSC,0.8877,unitless,1,Prospective patient metrics,9155,H9155,direct ROI value
PRO_093,CTV2,Target,DSC,0.9024,unitless,1,Prospective patient metrics,9560,H9560,direct ROI value
PRO_093,GTVn,Target,DSC,0.7745,unitless,1,Prospective patient metrics,9965,H9965,direct ROI value
PRO_093,Large OARs,Grouped OARs,DSC,0.9135636363636362,unitless,11,Prospective patient metrics,4295;4700;5105;5510;5915;6320;6725;7130;7535;7940;8345,H4295;H4700;H5105;H5510;H5915;H6320;H6725;H7130;H7535;H7940;H8345,within-patient mean across 11 OARs
PRO_093,Small OARs,Grouped OARs,DSC,0.90564,unitless,10,Prospective patient metrics,245;650;1055;1460;1865;2270;2675;3080;3485;3890,H245;H650;H1055;H1460;H1865;H2270;H2675;H3080;H3485;H3890,within-patient mean across 10 OARs
PRO_093,GTVp,Target,HD95,3.1313,mm,1,Prospective patient metrics,8751,H8751,direct ROI value
PRO_093,CTV1,Target,HD95,3.6938,mm,1,Prospective patient metrics,9156,H9156,direct ROI value
PRO_093,CTV2,Target,HD95,1.0927,mm,1,Prospective patient metrics,9561,H9561,direct ROI value
PRO_093,GTVn,Target,HD95,4.6187,mm,1,Prospective patient metrics,9966,H9966,direct ROI value
PRO_093,Large OARs,Grouped OARs,HD95,1.1477636363636365,mm,11,Prospective patient metrics,4296;4701;5106;5511;5916;6321;6726;7131;7536;7941;8346,H4296;H4701;H5106;H5511;H5916;H6321;H6726;H7131;H7536;H7941;H8346,within-patient mean across 11 OARs
PRO_093,Small OARs,Grouped OARs,HD95,0.7588099999999999,mm,10,Prospective patient metrics,246;651;1056;1461;1866;2271;2676;3081;3486;3891,H246;H651;H1056;H1461;H1866;H2271;H2676;H3081;H3486;H3891,within-patient mean across 10 OARs
PRO_093,GTVp,Target,ASD,1.7377,mm,1,Prospective patient metrics,8752,H8752,direct ROI value
PRO_093,CTV1,Target,ASD,0.7181,mm,1,Prospective patient metrics,9157,H9157,direct ROI value
PRO_093,CTV2,Target,ASD,1.0699,mm,1,Prospective patient metrics,9562,H9562,direct ROI value
PRO_093,GTVn,Target,ASD,3.492,mm,1,Prospective patient metrics,9967,H9967,direct ROI value
PRO_093,Large OARs,Grouped OARs,ASD,0.7346090909090909,mm,11,Prospective patient metrics,4297;4702;5107;5512;5917;6322;6727;7132;7537;7942;8347,H4297;H4702;H5107;H5512;H5917;H6322;H6727;H7132;H7537;H7942;H8347,within-patient mean across 11 OARs
PRO_093,Small OARs,Grouped OARs,ASD,0.42788000000000004,mm,10,Prospective patient metrics,247;652;1057;1462;1867;2272;2677;3082;3487;3892,H247;H652;H1057;H1462;H1867;H2272;H2677;H3082;H3487;H3892,within-patient mean across 10 OARs
PRO_094,GTVp,Target,DSC,0.9422,unitless,1,Prospective patient metrics,8834,H8834,direct ROI value
PRO_094,CTV1,Target,DSC,0.9181,unitless,1,Prospective patient metrics,9239,H9239,direct ROI value
PRO_094,CTV2,Target,DSC,0.8595,unitless,1,Prospective patient metrics,9644,H9644,direct ROI value
PRO_094,GTVn,Target,DSC,0.7349,unitless,1,Prospective patient metrics,10049,H10049,direct ROI value
PRO_094,Large OARs,Grouped OARs,DSC,0.9167454545454544,unitless,11,Prospective patient metrics,4379;4784;5189;5594;5999;6404;6809;7214;7619;8024;8429,H4379;H4784;H5189;H5594;H5999;H6404;H6809;H7214;H7619;H8024;H8429,within-patient mean across 11 OARs
PRO_094,Small OARs,Grouped OARs,DSC,0.8926399999999999,unitless,10,Prospective patient metrics,329;734;1139;1544;1949;2354;2759;3164;3569;3974,H329;H734;H1139;H1544;H1949;H2354;H2759;H3164;H3569;H3974,within-patient mean across 10 OARs
PRO_094,GTVp,Target,HD95,2.9234,mm,1,Prospective patient metrics,8835,H8835,direct ROI value
PRO_094,CTV1,Target,HD95,2.5904,mm,1,Prospective patient metrics,9240,H9240,direct ROI value
PRO_094,CTV2,Target,HD95,1.623,mm,1,Prospective patient metrics,9645,H9645,direct ROI value
PRO_094,GTVn,Target,HD95,6.0836,mm,1,Prospective patient metrics,10050,H10050,direct ROI value
PRO_094,Large OARs,Grouped OARs,HD95,0.9134454545454546,mm,11,Prospective patient metrics,4380;4785;5190;5595;6000;6405;6810;7215;7620;8025;8430,H4380;H4785;H5190;H5595;H6000;H6405;H6810;H7215;H7620;H8025;H8430,within-patient mean across 11 OARs
PRO_094,Small OARs,Grouped OARs,HD95,0.80924,mm,10,Prospective patient metrics,330;735;1140;1545;1950;2355;2760;3165;3570;3975,H330;H735;H1140;H1545;H1950;H2355;H2760;H3165;H3570;H3975,within-patient mean across 10 OARs
PRO_094,GTVp,Target,ASD,1.3325,mm,1,Prospective patient metrics,8836,H8836,direct ROI value
PRO_094,CTV1,Target,ASD,1.0903,mm,1,Prospective patient metrics,9241,H9241,direct ROI value
PRO_094,CTV2,Target,ASD,1.6152,mm,1,Prospective patient metrics,9646,H9646,direct ROI value
PRO_094,GTVn,Target,ASD,2.9815,mm,1,Prospective patient metrics,10051,H10051,direct ROI value
PRO_094,Large OARs,Grouped OARs,ASD,0.6741363636363636,mm,11,Prospective patient metrics,4381;4786;5191;5596;6001;6406;6811;7216;7621;8026;8431,H4381;H4786;H5191;H5596;H6001;H6406;H6811;H7216;H7621;H8026;H8431,within-patient mean across 11 OARs
PRO_094,Small OARs,Grouped OARs,ASD,0.48918999999999996,mm,10,Prospective patient metrics,331;736;1141;1546;1951;2356;2761;3166;3571;3976,H331;H736;H1141;H1546;H1951;H2356;H2761;H3166;H3571;H3976,within-patient mean across 10 OARs
PRO_095,GTVp,Target,DSC,0.9473,unitless,1,Prospective patient metrics,8759,H8759,direct ROI value
PRO_095,CTV1,Target,DSC,0.903,unitless,1,Prospective patient metrics,9164,H9164,direct ROI value
PRO_095,CTV2,Target,DSC,0.9286,unitless,1,Prospective patient metrics,9569,H9569,direct ROI value
PRO_095,GTVn,Target,DSC,0.7994,unitless,1,Prospective patient metrics,9974,H9974,direct ROI value
PRO_095,Large OARs,Grouped OARs,DSC,0.9003818181818182,unitless,11,Prospective patient metrics,4304;4709;5114;5519;5924;6329;6734;7139;7544;7949;8354,H4304;H4709;H5114;H5519;H5924;H6329;H6734;H7139;H7544;H7949;H8354,within-patient mean across 11 OARs
PRO_095,Small OARs,Grouped OARs,DSC,0.89786,unitless,10,Prospective patient metrics,254;659;1064;1469;1874;2279;2684;3089;3494;3899,H254;H659;H1064;H1469;H1874;H2279;H2684;H3089;H3494;H3899,within-patient mean across 10 OARs
PRO_095,GTVp,Target,HD95,1.8699,mm,1,Prospective patient metrics,8760,H8760,direct ROI value
PRO_095,CTV1,Target,HD95,3.0979,mm,1,Prospective patient metrics,9165,H9165,direct ROI value
PRO_095,CTV2,Target,HD95,1.1566,mm,1,Prospective patient metrics,9570,H9570,direct ROI value
PRO_095,GTVn,Target,HD95,3.5378,mm,1,Prospective patient metrics,9975,H9975,direct ROI value
PRO_095,Large OARs,Grouped OARs,HD95,1.2262636363636366,mm,11,Prospective patient metrics,4305;4710;5115;5520;5925;6330;6735;7140;7545;7950;8355,H4305;H4710;H5115;H5520;H5925;H6330;H6735;H7140;H7545;H7950;H8355,within-patient mean across 11 OARs
PRO_095,Small OARs,Grouped OARs,HD95,0.74711,mm,10,Prospective patient metrics,255;660;1065;1470;1875;2280;2685;3090;3495;3900,H255;H660;H1065;H1470;H1875;H2280;H2685;H3090;H3495;H3900,within-patient mean across 10 OARs
PRO_095,GTVp,Target,ASD,1.2021,mm,1,Prospective patient metrics,8761,H8761,direct ROI value
PRO_095,CTV1,Target,ASD,1.1843,mm,1,Prospective patient metrics,9166,H9166,direct ROI value
PRO_095,CTV2,Target,ASD,1.1387,mm,1,Prospective patient metrics,9571,H9571,direct ROI value
PRO_095,GTVn,Target,ASD,3.4099,mm,1,Prospective patient metrics,9976,H9976,direct ROI value
PRO_095,Large OARs,Grouped OARs,ASD,0.863909090909091,mm,11,Prospective patient metrics,4306;4711;5116;5521;5926;6331;6736;7141;7546;7951;8356,H4306;H4711;H5116;H5521;H5926;H6331;H6736;H7141;H7546;H7951;H8356,within-patient mean across 11 OARs
PRO_095,Small OARs,Grouped OARs,ASD,0.53957,mm,10,Prospective patient metrics,256;661;1066;1471;1876;2281;2686;3091;3496;3901,H256;H661;H1066;H1471;H1876;H2281;H2686;H3091;H3496;H3901,within-patient mean across 10 OARs
PRO_096,GTVp,Target,DSC,0.9677,unitless,1,Prospective patient metrics,8831,H8831,direct ROI value
PRO_096,CTV1,Target,DSC,0.9191,unitless,1,Prospective patient metrics,9236,H9236,direct ROI value
PRO_096,CTV2,Target,DSC,0.8388,unitless,1,Prospective patient metrics,9641,H9641,direct ROI value
PRO_096,GTVn,Target,DSC,0.7549,unitless,1,Prospective patient metrics,10046,H10046,direct ROI value
PRO_096,Large OARs,Grouped OARs,DSC,0.9015818181818183,unitless,11,Prospective patient metrics,4376;4781;5186;5591;5996;6401;6806;7211;7616;8021;8426,H4376;H4781;H5186;H5591;H5996;H6401;H6806;H7211;H7616;H8021;H8426,within-patient mean across 11 OARs
PRO_096,Small OARs,Grouped OARs,DSC,0.90506,unitless,10,Prospective patient metrics,326;731;1136;1541;1946;2351;2756;3161;3566;3971,H326;H731;H1136;H1541;H1946;H2351;H2756;H3161;H3566;H3971,within-patient mean across 10 OARs
PRO_096,GTVp,Target,HD95,1.591,mm,1,Prospective patient metrics,8832,H8832,direct ROI value
PRO_096,CTV1,Target,HD95,2.9189,mm,1,Prospective patient metrics,9237,H9237,direct ROI value
PRO_096,CTV2,Target,HD95,3.542,mm,1,Prospective patient metrics,9642,H9642,direct ROI value
PRO_096,GTVn,Target,HD95,4.7768,mm,1,Prospective patient metrics,10047,H10047,direct ROI value
PRO_096,Large OARs,Grouped OARs,HD95,1.119009090909091,mm,11,Prospective patient metrics,4377;4782;5187;5592;5997;6402;6807;7212;7617;8022;8427,H4377;H4782;H5187;H5592;H5997;H6402;H6807;H7212;H7617;H8022;H8427,within-patient mean across 11 OARs
PRO_096,Small OARs,Grouped OARs,HD95,0.8065,mm,10,Prospective patient metrics,327;732;1137;1542;1947;2352;2757;3162;3567;3972,H327;H732;H1137;H1542;H1947;H2352;H2757;H3162;H3567;H3972,within-patient mean across 10 OARs
PRO_096,GTVp,Target,ASD,1.117,mm,1,Prospective patient metrics,8833,H8833,direct ROI value
PRO_096,CTV1,Target,ASD,0.8847,mm,1,Prospective patient metrics,9238,H9238,direct ROI value
PRO_096,CTV2,Target,ASD,3.3246,mm,1,Prospective patient metrics,9643,H9643,direct ROI value
PRO_096,GTVn,Target,ASD,2.124,mm,1,Prospective patient metrics,10048,H10048,direct ROI value
PRO_096,Large OARs,Grouped OARs,ASD,0.7741454545454545,mm,11,Prospective patient metrics,4378;4783;5188;5593;5998;6403;6808;7213;7618;8023;8428,H4378;H4783;H5188;H5593;H5998;H6403;H6808;H7213;H7618;H8023;H8428,within-patient mean across 11 OARs
PRO_096,Small OARs,Grouped OARs,ASD,0.48534,mm,10,Prospective patient metrics,328;733;1138;1543;1948;2353;2758;3163;3568;3973,H328;H733;H1138;H1543;H1948;H2353;H2758;H3163;H3568;H3973,within-patient mean across 10 OARs
PRO_097,GTVp,Target,DSC,0.9343,unitless,1,Prospective patient metrics,8813,H8813,direct ROI value
PRO_097,CTV1,Target,DSC,0.941,unitless,1,Prospective patient metrics,9218,H9218,direct ROI value
PRO_097,CTV2,Target,DSC,0.9248,unitless,1,Prospective patient metrics,9623,H9623,direct ROI value
PRO_097,GTVn,Target,DSC,0.7858,unitless,1,Prospective patient metrics,10028,H10028,direct ROI value
PRO_097,Large OARs,Grouped OARs,DSC,0.9042636363636363,unitless,11,Prospective patient metrics,4358;4763;5168;5573;5978;6383;6788;7193;7598;8003;8408,H4358;H4763;H5168;H5573;H5978;H6383;H6788;H7193;H7598;H8003;H8408,within-patient mean across 11 OARs
PRO_097,Small OARs,Grouped OARs,DSC,0.90876,unitless,10,Prospective patient metrics,308;713;1118;1523;1928;2333;2738;3143;3548;3953,H308;H713;H1118;H1523;H1928;H2333;H2738;H3143;H3548;H3953,within-patient mean across 10 OARs
PRO_097,GTVp,Target,HD95,1.5642,mm,1,Prospective patient metrics,8814,H8814,direct ROI value
PRO_097,CTV1,Target,HD95,2.4472,mm,1,Prospective patient metrics,9219,H9219,direct ROI value
PRO_097,CTV2,Target,HD95,1.0086,mm,1,Prospective patient metrics,9624,H9624,direct ROI value
PRO_097,GTVn,Target,HD95,2.3648,mm,1,Prospective patient metrics,10029,H10029,direct ROI value
PRO_097,Large OARs,Grouped OARs,HD95,1.0686000000000002,mm,11,Prospective patient metrics,4359;4764;5169;5574;5979;6384;6789;7194;7599;8004;8409,H4359;H4764;H5169;H5574;H5979;H6384;H6789;H7194;H7599;H8004;H8409,within-patient mean across 11 OARs
PRO_097,Small OARs,Grouped OARs,HD95,0.8222999999999999,mm,10,Prospective patient metrics,309;714;1119;1524;1929;2334;2739;3144;3549;3954,H309;H714;H1119;H1524;H1929;H2334;H2739;H3144;H3549;H3954,within-patient mean across 10 OARs
PRO_097,GTVp,Target,ASD,1.3943,mm,1,Prospective patient metrics,8815,H8815,direct ROI value
PRO_097,CTV1,Target,ASD,0.4732,mm,1,Prospective patient metrics,9220,H9220,direct ROI value
PRO_097,CTV2,Target,ASD,0.9581,mm,1,Prospective patient metrics,9625,H9625,direct ROI value
PRO_097,GTVn,Target,ASD,1.9319,mm,1,Prospective patient metrics,10030,H10030,direct ROI value
PRO_097,Large OARs,Grouped OARs,ASD,0.7413545454545454,mm,11,Prospective patient metrics,4360;4765;5170;5575;5980;6385;6790;7195;7600;8005;8410,H4360;H4765;H5170;H5575;H5980;H6385;H6790;H7195;H7600;H8005;H8410,within-patient mean across 11 OARs
PRO_097,Small OARs,Grouped OARs,ASD,0.5078700000000002,mm,10,Prospective patient metrics,310;715;1120;1525;1930;2335;2740;3145;3550;3955,H310;H715;H1120;H1525;H1930;H2335;H2740;H3145;H3550;H3955,within-patient mean across 10 OARs
PRO_098,GTVp,Target,DSC,0.995,unitless,1,Prospective patient metrics,8756,H8756,direct ROI value
PRO_098,CTV1,Target,DSC,0.9077,unitless,1,Prospective patient metrics,9161,H9161,direct ROI value
PRO_098,CTV2,Target,DSC,0.9177,unitless,1,Prospective patient metrics,9566,H9566,direct ROI value
PRO_098,GTVn,Target,DSC,0.7532,unitless,1,Prospective patient metrics,9971,H9971,direct ROI value
PRO_098,Large OARs,Grouped OARs,DSC,0.9011090909090907,unitless,11,Prospective patient metrics,4301;4706;5111;5516;5921;6326;6731;7136;7541;7946;8351,H4301;H4706;H5111;H5516;H5921;H6326;H6731;H7136;H7541;H7946;H8351,within-patient mean across 11 OARs
PRO_098,Small OARs,Grouped OARs,DSC,0.8938200000000001,unitless,10,Prospective patient metrics,251;656;1061;1466;1871;2276;2681;3086;3491;3896,H251;H656;H1061;H1466;H1871;H2276;H2681;H3086;H3491;H3896,within-patient mean across 10 OARs
PRO_098,GTVp,Target,HD95,1.0141,mm,1,Prospective patient metrics,8757,H8757,direct ROI value
PRO_098,CTV1,Target,HD95,4.4382,mm,1,Prospective patient metrics,9162,H9162,direct ROI value
PRO_098,CTV2,Target,HD95,1.2553,mm,1,Prospective patient metrics,9567,H9567,direct ROI value
PRO_098,GTVn,Target,HD95,5.9856,mm,1,Prospective patient metrics,9972,H9972,direct ROI value
PRO_098,Large OARs,Grouped OARs,HD95,1.0155272727272726,mm,11,Prospective patient metrics,4302;4707;5112;5517;5922;6327;6732;7137;7542;7947;8352,H4302;H4707;H5112;H5517;H5922;H6327;H6732;H7137;H7542;H7947;H8352,within-patient mean across 11 OARs
PRO_098,Small OARs,Grouped OARs,HD95,0.8809400000000001,mm,10,Prospective patient metrics,252;657;1062;1467;1872;2277;2682;3087;3492;3897,H252;H657;H1062;H1467;H1872;H2277;H2682;H3087;H3492;H3897,within-patient mean across 10 OARs
PRO_098,GTVp,Target,ASD,0.6946,mm,1,Prospective patient metrics,8758,H8758,direct ROI value
PRO_098,CTV1,Target,ASD,1.1009,mm,1,Prospective patient metrics,9163,H9163,direct ROI value
PRO_098,CTV2,Target,ASD,1.2497,mm,1,Prospective patient metrics,9568,H9568,direct ROI value
PRO_098,GTVn,Target,ASD,2.0833,mm,1,Prospective patient metrics,9973,H9973,direct ROI value
PRO_098,Large OARs,Grouped OARs,ASD,0.772809090909091,mm,11,Prospective patient metrics,4303;4708;5113;5518;5923;6328;6733;7138;7543;7948;8353,H4303;H4708;H5113;H5518;H5923;H6328;H6733;H7138;H7543;H7948;H8353,within-patient mean across 11 OARs
PRO_098,Small OARs,Grouped OARs,ASD,0.60144,mm,10,Prospective patient metrics,253;658;1063;1468;1873;2278;2683;3088;3493;3898,H253;H658;H1063;H1468;H1873;H2278;H2683;H3088;H3493;H3898,within-patient mean across 10 OARs
PRO_099,GTVp,Target,DSC,0.9625,unitless,1,Prospective patient metrics,8762,H8762,direct ROI value
PRO_099,CTV1,Target,DSC,0.9233,unitless,1,Prospective patient metrics,9167,H9167,direct ROI value
PRO_099,CTV2,Target,DSC,0.8785,unitless,1,Prospective patient metrics,9572,H9572,direct ROI value
PRO_099,GTVn,Target,DSC,0.8102,unitless,1,Prospective patient metrics,9977,H9977,direct ROI value
PRO_099,Large OARs,Grouped OARs,DSC,0.9113545454545455,unitless,11,Prospective patient metrics,4307;4712;5117;5522;5927;6332;6737;7142;7547;7952;8357,H4307;H4712;H5117;H5522;H5927;H6332;H6737;H7142;H7547;H7952;H8357,within-patient mean across 11 OARs
PRO_099,Small OARs,Grouped OARs,DSC,0.9104699999999999,unitless,10,Prospective patient metrics,257;662;1067;1472;1877;2282;2687;3092;3497;3902,H257;H662;H1067;H1472;H1877;H2282;H2687;H3092;H3497;H3902,within-patient mean across 10 OARs
PRO_099,GTVp,Target,HD95,0.9698,mm,1,Prospective patient metrics,8763,H8763,direct ROI value
PRO_099,CTV1,Target,HD95,1.485,mm,1,Prospective patient metrics,9168,H9168,direct ROI value
PRO_099,CTV2,Target,HD95,3.3882,mm,1,Prospective patient metrics,9573,H9573,direct ROI value
PRO_099,GTVn,Target,HD95,3.8793,mm,1,Prospective patient metrics,9978,H9978,direct ROI value
PRO_099,Large OARs,Grouped OARs,HD95,1.200309090909091,mm,11,Prospective patient metrics,4308;4713;5118;5523;5928;6333;6738;7143;7548;7953;8358,H4308;H4713;H5118;H5523;H5928;H6333;H6738;H7143;H7548;H7953;H8358,within-patient mean across 11 OARs
PRO_099,Small OARs,Grouped OARs,HD95,0.85518,mm,10,Prospective patient metrics,258;663;1068;1473;1878;2283;2688;3093;3498;3903,H258;H663;H1068;H1473;H1878;H2283;H2688;H3093;H3498;H3903,within-patient mean across 10 OARs
PRO_099,GTVp,Target,ASD,0.7444,mm,1,Prospective patient metrics,8764,H8764,direct ROI value
PRO_099,CTV1,Target,ASD,1.1096,mm,1,Prospective patient metrics,9169,H9169,direct ROI value
PRO_099,CTV2,Target,ASD,3.0112,mm,1,Prospective patient metrics,9574,H9574,direct ROI value
PRO_099,GTVn,Target,ASD,2.334,mm,1,Prospective patient metrics,9979,H9979,direct ROI value
PRO_099,Large OARs,Grouped OARs,ASD,0.7470727272727273,mm,11,Prospective patient metrics,4309;4714;5119;5524;5929;6334;6739;7144;7549;7954;8359,H4309;H4714;H5119;H5524;H5929;H6334;H6739;H7144;H7549;H7954;H8359,within-patient mean across 11 OARs
PRO_099,Small OARs,Grouped OARs,ASD,0.5102599999999999,mm,10,Prospective patient metrics,259;664;1069;1474;1879;2284;2689;3094;3499;3904,H259;H664;H1069;H1474;H1879;H2284;H2689;H3094;H3499;H3904,within-patient mean across 10 OARs
PRO_100,GTVp,Target,DSC,0.932,unitless,1,Prospective patient metrics,8849,H8849,direct ROI value
PRO_100,CTV1,Target,DSC,0.9077,unitless,1,Prospective patient metrics,9254,H9254,direct ROI value
PRO_100,CTV2,Target,DSC,0.9415,unitless,1,Prospective patient metrics,9659,H9659,direct ROI value
PRO_100,GTVn,Target,DSC,0.8142,unitless,1,Prospective patient metrics,10064,H10064,direct ROI value
PRO_100,Large OARs,Grouped OARs,DSC,0.8990272727272729,unitless,11,Prospective patient metrics,4394;4799;5204;5609;6014;6419;6824;7229;7634;8039;8444,H4394;H4799;H5204;H5609;H6014;H6419;H6824;H7229;H7634;H8039;H8444,within-patient mean across 11 OARs
PRO_100,Small OARs,Grouped OARs,DSC,0.8976500000000002,unitless,10,Prospective patient metrics,344;749;1154;1559;1964;2369;2774;3179;3584;3989,H344;H749;H1154;H1559;H1964;H2369;H2774;H3179;H3584;H3989,within-patient mean across 10 OARs
PRO_100,GTVp,Target,HD95,2.9115,mm,1,Prospective patient metrics,8850,H8850,direct ROI value
PRO_100,CTV1,Target,HD95,3.9577,mm,1,Prospective patient metrics,9255,H9255,direct ROI value
PRO_100,CTV2,Target,HD95,1.3462,mm,1,Prospective patient metrics,9660,H9660,direct ROI value
PRO_100,GTVn,Target,HD95,2.5512,mm,1,Prospective patient metrics,10065,H10065,direct ROI value
PRO_100,Large OARs,Grouped OARs,HD95,1.121090909090909,mm,11,Prospective patient metrics,4395;4800;5205;5610;6015;6420;6825;7230;7635;8040;8445,H4395;H4800;H5205;H5610;H6015;H6420;H6825;H7230;H7635;H8040;H8445,within-patient mean across 11 OARs
PRO_100,Small OARs,Grouped OARs,HD95,0.8926300000000001,mm,10,Prospective patient metrics,345;750;1155;1560;1965;2370;2775;3180;3585;3990,H345;H750;H1155;H1560;H1965;H2370;H2775;H3180;H3585;H3990,within-patient mean across 10 OARs
PRO_100,GTVp,Target,ASD,1.439,mm,1,Prospective patient metrics,8851,H8851,direct ROI value
PRO_100,CTV1,Target,ASD,1.5563,mm,1,Prospective patient metrics,9256,H9256,direct ROI value
PRO_100,CTV2,Target,ASD,1.2418,mm,1,Prospective patient metrics,9661,H9661,direct ROI value
PRO_100,GTVn,Target,ASD,2.26,mm,1,Prospective patient metrics,10066,H10066,direct ROI value
PRO_100,Large OARs,Grouped OARs,ASD,0.774309090909091,mm,11,Prospective patient metrics,4396;4801;5206;5611;6016;6421;6826;7231;7636;8041;8446,H4396;H4801;H5206;H5611;H6016;H6421;H6826;H7231;H7636;H8041;H8446,within-patient mean across 11 OARs
PRO_100,Small OARs,Grouped OARs,ASD,0.56288,mm,10,Prospective patient metrics,346;751;1156;1561;1966;2371;2776;3181;3586;3991,H346;H751;H1156;H1561;H1966;H2371;H2776;H3181;H3586;H3991,within-patient mean across 10 OARs
PRO_101,GTVp,Target,DSC,0.9846,unitless,1,Prospective patient metrics,8774,H8774,direct ROI value
PRO_101,CTV1,Target,DSC,0.8936,unitless,1,Prospective patient metrics,9179,H9179,direct ROI value
PRO_101,CTV2,Target,DSC,0.9,unitless,1,Prospective patient metrics,9584,H9584,direct ROI value
PRO_101,GTVn,Target,DSC,0.7263,unitless,1,Prospective patient metrics,9989,H9989,direct ROI value
PRO_101,Large OARs,Grouped OARs,DSC,0.9013818181818184,unitless,11,Prospective patient metrics,4319;4724;5129;5534;5939;6344;6749;7154;7559;7964;8369,H4319;H4724;H5129;H5534;H5939;H6344;H6749;H7154;H7559;H7964;H8369,within-patient mean across 11 OARs
PRO_101,Small OARs,Grouped OARs,DSC,0.90723,unitless,10,Prospective patient metrics,269;674;1079;1484;1889;2294;2699;3104;3509;3914,H269;H674;H1079;H1484;H1889;H2294;H2699;H3104;H3509;H3914,within-patient mean across 10 OARs
PRO_101,GTVp,Target,HD95,1.0863,mm,1,Prospective patient metrics,8775,H8775,direct ROI value
PRO_101,CTV1,Target,HD95,5.4734,mm,1,Prospective patient metrics,9180,H9180,direct ROI value
PRO_101,CTV2,Target,HD95,1.8516,mm,1,Prospective patient metrics,9585,H9585,direct ROI value
PRO_101,GTVn,Target,HD95,5.2989,mm,1,Prospective patient metrics,9990,H9990,direct ROI value
PRO_101,Large OARs,Grouped OARs,HD95,1.3198454545454545,mm,11,Prospective patient metrics,4320;4725;5130;5535;5940;6345;6750;7155;7560;7965;8370,H4320;H4725;H5130;H5535;H5940;H6345;H6750;H7155;H7560;H7965;H8370,within-patient mean across 11 OARs
PRO_101,Small OARs,Grouped OARs,HD95,0.7143300000000001,mm,10,Prospective patient metrics,270;675;1080;1485;1890;2295;2700;3105;3510;3915,H270;H675;H1080;H1485;H1890;H2295;H2700;H3105;H3510;H3915,within-patient mean across 10 OARs
PRO_101,GTVp,Target,ASD,0.5362,mm,1,Prospective patient metrics,8776,H8776,direct ROI value
PRO_101,CTV1,Target,ASD,1.2792,mm,1,Prospective patient metrics,9181,H9181,direct ROI value
PRO_101,CTV2,Target,ASD,1.817,mm,1,Prospective patient metrics,9586,H9586,direct ROI value
PRO_101,GTVn,Target,ASD,2.6959,mm,1,Prospective patient metrics,9991,H9991,direct ROI value
PRO_101,Large OARs,Grouped OARs,ASD,0.914209090909091,mm,11,Prospective patient metrics,4321;4726;5131;5536;5941;6346;6751;7156;7561;7966;8371,H4321;H4726;H5131;H5536;H5941;H6346;H6751;H7156;H7561;H7966;H8371,within-patient mean across 11 OARs
PRO_101,Small OARs,Grouped OARs,ASD,0.45115,mm,10,Prospective patient metrics,271;676;1081;1486;1891;2296;2701;3106;3511;3916,H271;H676;H1081;H1486;H1891;H2296;H2701;H3106;H3511;H3916,within-patient mean across 10 OARs
PRO_102,GTVp,Target,DSC,0.9273,unitless,1,Prospective patient metrics,8765,H8765,direct ROI value
PRO_102,CTV1,Target,DSC,0.8566,unitless,1,Prospective patient metrics,9170,H9170,direct ROI value
PRO_102,CTV2,Target,DSC,0.8874,unitless,1,Prospective patient metrics,9575,H9575,direct ROI value
PRO_102,GTVn,Target,DSC,0.8134,unitless,1,Prospective patient metrics,9980,H9980,direct ROI value
PRO_102,Large OARs,Grouped OARs,DSC,0.8972818181818181,unitless,11,Prospective patient metrics,4310;4715;5120;5525;5930;6335;6740;7145;7550;7955;8360,H4310;H4715;H5120;H5525;H5930;H6335;H6740;H7145;H7550;H7955;H8360,within-patient mean across 11 OARs
PRO_102,Small OARs,Grouped OARs,DSC,0.89946,unitless,10,Prospective patient metrics,260;665;1070;1475;1880;2285;2690;3095;3500;3905,H260;H665;H1070;H1475;H1880;H2285;H2690;H3095;H3500;H3905,within-patient mean across 10 OARs
PRO_102,GTVp,Target,HD95,2.7596,mm,1,Prospective patient metrics,8766,H8766,direct ROI value
PRO_102,CTV1,Target,HD95,4.0828,mm,1,Prospective patient metrics,9171,H9171,direct ROI value
PRO_102,CTV2,Target,HD95,2.7007,mm,1,Prospective patient metrics,9576,H9576,direct ROI value
PRO_102,GTVn,Target,HD95,2.2414,mm,1,Prospective patient metrics,9981,H9981,direct ROI value
PRO_102,Large OARs,Grouped OARs,HD95,1.2958636363636364,mm,11,Prospective patient metrics,4311;4716;5121;5526;5931;6336;6741;7146;7551;7956;8361,H4311;H4716;H5121;H5526;H5931;H6336;H6741;H7146;H7551;H7956;H8361,within-patient mean across 11 OARs
PRO_102,Small OARs,Grouped OARs,HD95,0.72828,mm,10,Prospective patient metrics,261;666;1071;1476;1881;2286;2691;3096;3501;3906,H261;H666;H1071;H1476;H1881;H2286;H2691;H3096;H3501;H3906,within-patient mean across 10 OARs
PRO_102,GTVp,Target,ASD,1.5536,mm,1,Prospective patient metrics,8767,H8767,direct ROI value
PRO_102,CTV1,Target,ASD,1.3492,mm,1,Prospective patient metrics,9172,H9172,direct ROI value
PRO_102,CTV2,Target,ASD,2.6845,mm,1,Prospective patient metrics,9577,H9577,direct ROI value
PRO_102,GTVn,Target,ASD,2.0748,mm,1,Prospective patient metrics,9982,H9982,direct ROI value
PRO_102,Large OARs,Grouped OARs,ASD,0.904481818181818,mm,11,Prospective patient metrics,4312;4717;5122;5527;5932;6337;6742;7147;7552;7957;8362,H4312;H4717;H5122;H5527;H5932;H6337;H6742;H7147;H7552;H7957;H8362,within-patient mean across 11 OARs
PRO_102,Small OARs,Grouped OARs,ASD,0.47026,mm,10,Prospective patient metrics,262;667;1072;1477;1882;2287;2692;3097;3502;3907,H262;H667;H1072;H1477;H1882;H2287;H2692;H3097;H3502;H3907,within-patient mean across 10 OARs
PRO_103,GTVp,Target,DSC,0.9442,unitless,1,Prospective patient metrics,8786,H8786,direct ROI value
PRO_103,CTV1,Target,DSC,0.9222,unitless,1,Prospective patient metrics,9191,H9191,direct ROI value
PRO_103,CTV2,Target,DSC,0.9392,unitless,1,Prospective patient metrics,9596,H9596,direct ROI value
PRO_103,GTVn,Target,DSC,0.7825,unitless,1,Prospective patient metrics,10001,H10001,direct ROI value
PRO_103,Large OARs,Grouped OARs,DSC,0.9058363636363638,unitless,11,Prospective patient metrics,4331;4736;5141;5546;5951;6356;6761;7166;7571;7976;8381,H4331;H4736;H5141;H5546;H5951;H6356;H6761;H7166;H7571;H7976;H8381,within-patient mean across 11 OARs
PRO_103,Small OARs,Grouped OARs,DSC,0.90527,unitless,10,Prospective patient metrics,281;686;1091;1496;1901;2306;2711;3116;3521;3926,H281;H686;H1091;H1496;H1901;H2306;H2711;H3116;H3521;H3926,within-patient mean across 10 OARs
PRO_103,GTVp,Target,HD95,2.0691,mm,1,Prospective patient metrics,8787,H8787,direct ROI value
PRO_103,CTV1,Target,HD95,2.4971,mm,1,Prospective patient metrics,9192,H9192,direct ROI value
PRO_103,CTV2,Target,HD95,2.0533,mm,1,Prospective patient metrics,9597,H9597,direct ROI value
PRO_103,GTVn,Target,HD95,2.9463,mm,1,Prospective patient metrics,10002,H10002,direct ROI value
PRO_103,Large OARs,Grouped OARs,HD95,1.1782909090909093,mm,11,Prospective patient metrics,4332;4737;5142;5547;5952;6357;6762;7167;7572;7977;8382,H4332;H4737;H5142;H5547;H5952;H6357;H6762;H7167;H7572;H7977;H8382,within-patient mean across 11 OARs
PRO_103,Small OARs,Grouped OARs,HD95,0.7877,mm,10,Prospective patient metrics,282;687;1092;1497;1902;2307;2712;3117;3522;3927,H282;H687;H1092;H1497;H1902;H2307;H2712;H3117;H3522;H3927,within-patient mean across 10 OARs
PRO_103,GTVp,Target,ASD,1.185,mm,1,Prospective patient metrics,8788,H8788,direct ROI value
PRO_103,CTV1,Target,ASD,0.9054,mm,1,Prospective patient metrics,9193,H9193,direct ROI value
PRO_103,CTV2,Target,ASD,1.0649,mm,1,Prospective patient metrics,9598,H9598,direct ROI value
PRO_103,GTVn,Target,ASD,2.1301,mm,1,Prospective patient metrics,10003,H10003,direct ROI value
PRO_103,Large OARs,Grouped OARs,ASD,0.7628636363636364,mm,11,Prospective patient metrics,4333;4738;5143;5548;5953;6358;6763;7168;7573;7978;8383,H4333;H4738;H5143;H5548;H5953;H6358;H6763;H7168;H7573;H7978;H8383,within-patient mean across 11 OARs
PRO_103,Small OARs,Grouped OARs,ASD,0.47774,mm,10,Prospective patient metrics,283;688;1093;1498;1903;2308;2713;3118;3523;3928,H283;H688;H1093;H1498;H1903;H2308;H2713;H3118;H3523;H3928,within-patient mean across 10 OARs
PRO_104,GTVp,Target,DSC,0.9491,unitless,1,Prospective patient metrics,8780,H8780,direct ROI value
PRO_104,CTV1,Target,DSC,0.8766,unitless,1,Prospective patient metrics,9185,H9185,direct ROI value
PRO_104,CTV2,Target,DSC,0.8932,unitless,1,Prospective patient metrics,9590,H9590,direct ROI value
PRO_104,GTVn,Target,DSC,0.7749,unitless,1,Prospective patient metrics,9995,H9995,direct ROI value
PRO_104,Large OARs,Grouped OARs,DSC,0.9128181818181816,unitless,11,Prospective patient metrics,4325;4730;5135;5540;5945;6350;6755;7160;7565;7970;8375,H4325;H4730;H5135;H5540;H5945;H6350;H6755;H7160;H7565;H7970;H8375,within-patient mean across 11 OARs
PRO_104,Small OARs,Grouped OARs,DSC,0.90503,unitless,10,Prospective patient metrics,275;680;1085;1490;1895;2300;2705;3110;3515;3920,H275;H680;H1085;H1490;H1895;H2300;H2705;H3110;H3515;H3920,within-patient mean across 10 OARs
PRO_104,GTVp,Target,HD95,2.0217,mm,1,Prospective patient metrics,8781,H8781,direct ROI value
PRO_104,CTV1,Target,HD95,5.2362,mm,1,Prospective patient metrics,9186,H9186,direct ROI value
PRO_104,CTV2,Target,HD95,2.1752,mm,1,Prospective patient metrics,9591,H9591,direct ROI value
PRO_104,GTVn,Target,HD95,3.3313,mm,1,Prospective patient metrics,9996,H9996,direct ROI value
PRO_104,Large OARs,Grouped OARs,HD95,1.1027272727272728,mm,11,Prospective patient metrics,4326;4731;5136;5541;5946;6351;6756;7161;7566;7971;8376,H4326;H4731;H5136;H5541;H5946;H6351;H6756;H7161;H7566;H7971;H8376,within-patient mean across 11 OARs
PRO_104,Small OARs,Grouped OARs,HD95,0.80855,mm,10,Prospective patient metrics,276;681;1086;1491;1896;2301;2706;3111;3516;3921,H276;H681;H1086;H1491;H1896;H2301;H2706;H3111;H3516;H3921,within-patient mean across 10 OARs
PRO_104,GTVp,Target,ASD,1.3038,mm,1,Prospective patient metrics,8782,H8782,direct ROI value
PRO_104,CTV1,Target,ASD,1.3644,mm,1,Prospective patient metrics,9187,H9187,direct ROI value
PRO_104,CTV2,Target,ASD,2.1721,mm,1,Prospective patient metrics,9592,H9592,direct ROI value
PRO_104,GTVn,Target,ASD,2.5618,mm,1,Prospective patient metrics,9997,H9997,direct ROI value
PRO_104,Large OARs,Grouped OARs,ASD,0.6608181818181819,mm,11,Prospective patient metrics,4327;4732;5137;5542;5947;6352;6757;7162;7567;7972;8377,H4327;H4732;H5137;H5542;H5947;H6352;H6757;H7162;H7567;H7972;H8377,within-patient mean across 11 OARs
PRO_104,Small OARs,Grouped OARs,ASD,0.48022,mm,10,Prospective patient metrics,277;682;1087;1492;1897;2302;2707;3112;3517;3922,H277;H682;H1087;H1492;H1897;H2302;H2707;H3112;H3517;H3922,within-patient mean across 10 OARs
PRO_105,GTVp,Target,DSC,0.9854,unitless,1,Prospective patient metrics,8846,H8846,direct ROI value
PRO_105,CTV1,Target,DSC,0.9296,unitless,1,Prospective patient metrics,9251,H9251,direct ROI value
PRO_105,CTV2,Target,DSC,0.9222,unitless,1,Prospective patient metrics,9656,H9656,direct ROI value
PRO_105,GTVn,Target,DSC,0.8167,unitless,1,Prospective patient metrics,10061,H10061,direct ROI value
PRO_105,Large OARs,Grouped OARs,DSC,0.9054727272727273,unitless,11,Prospective patient metrics,4391;4796;5201;5606;6011;6416;6821;7226;7631;8036;8441,H4391;H4796;H5201;H5606;H6011;H6416;H6821;H7226;H7631;H8036;H8441,within-patient mean across 11 OARs
PRO_105,Small OARs,Grouped OARs,DSC,0.91417,unitless,10,Prospective patient metrics,341;746;1151;1556;1961;2366;2771;3176;3581;3986,H341;H746;H1151;H1556;H1961;H2366;H2771;H3176;H3581;H3986,within-patient mean across 10 OARs
PRO_105,GTVp,Target,HD95,1.3273,mm,1,Prospective patient metrics,8847,H8847,direct ROI value
PRO_105,CTV1,Target,HD95,2.4884,mm,1,Prospective patient metrics,9252,H9252,direct ROI value
PRO_105,CTV2,Target,HD95,2.3449,mm,1,Prospective patient metrics,9657,H9657,direct ROI value
PRO_105,GTVn,Target,HD95,3.6031,mm,1,Prospective patient metrics,10062,H10062,direct ROI value
PRO_105,Large OARs,Grouped OARs,HD95,1.001872727272727,mm,11,Prospective patient metrics,4392;4797;5202;5607;6012;6417;6822;7227;7632;8037;8442,H4392;H4797;H5202;H5607;H6012;H6417;H6822;H7227;H7632;H8037;H8442,within-patient mean across 11 OARs
PRO_105,Small OARs,Grouped OARs,HD95,0.79409,mm,10,Prospective patient metrics,342;747;1152;1557;1962;2367;2772;3177;3582;3987,H342;H747;H1152;H1557;H1962;H2367;H2772;H3177;H3582;H3987,within-patient mean across 10 OARs
PRO_105,GTVp,Target,ASD,0.645,mm,1,Prospective patient metrics,8848,H8848,direct ROI value
PRO_105,CTV1,Target,ASD,0.5881,mm,1,Prospective patient metrics,9253,H9253,direct ROI value
PRO_105,CTV2,Target,ASD,1.1217,mm,1,Prospective patient metrics,9658,H9658,direct ROI value
PRO_105,GTVn,Target,ASD,2.9949,mm,1,Prospective patient metrics,10063,H10063,direct ROI value
PRO_105,Large OARs,Grouped OARs,ASD,0.7699909090909091,mm,11,Prospective patient metrics,4393;4798;5203;5608;6013;6418;6823;7228;7633;8038;8443,H4393;H4798;H5203;H5608;H6013;H6418;H6823;H7228;H7633;H8038;H8443,within-patient mean across 11 OARs
PRO_105,Small OARs,Grouped OARs,ASD,0.4293,mm,10,Prospective patient metrics,343;748;1153;1558;1963;2368;2773;3178;3583;3988,H343;H748;H1153;H1558;H1963;H2368;H2773;H3178;H3583;H3988,within-patient mean across 10 OARs
PRO_106,GTVp,Target,DSC,0.9359,unitless,1,Prospective patient metrics,8855,H8855,direct ROI value
PRO_106,CTV1,Target,DSC,0.8544,unitless,1,Prospective patient metrics,9260,H9260,direct ROI value
PRO_106,CTV2,Target,DSC,0.902,unitless,1,Prospective patient metrics,9665,H9665,direct ROI value
PRO_106,GTVn,Target,DSC,0.8532,unitless,1,Prospective patient metrics,10070,H10070,direct ROI value
PRO_106,Large OARs,Grouped OARs,DSC,0.9036000000000001,unitless,11,Prospective patient metrics,4400;4805;5210;5615;6020;6425;6830;7235;7640;8045;8450,H4400;H4805;H5210;H5615;H6020;H6425;H6830;H7235;H7640;H8045;H8450,within-patient mean across 11 OARs
PRO_106,Small OARs,Grouped OARs,DSC,0.91346,unitless,10,Prospective patient metrics,350;755;1160;1565;1970;2375;2780;3185;3590;3995,H350;H755;H1160;H1565;H1970;H2375;H2780;H3185;H3590;H3995,within-patient mean across 10 OARs
PRO_106,GTVp,Target,HD95,2.7523,mm,1,Prospective patient metrics,8856,H8856,direct ROI value
PRO_106,CTV1,Target,HD95,5.5739,mm,1,Prospective patient metrics,9261,H9261,direct ROI value
PRO_106,CTV2,Target,HD95,2.4432,mm,1,Prospective patient metrics,9666,H9666,direct ROI value
PRO_106,GTVn,Target,HD95,1.3691,mm,1,Prospective patient metrics,10071,H10071,direct ROI value
PRO_106,Large OARs,Grouped OARs,HD95,1.086590909090909,mm,11,Prospective patient metrics,4401;4806;5211;5616;6021;6426;6831;7236;7641;8046;8451,H4401;H4806;H5211;H5616;H6021;H6426;H6831;H7236;H7641;H8046;H8451,within-patient mean across 11 OARs
PRO_106,Small OARs,Grouped OARs,HD95,0.6731299999999999,mm,10,Prospective patient metrics,351;756;1161;1566;1971;2376;2781;3186;3591;3996,H351;H756;H1161;H1566;H1971;H2376;H2781;H3186;H3591;H3996,within-patient mean across 10 OARs
PRO_106,GTVp,Target,ASD,1.2512,mm,1,Prospective patient metrics,8857,H8857,direct ROI value
PRO_106,CTV1,Target,ASD,1.5728,mm,1,Prospective patient metrics,9262,H9262,direct ROI value
PRO_106,CTV2,Target,ASD,2.1759,mm,1,Prospective patient metrics,9667,H9667,direct ROI value
PRO_106,GTVn,Target,ASD,0.9966,mm,1,Prospective patient metrics,10072,H10072,direct ROI value
PRO_106,Large OARs,Grouped OARs,ASD,0.842081818181818,mm,11,Prospective patient metrics,4402;4807;5212;5617;6022;6427;6832;7237;7642;8047;8452,H4402;H4807;H5212;H5617;H6022;H6427;H6832;H7237;H7642;H8047;H8452,within-patient mean across 11 OARs
PRO_106,Small OARs,Grouped OARs,ASD,0.5093200000000001,mm,10,Prospective patient metrics,352;757;1162;1567;1972;2377;2782;3187;3592;3997,H352;H757;H1162;H1567;H1972;H2377;H2782;H3187;H3592;H3997,within-patient mean across 10 OARs
PRO_107,GTVp,Target,DSC,0.9586,unitless,1,Prospective patient metrics,8873,H8873,direct ROI value
PRO_107,CTV1,Target,DSC,0.91,unitless,1,Prospective patient metrics,9278,H9278,direct ROI value
PRO_107,CTV2,Target,DSC,0.8897,unitless,1,Prospective patient metrics,9683,H9683,direct ROI value
PRO_107,GTVn,Target,DSC,0.7518,unitless,1,Prospective patient metrics,10088,H10088,direct ROI value
PRO_107,Large OARs,Grouped OARs,DSC,0.9196000000000001,unitless,11,Prospective patient metrics,4418;4823;5228;5633;6038;6443;6848;7253;7658;8063;8468,H4418;H4823;H5228;H5633;H6038;H6443;H6848;H7253;H7658;H8063;H8468,within-patient mean across 11 OARs
PRO_107,Small OARs,Grouped OARs,DSC,0.8957200000000001,unitless,10,Prospective patient metrics,368;773;1178;1583;1988;2393;2798;3203;3608;4013,H368;H773;H1178;H1583;H1988;H2393;H2798;H3203;H3608;H4013,within-patient mean across 10 OARs
PRO_107,GTVp,Target,HD95,1.3128,mm,1,Prospective patient metrics,8874,H8874,direct ROI value
PRO_107,CTV1,Target,HD95,2.3713,mm,1,Prospective patient metrics,9279,H9279,direct ROI value
PRO_107,CTV2,Target,HD95,1.9987,mm,1,Prospective patient metrics,9684,H9684,direct ROI value
PRO_107,GTVn,Target,HD95,4.5311,mm,1,Prospective patient metrics,10089,H10089,direct ROI value
PRO_107,Large OARs,Grouped OARs,HD95,1.1431454545454547,mm,11,Prospective patient metrics,4419;4824;5229;5634;6039;6444;6849;7254;7659;8064;8469,H4419;H4824;H5229;H5634;H6039;H6444;H6849;H7254;H7659;H8064;H8469,within-patient mean across 11 OARs
PRO_107,Small OARs,Grouped OARs,HD95,0.84955,mm,10,Prospective patient metrics,369;774;1179;1584;1989;2394;2799;3204;3609;4014,H369;H774;H1179;H1584;H1989;H2394;H2799;H3204;H3609;H4014,within-patient mean across 10 OARs
PRO_107,GTVp,Target,ASD,0.768,mm,1,Prospective patient metrics,8875,H8875,direct ROI value
PRO_107,CTV1,Target,ASD,0.8603,mm,1,Prospective patient metrics,9280,H9280,direct ROI value
PRO_107,CTV2,Target,ASD,1.8614,mm,1,Prospective patient metrics,9685,H9685,direct ROI value
PRO_107,GTVn,Target,ASD,4.0567,mm,1,Prospective patient metrics,10090,H10090,direct ROI value
PRO_107,Large OARs,Grouped OARs,ASD,0.6987363636363636,mm,11,Prospective patient metrics,4420;4825;5230;5635;6040;6445;6850;7255;7660;8065;8470,H4420;H4825;H5230;H5635;H6040;H6445;H6850;H7255;H7660;H8065;H8470,within-patient mean across 11 OARs
PRO_107,Small OARs,Grouped OARs,ASD,0.54832,mm,10,Prospective patient metrics,370;775;1180;1585;1990;2395;2800;3205;3610;4015,H370;H775;H1180;H1585;H1990;H2395;H2800;H3205;H3610;H4015,within-patient mean across 10 OARs
PRO_108,GTVp,Target,DSC,0.9135,unitless,1,Prospective patient metrics,8888,H8888,direct ROI value
PRO_108,CTV1,Target,DSC,0.9339,unitless,1,Prospective patient metrics,9293,H9293,direct ROI value
PRO_108,CTV2,Target,DSC,0.8927,unitless,1,Prospective patient metrics,9698,H9698,direct ROI value
PRO_108,GTVn,Target,DSC,0.7845,unitless,1,Prospective patient metrics,10103,H10103,direct ROI value
PRO_108,Large OARs,Grouped OARs,DSC,0.9073,unitless,11,Prospective patient metrics,4433;4838;5243;5648;6053;6458;6863;7268;7673;8078;8483,H4433;H4838;H5243;H5648;H6053;H6458;H6863;H7268;H7673;H8078;H8483,within-patient mean across 11 OARs
PRO_108,Small OARs,Grouped OARs,DSC,0.91449,unitless,10,Prospective patient metrics,383;788;1193;1598;2003;2408;2813;3218;3623;4028,H383;H788;H1193;H1598;H2003;H2408;H2813;H3218;H3623;H4028,within-patient mean across 10 OARs
PRO_108,GTVp,Target,HD95,3.2211,mm,1,Prospective patient metrics,8889,H8889,direct ROI value
PRO_108,CTV1,Target,HD95,2.2328,mm,1,Prospective patient metrics,9294,H9294,direct ROI value
PRO_108,CTV2,Target,HD95,2.0739,mm,1,Prospective patient metrics,9699,H9699,direct ROI value
PRO_108,GTVn,Target,HD95,2.9378,mm,1,Prospective patient metrics,10104,H10104,direct ROI value
PRO_108,Large OARs,Grouped OARs,HD95,0.9286090909090909,mm,11,Prospective patient metrics,4434;4839;5244;5649;6054;6459;6864;7269;7674;8079;8484,H4434;H4839;H5244;H5649;H6054;H6459;H6864;H7269;H7674;H8079;H8484,within-patient mean across 11 OARs
PRO_108,Small OARs,Grouped OARs,HD95,0.7051700000000001,mm,10,Prospective patient metrics,384;789;1194;1599;2004;2409;2814;3219;3624;4029,H384;H789;H1194;H1599;H2004;H2409;H2814;H3219;H3624;H4029,within-patient mean across 10 OARs
PRO_108,GTVp,Target,ASD,1.4262,mm,1,Prospective patient metrics,8890,H8890,direct ROI value
PRO_108,CTV1,Target,ASD,0.6352,mm,1,Prospective patient metrics,9295,H9295,direct ROI value
PRO_108,CTV2,Target,ASD,2.0458,mm,1,Prospective patient metrics,9700,H9700,direct ROI value
PRO_108,GTVn,Target,ASD,2.0205,mm,1,Prospective patient metrics,10105,H10105,direct ROI value
PRO_108,Large OARs,Grouped OARs,ASD,0.7801454545454546,mm,11,Prospective patient metrics,4435;4840;5245;5650;6055;6460;6865;7270;7675;8080;8485,H4435;H4840;H5245;H5650;H6055;H6460;H6865;H7270;H7675;H8080;H8485,within-patient mean across 11 OARs
PRO_108,Small OARs,Grouped OARs,ASD,0.38576,mm,10,Prospective patient metrics,385;790;1195;1600;2005;2410;2815;3220;3625;4030,H385;H790;H1195;H1600;H2005;H2410;H2815;H3220;H3625;H4030,within-patient mean across 10 OARs
PRO_109,GTVp,Target,DSC,0.9182,unitless,1,Prospective patient metrics,8792,H8792,direct ROI value
PRO_109,CTV1,Target,DSC,0.8938,unitless,1,Prospective patient metrics,9197,H9197,direct ROI value
PRO_109,CTV2,Target,DSC,0.885,unitless,1,Prospective patient metrics,9602,H9602,direct ROI value
PRO_109,GTVn,Target,DSC,0.8153,unitless,1,Prospective patient metrics,10007,H10007,direct ROI value
PRO_109,Large OARs,Grouped OARs,DSC,0.8917454545454546,unitless,11,Prospective patient metrics,4337;4742;5147;5552;5957;6362;6767;7172;7577;7982;8387,H4337;H4742;H5147;H5552;H5957;H6362;H6767;H7172;H7577;H7982;H8387,within-patient mean across 11 OARs
PRO_109,Small OARs,Grouped OARs,DSC,0.9016500000000001,unitless,10,Prospective patient metrics,287;692;1097;1502;1907;2312;2717;3122;3527;3932,H287;H692;H1097;H1502;H1907;H2312;H2717;H3122;H3527;H3932,within-patient mean across 10 OARs
PRO_109,GTVp,Target,HD95,3.0194,mm,1,Prospective patient metrics,8793,H8793,direct ROI value
PRO_109,CTV1,Target,HD95,3.6554,mm,1,Prospective patient metrics,9198,H9198,direct ROI value
PRO_109,CTV2,Target,HD95,2.5344,mm,1,Prospective patient metrics,9603,H9603,direct ROI value
PRO_109,GTVn,Target,HD95,3.7107,mm,1,Prospective patient metrics,10008,H10008,direct ROI value
PRO_109,Large OARs,Grouped OARs,HD95,1.2449636363636363,mm,11,Prospective patient metrics,4338;4743;5148;5553;5958;6363;6768;7173;7578;7983;8388,H4338;H4743;H5148;H5553;H5958;H6363;H6768;H7173;H7578;H7983;H8388,within-patient mean across 11 OARs
PRO_109,Small OARs,Grouped OARs,HD95,0.8448100000000001,mm,10,Prospective patient metrics,288;693;1098;1503;1908;2313;2718;3123;3528;3933,H288;H693;H1098;H1503;H1908;H2313;H2718;H3123;H3528;H3933,within-patient mean across 10 OARs
PRO_109,GTVp,Target,ASD,1.2254,mm,1,Prospective patient metrics,8794,H8794,direct ROI value
PRO_109,CTV1,Target,ASD,1.1238,mm,1,Prospective patient metrics,9199,H9199,direct ROI value
PRO_109,CTV2,Target,ASD,2.5166,mm,1,Prospective patient metrics,9604,H9604,direct ROI value
PRO_109,GTVn,Target,ASD,2.6864,mm,1,Prospective patient metrics,10009,H10009,direct ROI value
PRO_109,Large OARs,Grouped OARs,ASD,0.8438636363636364,mm,11,Prospective patient metrics,4339;4744;5149;5554;5959;6364;6769;7174;7579;7984;8389,H4339;H4744;H5149;H5554;H5959;H6364;H6769;H7174;H7579;H7984;H8389,within-patient mean across 11 OARs
PRO_109,Small OARs,Grouped OARs,ASD,0.52085,mm,10,Prospective patient metrics,289;694;1099;1504;1909;2314;2719;3124;3529;3934,H289;H694;H1099;H1504;H1909;H2314;H2719;H3124;H3529;H3934,within-patient mean across 10 OARs
PRO_110,GTVp,Target,DSC,0.9219,unitless,1,Prospective patient metrics,8840,H8840,direct ROI value
PRO_110,CTV1,Target,DSC,0.9143,unitless,1,Prospective patient metrics,9245,H9245,direct ROI value
PRO_110,CTV2,Target,DSC,0.9173,unitless,1,Prospective patient metrics,9650,H9650,direct ROI value
PRO_110,GTVn,Target,DSC,0.7824,unitless,1,Prospective patient metrics,10055,H10055,direct ROI value
PRO_110,Large OARs,Grouped OARs,DSC,0.9206181818181819,unitless,11,Prospective patient metrics,4385;4790;5195;5600;6005;6410;6815;7220;7625;8030;8435,H4385;H4790;H5195;H5600;H6005;H6410;H6815;H7220;H7625;H8030;H8435,within-patient mean across 11 OARs
PRO_110,Small OARs,Grouped OARs,DSC,0.90533,unitless,10,Prospective patient metrics,335;740;1145;1550;1955;2360;2765;3170;3575;3980,H335;H740;H1145;H1550;H1955;H2360;H2765;H3170;H3575;H3980,within-patient mean across 10 OARs
PRO_110,GTVp,Target,HD95,1.4103,mm,1,Prospective patient metrics,8841,H8841,direct ROI value
PRO_110,CTV1,Target,HD95,2.9756,mm,1,Prospective patient metrics,9246,H9246,direct ROI value
PRO_110,CTV2,Target,HD95,2.221,mm,1,Prospective patient metrics,9651,H9651,direct ROI value
PRO_110,GTVn,Target,HD95,4.1343,mm,1,Prospective patient metrics,10056,H10056,direct ROI value
PRO_110,Large OARs,Grouped OARs,HD95,0.6934,mm,11,Prospective patient metrics,4386;4791;5196;5601;6006;6411;6816;7221;7626;8031;8436,H4386;H4791;H5196;H5601;H6006;H6411;H6816;H7221;H7626;H8031;H8436,within-patient mean across 11 OARs
PRO_110,Small OARs,Grouped OARs,HD95,0.68719,mm,10,Prospective patient metrics,336;741;1146;1551;1956;2361;2766;3171;3576;3981,H336;H741;H1146;H1551;H1956;H2361;H2766;H3171;H3576;H3981,within-patient mean across 10 OARs
PRO_110,GTVp,Target,ASD,0.793,mm,1,Prospective patient metrics,8842,H8842,direct ROI value
PRO_110,CTV1,Target,ASD,1.4409,mm,1,Prospective patient metrics,9247,H9247,direct ROI value
PRO_110,CTV2,Target,ASD,1.5152,mm,1,Prospective patient metrics,9652,H9652,direct ROI value
PRO_110,GTVn,Target,ASD,3.0386,mm,1,Prospective patient metrics,10057,H10057,direct ROI value
PRO_110,Large OARs,Grouped OARs,ASD,0.5466727272727273,mm,11,Prospective patient metrics,4387;4792;5197;5602;6007;6412;6817;7222;7627;8032;8437,H4387;H4792;H5197;H5602;H6007;H6412;H6817;H7222;H7627;H8032;H8437,within-patient mean across 11 OARs
PRO_110,Small OARs,Grouped OARs,ASD,0.42339000000000004,mm,10,Prospective patient metrics,337;742;1147;1552;1957;2362;2767;3172;3577;3982,H337;H742;H1147;H1552;H1957;H2362;H2767;H3172;H3577;H3982,within-patient mean across 10 OARs
PRO_111,GTVp,Target,DSC,0.949,unitless,1,Prospective patient metrics,8795,H8795,direct ROI value
PRO_111,CTV1,Target,DSC,0.917,unitless,1,Prospective patient metrics,9200,H9200,direct ROI value
PRO_111,CTV2,Target,DSC,0.9211,unitless,1,Prospective patient metrics,9605,H9605,direct ROI value
PRO_111,GTVn,Target,DSC,0.8447,unitless,1,Prospective patient metrics,10010,H10010,direct ROI value
PRO_111,Large OARs,Grouped OARs,DSC,0.9034636363636364,unitless,11,Prospective patient metrics,4340;4745;5150;5555;5960;6365;6770;7175;7580;7985;8390,H4340;H4745;H5150;H5555;H5960;H6365;H6770;H7175;H7580;H7985;H8390,within-patient mean across 11 OARs
PRO_111,Small OARs,Grouped OARs,DSC,0.89222,unitless,10,Prospective patient metrics,290;695;1100;1505;1910;2315;2720;3125;3530;3935,H290;H695;H1100;H1505;H1910;H2315;H2720;H3125;H3530;H3935,within-patient mean across 10 OARs
PRO_111,GTVp,Target,HD95,1.2104,mm,1,Prospective patient metrics,8796,H8796,direct ROI value
PRO_111,CTV1,Target,HD95,2.8061,mm,1,Prospective patient metrics,9201,H9201,direct ROI value
PRO_111,CTV2,Target,HD95,1.5713,mm,1,Prospective patient metrics,9606,H9606,direct ROI value
PRO_111,GTVn,Target,HD95,3.3359,mm,1,Prospective patient metrics,10011,H10011,direct ROI value
PRO_111,Large OARs,Grouped OARs,HD95,1.1399636363636363,mm,11,Prospective patient metrics,4341;4746;5151;5556;5961;6366;6771;7176;7581;7986;8391,H4341;H4746;H5151;H5556;H5961;H6366;H6771;H7176;H7581;H7986;H8391,within-patient mean across 11 OARs
PRO_111,Small OARs,Grouped OARs,HD95,0.79229,mm,10,Prospective patient metrics,291;696;1101;1506;1911;2316;2721;3126;3531;3936,H291;H696;H1101;H1506;H1911;H2316;H2721;H3126;H3531;H3936,within-patient mean across 10 OARs
PRO_111,GTVp,Target,ASD,0.9011,mm,1,Prospective patient metrics,8797,H8797,direct ROI value
PRO_111,CTV1,Target,ASD,0.4661,mm,1,Prospective patient metrics,9202,H9202,direct ROI value
PRO_111,CTV2,Target,ASD,1.5694,mm,1,Prospective patient metrics,9607,H9607,direct ROI value
PRO_111,GTVn,Target,ASD,2.8687,mm,1,Prospective patient metrics,10012,H10012,direct ROI value
PRO_111,Large OARs,Grouped OARs,ASD,0.8871090909090907,mm,11,Prospective patient metrics,4342;4747;5152;5557;5962;6367;6772;7177;7582;7987;8392,H4342;H4747;H5152;H5557;H5962;H6367;H6772;H7177;H7582;H7987;H8392,within-patient mean across 11 OARs
PRO_111,Small OARs,Grouped OARs,ASD,0.51293,mm,10,Prospective patient metrics,292;697;1102;1507;1912;2317;2722;3127;3532;3937,H292;H697;H1102;H1507;H1912;H2317;H2722;H3127;H3532;H3937,within-patient mean across 10 OARs
PRO_112,GTVp,Target,DSC,0.9333,unitless,1,Prospective patient metrics,8789,H8789,direct ROI value
PRO_112,CTV1,Target,DSC,0.9196,unitless,1,Prospective patient metrics,9194,H9194,direct ROI value
PRO_112,CTV2,Target,DSC,0.8969,unitless,1,Prospective patient metrics,9599,H9599,direct ROI value
PRO_112,GTVn,Target,DSC,0.7974,unitless,1,Prospective patient metrics,10004,H10004,direct ROI value
PRO_112,Large OARs,Grouped OARs,DSC,0.8922909090909091,unitless,11,Prospective patient metrics,4334;4739;5144;5549;5954;6359;6764;7169;7574;7979;8384,H4334;H4739;H5144;H5549;H5954;H6359;H6764;H7169;H7574;H7979;H8384,within-patient mean across 11 OARs
PRO_112,Small OARs,Grouped OARs,DSC,0.8905799999999999,unitless,10,Prospective patient metrics,284;689;1094;1499;1904;2309;2714;3119;3524;3929,H284;H689;H1094;H1499;H1904;H2309;H2714;H3119;H3524;H3929,within-patient mean across 10 OARs
PRO_112,GTVp,Target,HD95,1.9813,mm,1,Prospective patient metrics,8790,H8790,direct ROI value
PRO_112,CTV1,Target,HD95,1.4231,mm,1,Prospective patient metrics,9195,H9195,direct ROI value
PRO_112,CTV2,Target,HD95,2.6417,mm,1,Prospective patient metrics,9600,H9600,direct ROI value
PRO_112,GTVn,Target,HD95,2.8253,mm,1,Prospective patient metrics,10005,H10005,direct ROI value
PRO_112,Large OARs,Grouped OARs,HD95,1.3768818181818183,mm,11,Prospective patient metrics,4335;4740;5145;5550;5955;6360;6765;7170;7575;7980;8385,H4335;H4740;H5145;H5550;H5955;H6360;H6765;H7170;H7575;H7980;H8385,within-patient mean across 11 OARs
PRO_112,Small OARs,Grouped OARs,HD95,0.6957100000000002,mm,10,Prospective patient metrics,285;690;1095;1500;1905;2310;2715;3120;3525;3930,H285;H690;H1095;H1500;H1905;H2310;H2715;H3120;H3525;H3930,within-patient mean across 10 OARs
PRO_112,GTVp,Target,ASD,0.8446,mm,1,Prospective patient metrics,8791,H8791,direct ROI value
PRO_112,CTV1,Target,ASD,0.6696,mm,1,Prospective patient metrics,9196,H9196,direct ROI value
PRO_112,CTV2,Target,ASD,2.2323,mm,1,Prospective patient metrics,9601,H9601,direct ROI value
PRO_112,GTVn,Target,ASD,2.5149,mm,1,Prospective patient metrics,10006,H10006,direct ROI value
PRO_112,Large OARs,Grouped OARs,ASD,0.9201363636363635,mm,11,Prospective patient metrics,4336;4741;5146;5551;5956;6361;6766;7171;7576;7981;8386,H4336;H4741;H5146;H5551;H5956;H6361;H6766;H7171;H7576;H7981;H8386,within-patient mean across 11 OARs
PRO_112,Small OARs,Grouped OARs,ASD,0.48630000000000007,mm,10,Prospective patient metrics,286;691;1096;1501;1906;2311;2716;3121;3526;3931,H286;H691;H1096;H1501;H1906;H2311;H2716;H3121;H3526;H3931,within-patient mean across 10 OARs
PRO_113,GTVp,Target,DSC,0.9187,unitless,1,Prospective patient metrics,8870,H8870,direct ROI value
PRO_113,CTV1,Target,DSC,0.9292,unitless,1,Prospective patient metrics,9275,H9275,direct ROI value
PRO_113,CTV2,Target,DSC,0.8948,unitless,1,Prospective patient metrics,9680,H9680,direct ROI value
PRO_113,GTVn,Target,DSC,0.739,unitless,1,Prospective patient metrics,10085,H10085,direct ROI value
PRO_113,Large OARs,Grouped OARs,DSC,0.9049818181818182,unitless,11,Prospective patient metrics,4415;4820;5225;5630;6035;6440;6845;7250;7655;8060;8465,H4415;H4820;H5225;H5630;H6035;H6440;H6845;H7250;H7655;H8060;H8465,within-patient mean across 11 OARs
PRO_113,Small OARs,Grouped OARs,DSC,0.8987400000000001,unitless,10,Prospective patient metrics,365;770;1175;1580;1985;2390;2795;3200;3605;4010,H365;H770;H1175;H1580;H1985;H2390;H2795;H3200;H3605;H4010,within-patient mean across 10 OARs
PRO_113,GTVp,Target,HD95,2.6544,mm,1,Prospective patient metrics,8871,H8871,direct ROI value
PRO_113,CTV1,Target,HD95,1.2492,mm,1,Prospective patient metrics,9276,H9276,direct ROI value
PRO_113,CTV2,Target,HD95,1.7191,mm,1,Prospective patient metrics,9681,H9681,direct ROI value
PRO_113,GTVn,Target,HD95,7.747,mm,1,Prospective patient metrics,10086,H10086,direct ROI value
PRO_113,Large OARs,Grouped OARs,HD95,1.124681818181818,mm,11,Prospective patient metrics,4416;4821;5226;5631;6036;6441;6846;7251;7656;8061;8466,H4416;H4821;H5226;H5631;H6036;H6441;H6846;H7251;H7656;H8061;H8466,within-patient mean across 11 OARs
PRO_113,Small OARs,Grouped OARs,HD95,0.74566,mm,10,Prospective patient metrics,366;771;1176;1581;1986;2391;2796;3201;3606;4011,H366;H771;H1176;H1581;H1986;H2391;H2796;H3201;H3606;H4011,within-patient mean across 10 OARs
PRO_113,GTVp,Target,ASD,1.0669,mm,1,Prospective patient metrics,8872,H8872,direct ROI value
PRO_113,CTV1,Target,ASD,1.1314,mm,1,Prospective patient metrics,9277,H9277,direct ROI value
PRO_113,CTV2,Target,ASD,1.7159,mm,1,Prospective patient metrics,9682,H9682,direct ROI value
PRO_113,GTVn,Target,ASD,4.4371,mm,1,Prospective patient metrics,10087,H10087,direct ROI value
PRO_113,Large OARs,Grouped OARs,ASD,0.7956272727272728,mm,11,Prospective patient metrics,4417;4822;5227;5632;6037;6442;6847;7252;7657;8062;8467,H4417;H4822;H5227;H5632;H6037;H6442;H6847;H7252;H7657;H8062;H8467,within-patient mean across 11 OARs
PRO_113,Small OARs,Grouped OARs,ASD,0.45615999999999995,mm,10,Prospective patient metrics,367;772;1177;1582;1987;2392;2797;3202;3607;4012,H367;H772;H1177;H1582;H1987;H2392;H2797;H3202;H3607;H4012,within-patient mean across 10 OARs
PRO_114,GTVp,Target,DSC,0.9087,unitless,1,Prospective patient metrics,8891,H8891,direct ROI value
PRO_114,CTV1,Target,DSC,0.9,unitless,1,Prospective patient metrics,9296,H9296,direct ROI value
PRO_114,CTV2,Target,DSC,0.8747,unitless,1,Prospective patient metrics,9701,H9701,direct ROI value
PRO_114,GTVn,Target,DSC,0.8291,unitless,1,Prospective patient metrics,10106,H10106,direct ROI value
PRO_114,Large OARs,Grouped OARs,DSC,0.9092909090909091,unitless,11,Prospective patient metrics,4436;4841;5246;5651;6056;6461;6866;7271;7676;8081;8486,H4436;H4841;H5246;H5651;H6056;H6461;H6866;H7271;H7676;H8081;H8486,within-patient mean across 11 OARs
PRO_114,Small OARs,Grouped OARs,DSC,0.91449,unitless,10,Prospective patient metrics,386;791;1196;1601;2006;2411;2816;3221;3626;4031,H386;H791;H1196;H1601;H2006;H2411;H2816;H3221;H3626;H4031,within-patient mean across 10 OARs
PRO_114,GTVp,Target,HD95,2.4665,mm,1,Prospective patient metrics,8892,H8892,direct ROI value
PRO_114,CTV1,Target,HD95,2.5917,mm,1,Prospective patient metrics,9297,H9297,direct ROI value
PRO_114,CTV2,Target,HD95,2.6406,mm,1,Prospective patient metrics,9702,H9702,direct ROI value
PRO_114,GTVn,Target,HD95,1.6303,mm,1,Prospective patient metrics,10107,H10107,direct ROI value
PRO_114,Large OARs,Grouped OARs,HD95,0.9753909090909091,mm,11,Prospective patient metrics,4437;4842;5247;5652;6057;6462;6867;7272;7677;8082;8487,H4437;H4842;H5247;H5652;H6057;H6462;H6867;H7272;H7677;H8082;H8487,within-patient mean across 11 OARs
PRO_114,Small OARs,Grouped OARs,HD95,0.7371800000000001,mm,10,Prospective patient metrics,387;792;1197;1602;2007;2412;2817;3222;3627;4032,H387;H792;H1197;H1602;H2007;H2412;H2817;H3222;H3627;H4032,within-patient mean across 10 OARs
PRO_114,GTVp,Target,ASD,1.4359,mm,1,Prospective patient metrics,8893,H8893,direct ROI value
PRO_114,CTV1,Target,ASD,0.6666,mm,1,Prospective patient metrics,9298,H9298,direct ROI value
PRO_114,CTV2,Target,ASD,2.5979,mm,1,Prospective patient metrics,9703,H9703,direct ROI value
PRO_114,GTVn,Target,ASD,1.2931,mm,1,Prospective patient metrics,10108,H10108,direct ROI value
PRO_114,Large OARs,Grouped OARs,ASD,0.7696272727272728,mm,11,Prospective patient metrics,4438;4843;5248;5653;6058;6463;6868;7273;7678;8083;8488,H4438;H4843;H5248;H5653;H6058;H6463;H6868;H7273;H7678;H8083;H8488,within-patient mean across 11 OARs
PRO_114,Small OARs,Grouped OARs,ASD,0.47664999999999996,mm,10,Prospective patient metrics,388;793;1198;1603;2008;2413;2818;3223;3628;4033,H388;H793;H1198;H1603;H2008;H2413;H2818;H3223;H3628;H4033,within-patient mean across 10 OARs
PRO_115,GTVp,Target,DSC,0.9462,unitless,1,Prospective patient metrics,8804,H8804,direct ROI value
PRO_115,CTV1,Target,DSC,0.9516,unitless,1,Prospective patient metrics,9209,H9209,direct ROI value
PRO_115,CTV2,Target,DSC,0.9007,unitless,1,Prospective patient metrics,9614,H9614,direct ROI value
PRO_115,GTVn,Target,DSC,0.7459,unitless,1,Prospective patient metrics,10019,H10019,direct ROI value
PRO_115,Large OARs,Grouped OARs,DSC,0.8859909090909092,unitless,11,Prospective patient metrics,4349;4754;5159;5564;5969;6374;6779;7184;7589;7994;8399,H4349;H4754;H5159;H5564;H5969;H6374;H6779;H7184;H7589;H7994;H8399,within-patient mean across 11 OARs
PRO_115,Small OARs,Grouped OARs,DSC,0.90892,unitless,10,Prospective patient metrics,299;704;1109;1514;1919;2324;2729;3134;3539;3944,H299;H704;H1109;H1514;H1919;H2324;H2729;H3134;H3539;H3944,within-patient mean across 10 OARs
PRO_115,GTVp,Target,HD95,1.6794,mm,1,Prospective patient metrics,8805,H8805,direct ROI value
PRO_115,CTV1,Target,HD95,1.0196,mm,1,Prospective patient metrics,9210,H9210,direct ROI value
PRO_115,CTV2,Target,HD95,1.9044,mm,1,Prospective patient metrics,9615,H9615,direct ROI value
PRO_115,GTVn,Target,HD95,4.8668,mm,1,Prospective patient metrics,10020,H10020,direct ROI value
PRO_115,Large OARs,Grouped OARs,HD95,1.1680545454545452,mm,11,Prospective patient metrics,4350;4755;5160;5565;5970;6375;6780;7185;7590;7995;8400,H4350;H4755;H5160;H5565;H5970;H6375;H6780;H7185;H7590;H7995;H8400,within-patient mean across 11 OARs
PRO_115,Small OARs,Grouped OARs,HD95,0.8036,mm,10,Prospective patient metrics,300;705;1110;1515;1920;2325;2730;3135;3540;3945,H300;H705;H1110;H1515;H1920;H2325;H2730;H3135;H3540;H3945,within-patient mean across 10 OARs
PRO_115,GTVp,Target,ASD,1.0806,mm,1,Prospective patient metrics,8806,H8806,direct ROI value
PRO_115,CTV1,Target,ASD,0.5463,mm,1,Prospective patient metrics,9211,H9211,direct ROI value
PRO_115,CTV2,Target,ASD,1.8598,mm,1,Prospective patient metrics,9616,H9616,direct ROI value
PRO_115,GTVn,Target,ASD,4.7688,mm,1,Prospective patient metrics,10021,H10021,direct ROI value
PRO_115,Large OARs,Grouped OARs,ASD,0.7709818181818182,mm,11,Prospective patient metrics,4351;4756;5161;5566;5971;6376;6781;7186;7591;7996;8401,H4351;H4756;H5161;H5566;H5971;H6376;H6781;H7186;H7591;H7996;H8401,within-patient mean across 11 OARs
PRO_115,Small OARs,Grouped OARs,ASD,0.5200199999999999,mm,10,Prospective patient metrics,301;706;1111;1516;1921;2326;2731;3136;3541;3946,H301;H706;H1111;H1516;H1921;H2326;H2731;H3136;H3541;H3946,within-patient mean across 10 OARs
PRO_116,GTVp,Target,DSC,0.9188,unitless,1,Prospective patient metrics,8900,H8900,direct ROI value
PRO_116,CTV1,Target,DSC,0.9105,unitless,1,Prospective patient metrics,9305,H9305,direct ROI value
PRO_116,CTV2,Target,DSC,0.8647,unitless,1,Prospective patient metrics,9710,H9710,direct ROI value
PRO_116,GTVn,Target,DSC,0.8323,unitless,1,Prospective patient metrics,10115,H10115,direct ROI value
PRO_116,Large OARs,Grouped OARs,DSC,0.9074272727272727,unitless,11,Prospective patient metrics,4445;4850;5255;5660;6065;6470;6875;7280;7685;8090;8495,H4445;H4850;H5255;H5660;H6065;H6470;H6875;H7280;H7685;H8090;H8495,within-patient mean across 11 OARs
PRO_116,Small OARs,Grouped OARs,DSC,0.9027799999999999,unitless,10,Prospective patient metrics,395;800;1205;1610;2015;2420;2825;3230;3635;4040,H395;H800;H1205;H1610;H2015;H2420;H2825;H3230;H3635;H4040,within-patient mean across 10 OARs
PRO_116,GTVp,Target,HD95,2.4237,mm,1,Prospective patient metrics,8901,H8901,direct ROI value
PRO_116,CTV1,Target,HD95,1.9645,mm,1,Prospective patient metrics,9306,H9306,direct ROI value
PRO_116,CTV2,Target,HD95,3.4145,mm,1,Prospective patient metrics,9711,H9711,direct ROI value
PRO_116,GTVn,Target,HD95,2.5967,mm,1,Prospective patient metrics,10116,H10116,direct ROI value
PRO_116,Large OARs,Grouped OARs,HD95,1.088618181818182,mm,11,Prospective patient metrics,4446;4851;5256;5661;6066;6471;6876;7281;7686;8091;8496,H4446;H4851;H5256;H5661;H6066;H6471;H6876;H7281;H7686;H8091;H8496,within-patient mean across 11 OARs
PRO_116,Small OARs,Grouped OARs,HD95,0.70019,mm,10,Prospective patient metrics,396;801;1206;1611;2016;2421;2826;3231;3636;4041,H396;H801;H1206;H1611;H2016;H2421;H2826;H3231;H3636;H4041,within-patient mean across 10 OARs
PRO_116,GTVp,Target,ASD,1.4919,mm,1,Prospective patient metrics,8902,H8902,direct ROI value
PRO_116,CTV1,Target,ASD,0.6951,mm,1,Prospective patient metrics,9307,H9307,direct ROI value
PRO_116,CTV2,Target,ASD,3.0744,mm,1,Prospective patient metrics,9712,H9712,direct ROI value
PRO_116,GTVn,Target,ASD,2.358,mm,1,Prospective patient metrics,10117,H10117,direct ROI value
PRO_116,Large OARs,Grouped OARs,ASD,0.771290909090909,mm,11,Prospective patient metrics,4447;4852;5257;5662;6067;6472;6877;7282;7687;8092;8497,H4447;H4852;H5257;H5662;H6067;H6472;H6877;H7282;H7687;H8092;H8497,within-patient mean across 11 OARs
PRO_116,Small OARs,Grouped OARs,ASD,0.48678,mm,10,Prospective patient metrics,397;802;1207;1612;2017;2422;2827;3232;3637;4042,H397;H802;H1207;H1612;H2017;H2422;H2827;H3232;H3637;H4042,within-patient mean across 10 OARs
PRO_117,GTVp,Target,DSC,0.9507,unitless,1,Prospective patient metrics,8897,H8897,direct ROI value
PRO_117,CTV1,Target,DSC,0.9348,unitless,1,Prospective patient metrics,9302,H9302,direct ROI value
PRO_117,CTV2,Target,DSC,0.9585,unitless,1,Prospective patient metrics,9707,H9707,direct ROI value
PRO_117,GTVn,Target,DSC,0.7522,unitless,1,Prospective patient metrics,10112,H10112,direct ROI value
PRO_117,Large OARs,Grouped OARs,DSC,0.9061181818181818,unitless,11,Prospective patient metrics,4442;4847;5252;5657;6062;6467;6872;7277;7682;8087;8492,H4442;H4847;H5252;H5657;H6062;H6467;H6872;H7277;H7682;H8087;H8492,within-patient mean across 11 OARs
PRO_117,Small OARs,Grouped OARs,DSC,0.8975900000000001,unitless,10,Prospective patient metrics,392;797;1202;1607;2012;2417;2822;3227;3632;4037,H392;H797;H1202;H1607;H2012;H2417;H2822;H3227;H3632;H4037,within-patient mean across 10 OARs
PRO_117,GTVp,Target,HD95,1.3779,mm,1,Prospective patient metrics,8898,H8898,direct ROI value
PRO_117,CTV1,Target,HD95,2.6164,mm,1,Prospective patient metrics,9303,H9303,direct ROI value
PRO_117,CTV2,Target,HD95,1.3832,mm,1,Prospective patient metrics,9708,H9708,direct ROI value
PRO_117,GTVn,Target,HD95,6.6364,mm,1,Prospective patient metrics,10113,H10113,direct ROI value
PRO_117,Large OARs,Grouped OARs,HD95,1.1396181818181819,mm,11,Prospective patient metrics,4443;4848;5253;5658;6063;6468;6873;7278;7683;8088;8493,H4443;H4848;H5253;H5658;H6063;H6468;H6873;H7278;H7683;H8088;H8493,within-patient mean across 11 OARs
PRO_117,Small OARs,Grouped OARs,HD95,0.76372,mm,10,Prospective patient metrics,393;798;1203;1608;2013;2418;2823;3228;3633;4038,H393;H798;H1203;H1608;H2013;H2418;H2823;H3228;H3633;H4038,within-patient mean across 10 OARs
PRO_117,GTVp,Target,ASD,0.6294,mm,1,Prospective patient metrics,8899,H8899,direct ROI value
PRO_117,CTV1,Target,ASD,1.1156,mm,1,Prospective patient metrics,9304,H9304,direct ROI value
PRO_117,CTV2,Target,ASD,0.914,mm,1,Prospective patient metrics,9709,H9709,direct ROI value
PRO_117,GTVn,Target,ASD,4.3903,mm,1,Prospective patient metrics,10114,H10114,direct ROI value
PRO_117,Large OARs,Grouped OARs,ASD,0.7661454545454546,mm,11,Prospective patient metrics,4444;4849;5254;5659;6064;6469;6874;7279;7684;8089;8494,H4444;H4849;H5254;H5659;H6064;H6469;H6874;H7279;H7684;H8089;H8494,within-patient mean across 11 OARs
PRO_117,Small OARs,Grouped OARs,ASD,0.5239999999999999,mm,10,Prospective patient metrics,394;799;1204;1609;2014;2419;2824;3229;3634;4039,H394;H799;H1204;H1609;H2014;H2419;H2824;H3229;H3634;H4039,within-patient mean across 10 OARs
PRO_118,GTVp,Target,DSC,0.9756,unitless,1,Prospective patient metrics,8819,H8819,direct ROI value
PRO_118,CTV1,Target,DSC,0.9606,unitless,1,Prospective patient metrics,9224,H9224,direct ROI value
PRO_118,CTV2,Target,DSC,0.8919,unitless,1,Prospective patient metrics,9629,H9629,direct ROI value
PRO_118,GTVn,Target,DSC,0.718,unitless,1,Prospective patient metrics,10034,H10034,direct ROI value
PRO_118,Large OARs,Grouped OARs,DSC,0.9099272727272726,unitless,11,Prospective patient metrics,4364;4769;5174;5579;5984;6389;6794;7199;7604;8009;8414,H4364;H4769;H5174;H5579;H5984;H6389;H6794;H7199;H7604;H8009;H8414,within-patient mean across 11 OARs
PRO_118,Small OARs,Grouped OARs,DSC,0.90251,unitless,10,Prospective patient metrics,314;719;1124;1529;1934;2339;2744;3149;3554;3959,H314;H719;H1124;H1529;H1934;H2339;H2744;H3149;H3554;H3959,within-patient mean across 10 OARs
PRO_118,GTVp,Target,HD95,1.0064,mm,1,Prospective patient metrics,8820,H8820,direct ROI value
PRO_118,CTV1,Target,HD95,1.2936,mm,1,Prospective patient metrics,9225,H9225,direct ROI value
PRO_118,CTV2,Target,HD95,1.3431,mm,1,Prospective patient metrics,9630,H9630,direct ROI value
PRO_118,GTVn,Target,HD95,6.8295,mm,1,Prospective patient metrics,10035,H10035,direct ROI value
PRO_118,Large OARs,Grouped OARs,HD95,1.1516545454545455,mm,11,Prospective patient metrics,4365;4770;5175;5580;5985;6390;6795;7200;7605;8010;8415,H4365;H4770;H5175;H5580;H5985;H6390;H6795;H7200;H7605;H8010;H8415,within-patient mean across 11 OARs
PRO_118,Small OARs,Grouped OARs,HD95,0.79355,mm,10,Prospective patient metrics,315;720;1125;1530;1935;2340;2745;3150;3555;3960,H315;H720;H1125;H1530;H1935;H2340;H2745;H3150;H3555;H3960,within-patient mean across 10 OARs
PRO_118,GTVp,Target,ASD,0.5689,mm,1,Prospective patient metrics,8821,H8821,direct ROI value
PRO_118,CTV1,Target,ASD,0.9977,mm,1,Prospective patient metrics,9226,H9226,direct ROI value
PRO_118,CTV2,Target,ASD,1.3415,mm,1,Prospective patient metrics,9631,H9631,direct ROI value
PRO_118,GTVn,Target,ASD,4.1861,mm,1,Prospective patient metrics,10036,H10036,direct ROI value
PRO_118,Large OARs,Grouped OARs,ASD,0.7879636363636364,mm,11,Prospective patient metrics,4366;4771;5176;5581;5986;6391;6796;7201;7606;8011;8416,H4366;H4771;H5176;H5581;H5986;H6391;H6796;H7201;H7606;H8011;H8416,within-patient mean across 11 OARs
PRO_118,Small OARs,Grouped OARs,ASD,0.53688,mm,10,Prospective patient metrics,316;721;1126;1531;1936;2341;2746;3151;3556;3961,H316;H721;H1126;H1531;H1936;H2341;H2746;H3151;H3556;H3961,within-patient mean across 10 OARs
PRO_119,GTVp,Target,DSC,0.9544,unitless,1,Prospective patient metrics,8825,H8825,direct ROI value
PRO_119,CTV1,Target,DSC,0.8856,unitless,1,Prospective patient metrics,9230,H9230,direct ROI value
PRO_119,CTV2,Target,DSC,0.8911,unitless,1,Prospective patient metrics,9635,H9635,direct ROI value
PRO_119,GTVn,Target,DSC,0.8042,unitless,1,Prospective patient metrics,10040,H10040,direct ROI value
PRO_119,Large OARs,Grouped OARs,DSC,0.9144818181818182,unitless,11,Prospective patient metrics,4370;4775;5180;5585;5990;6395;6800;7205;7610;8015;8420,H4370;H4775;H5180;H5585;H5990;H6395;H6800;H7205;H7610;H8015;H8420,within-patient mean across 11 OARs
PRO_119,Small OARs,Grouped OARs,DSC,0.9026799999999999,unitless,10,Prospective patient metrics,320;725;1130;1535;1940;2345;2750;3155;3560;3965,H320;H725;H1130;H1535;H1940;H2345;H2750;H3155;H3560;H3965,within-patient mean across 10 OARs
PRO_119,GTVp,Target,HD95,1.4396,mm,1,Prospective patient metrics,8826,H8826,direct ROI value
PRO_119,CTV1,Target,HD95,4.2242,mm,1,Prospective patient metrics,9231,H9231,direct ROI value
PRO_119,CTV2,Target,HD95,1.8287,mm,1,Prospective patient metrics,9636,H9636,direct ROI value
PRO_119,GTVn,Target,HD95,4.1128,mm,1,Prospective patient metrics,10041,H10041,direct ROI value
PRO_119,Large OARs,Grouped OARs,HD95,1.0595909090909092,mm,11,Prospective patient metrics,4371;4776;5181;5586;5991;6396;6801;7206;7611;8016;8421,H4371;H4776;H5181;H5586;H5991;H6396;H6801;H7206;H7611;H8016;H8421,within-patient mean across 11 OARs
PRO_119,Small OARs,Grouped OARs,HD95,0.75005,mm,10,Prospective patient metrics,321;726;1131;1536;1941;2346;2751;3156;3561;3966,H321;H726;H1131;H1536;H1941;H2346;H2751;H3156;H3561;H3966,within-patient mean across 10 OARs
PRO_119,GTVp,Target,ASD,1.1316,mm,1,Prospective patient metrics,8827,H8827,direct ROI value
PRO_119,CTV1,Target,ASD,0.9771,mm,1,Prospective patient metrics,9232,H9232,direct ROI value
PRO_119,CTV2,Target,ASD,1.8273,mm,1,Prospective patient metrics,9637,H9637,direct ROI value
PRO_119,GTVn,Target,ASD,3.0824,mm,1,Prospective patient metrics,10042,H10042,direct ROI value
PRO_119,Large OARs,Grouped OARs,ASD,0.7009727272727273,mm,11,Prospective patient metrics,4372;4777;5182;5587;5992;6397;6802;7207;7612;8017;8422,H4372;H4777;H5182;H5587;H5992;H6397;H6802;H7207;H7612;H8017;H8422,within-patient mean across 11 OARs
PRO_119,Small OARs,Grouped OARs,ASD,0.4582699999999999,mm,10,Prospective patient metrics,322;727;1132;1537;1942;2347;2752;3157;3562;3967,H322;H727;H1132;H1537;H1942;H2347;H2752;H3157;H3562;H3967,within-patient mean across 10 OARs
PRO_120,GTVp,Target,DSC,0.9578,unitless,1,Prospective patient metrics,8885,H8885,direct ROI value
PRO_120,CTV1,Target,DSC,0.9242,unitless,1,Prospective patient metrics,9290,H9290,direct ROI value
PRO_120,CTV2,Target,DSC,0.8956,unitless,1,Prospective patient metrics,9695,H9695,direct ROI value
PRO_120,GTVn,Target,DSC,0.8398,unitless,1,Prospective patient metrics,10100,H10100,direct ROI value
PRO_120,Large OARs,Grouped OARs,DSC,0.9077272727272727,unitless,11,Prospective patient metrics,4430;4835;5240;5645;6050;6455;6860;7265;7670;8075;8480,H4430;H4835;H5240;H5645;H6050;H6455;H6860;H7265;H7670;H8075;H8480,within-patient mean across 11 OARs
PRO_120,Small OARs,Grouped OARs,DSC,0.88452,unitless,10,Prospective patient metrics,380;785;1190;1595;2000;2405;2810;3215;3620;4025,H380;H785;H1190;H1595;H2000;H2405;H2810;H3215;H3620;H4025,within-patient mean across 10 OARs
PRO_120,GTVp,Target,HD95,1.989,mm,1,Prospective patient metrics,8886,H8886,direct ROI value
PRO_120,CTV1,Target,HD95,3.0242,mm,1,Prospective patient metrics,9291,H9291,direct ROI value
PRO_120,CTV2,Target,HD95,2.8774,mm,1,Prospective patient metrics,9696,H9696,direct ROI value
PRO_120,GTVn,Target,HD95,3.0628,mm,1,Prospective patient metrics,10101,H10101,direct ROI value
PRO_120,Large OARs,Grouped OARs,HD95,1.1081545454545454,mm,11,Prospective patient metrics,4431;4836;5241;5646;6051;6456;6861;7266;7671;8076;8481,H4431;H4836;H5241;H5646;H6051;H6456;H6861;H7266;H7671;H8076;H8481,within-patient mean across 11 OARs
PRO_120,Small OARs,Grouped OARs,HD95,0.8940800000000001,mm,10,Prospective patient metrics,381;786;1191;1596;2001;2406;2811;3216;3621;4026,H381;H786;H1191;H1596;H2001;H2406;H2811;H3216;H3621;H4026,within-patient mean across 10 OARs
PRO_120,GTVp,Target,ASD,0.8748,mm,1,Prospective patient metrics,8887,H8887,direct ROI value
PRO_120,CTV1,Target,ASD,0.9133,mm,1,Prospective patient metrics,9292,H9292,direct ROI value
PRO_120,CTV2,Target,ASD,2.1161,mm,1,Prospective patient metrics,9697,H9697,direct ROI value
PRO_120,GTVn,Target,ASD,2.7678,mm,1,Prospective patient metrics,10102,H10102,direct ROI value
PRO_120,Large OARs,Grouped OARs,ASD,0.7311727272727272,mm,11,Prospective patient metrics,4432;4837;5242;5647;6052;6457;6862;7267;7672;8077;8482,H4432;H4837;H5242;H5647;H6052;H6457;H6862;H7267;H7672;H8077;H8482,within-patient mean across 11 OARs
PRO_120,Small OARs,Grouped OARs,ASD,0.6324700000000001,mm,10,Prospective patient metrics,382;787;1192;1597;2002;2407;2812;3217;3622;4027,H382;H787;H1192;H1597;H2002;H2407;H2812;H3217;H3622;H4027,within-patient mean across 10 OARs
PRO_121,GTVp,Target,DSC,0.9184,unitless,1,Prospective patient metrics,8837,H8837,direct ROI value
PRO_121,CTV1,Target,DSC,0.8615,unitless,1,Prospective patient metrics,9242,H9242,direct ROI value
PRO_121,CTV2,Target,DSC,0.8858,unitless,1,Prospective patient metrics,9647,H9647,direct ROI value
PRO_121,GTVn,Target,DSC,0.7302,unitless,1,Prospective patient metrics,10052,H10052,direct ROI value
PRO_121,Large OARs,Grouped OARs,DSC,0.9093090909090911,unitless,11,Prospective patient metrics,4382;4787;5192;5597;6002;6407;6812;7217;7622;8027;8432,H4382;H4787;H5192;H5597;H6002;H6407;H6812;H7217;H7622;H8027;H8432,within-patient mean across 11 OARs
PRO_121,Small OARs,Grouped OARs,DSC,0.9028499999999999,unitless,10,Prospective patient metrics,332;737;1142;1547;1952;2357;2762;3167;3572;3977,H332;H737;H1142;H1547;H1952;H2357;H2762;H3167;H3572;H3977,within-patient mean across 10 OARs
PRO_121,GTVp,Target,HD95,2.0919,mm,1,Prospective patient metrics,8838,H8838,direct ROI value
PRO_121,CTV1,Target,HD95,4.4738,mm,1,Prospective patient metrics,9243,H9243,direct ROI value
PRO_121,CTV2,Target,HD95,2.8126,mm,1,Prospective patient metrics,9648,H9648,direct ROI value
PRO_121,GTVn,Target,HD95,6.7735,mm,1,Prospective patient metrics,10053,H10053,direct ROI value
PRO_121,Large OARs,Grouped OARs,HD95,1.1039999999999999,mm,11,Prospective patient metrics,4383;4788;5193;5598;6003;6408;6813;7218;7623;8028;8433,H4383;H4788;H5193;H5598;H6003;H6408;H6813;H7218;H7623;H8028;H8433,within-patient mean across 11 OARs
PRO_121,Small OARs,Grouped OARs,HD95,0.84457,mm,10,Prospective patient metrics,333;738;1143;1548;1953;2358;2763;3168;3573;3978,H333;H738;H1143;H1548;H1953;H2358;H2763;H3168;H3573;H3978,within-patient mean across 10 OARs
PRO_121,GTVp,Target,ASD,1.2213,mm,1,Prospective patient metrics,8839,H8839,direct ROI value
PRO_121,CTV1,Target,ASD,1.6825,mm,1,Prospective patient metrics,9244,H9244,direct ROI value
PRO_121,CTV2,Target,ASD,2.3543,mm,1,Prospective patient metrics,9649,H9649,direct ROI value
PRO_121,GTVn,Target,ASD,3.3905,mm,1,Prospective patient metrics,10054,H10054,direct ROI value
PRO_121,Large OARs,Grouped OARs,ASD,0.7083727272727273,mm,11,Prospective patient metrics,4384;4789;5194;5599;6004;6409;6814;7219;7624;8029;8434,H4384;H4789;H5194;H5599;H6004;H6409;H6814;H7219;H7624;H8029;H8434,within-patient mean across 11 OARs
PRO_121,Small OARs,Grouped OARs,ASD,0.51121,mm,10,Prospective patient metrics,334;739;1144;1549;1954;2359;2764;3169;3574;3979,H334;H739;H1144;H1549;H1954;H2359;H2764;H3169;H3574;H3979,within-patient mean across 10 OARs
PRO_122,GTVp,Target,DSC,0.9536,unitless,1,Prospective patient metrics,8822,H8822,direct ROI value
PRO_122,CTV1,Target,DSC,0.9354,unitless,1,Prospective patient metrics,9227,H9227,direct ROI value
PRO_122,CTV2,Target,DSC,0.8918,unitless,1,Prospective patient metrics,9632,H9632,direct ROI value
PRO_122,GTVn,Target,DSC,0.8176,unitless,1,Prospective patient metrics,10037,H10037,direct ROI value
PRO_122,Large OARs,Grouped OARs,DSC,0.9046545454545455,unitless,11,Prospective patient metrics,4367;4772;5177;5582;5987;6392;6797;7202;7607;8012;8417,H4367;H4772;H5177;H5582;H5987;H6392;H6797;H7202;H7607;H8012;H8417,within-patient mean across 11 OARs
PRO_122,Small OARs,Grouped OARs,DSC,0.88548,unitless,10,Prospective patient metrics,317;722;1127;1532;1937;2342;2747;3152;3557;3962,H317;H722;H1127;H1532;H1937;H2342;H2747;H3152;H3557;H3962,within-patient mean across 10 OARs
PRO_122,GTVp,Target,HD95,0.9048,mm,1,Prospective patient metrics,8823,H8823,direct ROI value
PRO_122,CTV1,Target,HD95,1.4101,mm,1,Prospective patient metrics,9228,H9228,direct ROI value
PRO_122,CTV2,Target,HD95,2.094,mm,1,Prospective patient metrics,9633,H9633,direct ROI value
PRO_122,GTVn,Target,HD95,4.8513,mm,1,Prospective patient metrics,10038,H10038,direct ROI value
PRO_122,Large OARs,Grouped OARs,HD95,1.1159727272727273,mm,11,Prospective patient metrics,4368;4773;5178;5583;5988;6393;6798;7203;7608;8013;8418,H4368;H4773;H5178;H5583;H5988;H6393;H6798;H7203;H7608;H8013;H8418,within-patient mean across 11 OARs
PRO_122,Small OARs,Grouped OARs,HD95,1.00942,mm,10,Prospective patient metrics,318;723;1128;1533;1938;2343;2748;3153;3558;3963,H318;H723;H1128;H1533;H1938;H2343;H2748;H3153;H3558;H3963,within-patient mean across 10 OARs
PRO_122,GTVp,Target,ASD,0.7122,mm,1,Prospective patient metrics,8824,H8824,direct ROI value
PRO_122,CTV1,Target,ASD,0.864,mm,1,Prospective patient metrics,9229,H9229,direct ROI value
PRO_122,CTV2,Target,ASD,2.0888,mm,1,Prospective patient metrics,9634,H9634,direct ROI value
PRO_122,GTVn,Target,ASD,2.0263,mm,1,Prospective patient metrics,10039,H10039,direct ROI value
PRO_122,Large OARs,Grouped OARs,ASD,0.6965727272727272,mm,11,Prospective patient metrics,4369;4774;5179;5584;5989;6394;6799;7204;7609;8014;8419,H4369;H4774;H5179;H5584;H5989;H6394;H6799;H7204;H7609;H8014;H8419,within-patient mean across 11 OARs
PRO_122,Small OARs,Grouped OARs,ASD,0.62158,mm,10,Prospective patient metrics,319;724;1129;1534;1939;2344;2749;3154;3559;3964,H319;H724;H1129;H1534;H1939;H2344;H2749;H3154;H3559;H3964,within-patient mean across 10 OARs
PRO_123,GTVp,Target,DSC,0.9473,unitless,1,Prospective patient metrics,8843,H8843,direct ROI value
PRO_123,CTV1,Target,DSC,0.9436,unitless,1,Prospective patient metrics,9248,H9248,direct ROI value
PRO_123,CTV2,Target,DSC,0.9031,unitless,1,Prospective patient metrics,9653,H9653,direct ROI value
PRO_123,GTVn,Target,DSC,0.7593,unitless,1,Prospective patient metrics,10058,H10058,direct ROI value
PRO_123,Large OARs,Grouped OARs,DSC,0.9144181818181818,unitless,11,Prospective patient metrics,4388;4793;5198;5603;6008;6413;6818;7223;7628;8033;8438,H4388;H4793;H5198;H5603;H6008;H6413;H6818;H7223;H7628;H8033;H8438,within-patient mean across 11 OARs
PRO_123,Small OARs,Grouped OARs,DSC,0.89423,unitless,10,Prospective patient metrics,338;743;1148;1553;1958;2363;2768;3173;3578;3983,H338;H743;H1148;H1553;H1958;H2363;H2768;H3173;H3578;H3983,within-patient mean across 10 OARs
PRO_123,GTVp,Target,HD95,1.7369,mm,1,Prospective patient metrics,8844,H8844,direct ROI value
PRO_123,CTV1,Target,HD95,1.7671,mm,1,Prospective patient metrics,9249,H9249,direct ROI value
PRO_123,CTV2,Target,HD95,1.621,mm,1,Prospective patient metrics,9654,H9654,direct ROI value
PRO_123,GTVn,Target,HD95,5.825,mm,1,Prospective patient metrics,10059,H10059,direct ROI value
PRO_123,Large OARs,Grouped OARs,HD95,1.1324,mm,11,Prospective patient metrics,4389;4794;5199;5604;6009;6414;6819;7224;7629;8034;8439,H4389;H4794;H5199;H5604;H6009;H6414;H6819;H7224;H7629;H8034;H8439,within-patient mean across 11 OARs
PRO_123,Small OARs,Grouped OARs,HD95,0.8042199999999999,mm,10,Prospective patient metrics,339;744;1149;1554;1959;2364;2769;3174;3579;3984,H339;H744;H1149;H1554;H1959;H2364;H2769;H3174;H3579;H3984,within-patient mean across 10 OARs
PRO_123,GTVp,Target,ASD,1.3824,mm,1,Prospective patient metrics,8845,H8845,direct ROI value
PRO_123,CTV1,Target,ASD,0.943,mm,1,Prospective patient metrics,9250,H9250,direct ROI value
PRO_123,CTV2,Target,ASD,1.615,mm,1,Prospective patient metrics,9655,H9655,direct ROI value
PRO_123,GTVn,Target,ASD,2.7677,mm,1,Prospective patient metrics,10060,H10060,direct ROI value
PRO_123,Large OARs,Grouped OARs,ASD,0.6947363636363636,mm,11,Prospective patient metrics,4390;4795;5200;5605;6010;6415;6820;7225;7630;8035;8440,H4390;H4795;H5200;H5605;H6010;H6415;H6820;H7225;H7630;H8035;H8440,within-patient mean across 11 OARs
PRO_123,Small OARs,Grouped OARs,ASD,0.6109500000000001,mm,10,Prospective patient metrics,340;745;1150;1555;1960;2365;2770;3175;3580;3985,H340;H745;H1150;H1555;H1960;H2365;H2770;H3175;H3580;H3985,within-patient mean across 10 OARs
PRO_124,GTVp,Target,DSC,0.9238,unitless,1,Prospective patient metrics,8858,H8858,direct ROI value
PRO_124,CTV1,Target,DSC,0.9074,unitless,1,Prospective patient metrics,9263,H9263,direct ROI value
PRO_124,CTV2,Target,DSC,0.9079,unitless,1,Prospective patient metrics,9668,H9668,direct ROI value
PRO_124,GTVn,Target,DSC,0.9295,unitless,1,Prospective patient metrics,10073,H10073,direct ROI value
PRO_124,Large OARs,Grouped OARs,DSC,0.907209090909091,unitless,11,Prospective patient metrics,4403;4808;5213;5618;6023;6428;6833;7238;7643;8048;8453,H4403;H4808;H5213;H5618;H6023;H6428;H6833;H7238;H7643;H8048;H8453,within-patient mean across 11 OARs
PRO_124,Small OARs,Grouped OARs,DSC,0.9081300000000001,unitless,10,Prospective patient metrics,353;758;1163;1568;1973;2378;2783;3188;3593;3998,H353;H758;H1163;H1568;H1973;H2378;H2783;H3188;H3593;H3998,within-patient mean across 10 OARs
PRO_124,GTVp,Target,HD95,2.5417,mm,1,Prospective patient metrics,8859,H8859,direct ROI value
PRO_124,CTV1,Target,HD95,2.8187,mm,1,Prospective patient metrics,9264,H9264,direct ROI value
PRO_124,CTV2,Target,HD95,2.3319,mm,1,Prospective patient metrics,9669,H9669,direct ROI value
PRO_124,GTVn,Target,HD95,1.4149,mm,1,Prospective patient metrics,10074,H10074,direct ROI value
PRO_124,Large OARs,Grouped OARs,HD95,1.1477454545454544,mm,11,Prospective patient metrics,4404;4809;5214;5619;6024;6429;6834;7239;7644;8049;8454,H4404;H4809;H5214;H5619;H6024;H6429;H6834;H7239;H7644;H8049;H8454,within-patient mean across 11 OARs
PRO_124,Small OARs,Grouped OARs,HD95,0.74169,mm,10,Prospective patient metrics,354;759;1164;1569;1974;2379;2784;3189;3594;3999,H354;H759;H1164;H1569;H1974;H2379;H2784;H3189;H3594;H3999,within-patient mean across 10 OARs
PRO_124,GTVp,Target,ASD,1.5383,mm,1,Prospective patient metrics,8860,H8860,direct ROI value
PRO_124,CTV1,Target,ASD,1.0407,mm,1,Prospective patient metrics,9265,H9265,direct ROI value
PRO_124,CTV2,Target,ASD,2.1373,mm,1,Prospective patient metrics,9670,H9670,direct ROI value
PRO_124,GTVn,Target,ASD,1.0139,mm,1,Prospective patient metrics,10075,H10075,direct ROI value
PRO_124,Large OARs,Grouped OARs,ASD,0.7901727272727274,mm,11,Prospective patient metrics,4405;4810;5215;5620;6025;6430;6835;7240;7645;8050;8455,H4405;H4810;H5215;H5620;H6025;H6430;H6835;H7240;H7645;H8050;H8455,within-patient mean across 11 OARs
PRO_124,Small OARs,Grouped OARs,ASD,0.49512,mm,10,Prospective patient metrics,355;760;1165;1570;1975;2380;2785;3190;3595;4000,H355;H760;H1165;H1570;H1975;H2380;H2785;H3190;H3595;H4000,within-patient mean across 10 OARs
PRO_125,GTVp,Target,DSC,0.9757,unitless,1,Prospective patient metrics,8861,H8861,direct ROI value
PRO_125,CTV1,Target,DSC,0.8799,unitless,1,Prospective patient metrics,9266,H9266,direct ROI value
PRO_125,CTV2,Target,DSC,0.8969,unitless,1,Prospective patient metrics,9671,H9671,direct ROI value
PRO_125,GTVn,Target,DSC,0.7829,unitless,1,Prospective patient metrics,10076,H10076,direct ROI value
PRO_125,Large OARs,Grouped OARs,DSC,0.8963727272727272,unitless,11,Prospective patient metrics,4406;4811;5216;5621;6026;6431;6836;7241;7646;8051;8456,H4406;H4811;H5216;H5621;H6026;H6431;H6836;H7241;H7646;H8051;H8456,within-patient mean across 11 OARs
PRO_125,Small OARs,Grouped OARs,DSC,0.91547,unitless,10,Prospective patient metrics,356;761;1166;1571;1976;2381;2786;3191;3596;4001,H356;H761;H1166;H1571;H1976;H2381;H2786;H3191;H3596;H4001,within-patient mean across 10 OARs
PRO_125,GTVp,Target,HD95,1.4518,mm,1,Prospective patient metrics,8862,H8862,direct ROI value
PRO_125,CTV1,Target,HD95,3.3833,mm,1,Prospective patient metrics,9267,H9267,direct ROI value
PRO_125,CTV2,Target,HD95,2.2085,mm,1,Prospective patient metrics,9672,H9672,direct ROI value
PRO_125,GTVn,Target,HD95,3.9123,mm,1,Prospective patient metrics,10077,H10077,direct ROI value
PRO_125,Large OARs,Grouped OARs,HD95,1.179,mm,11,Prospective patient metrics,4407;4812;5217;5622;6027;6432;6837;7242;7647;8052;8457,H4407;H4812;H5217;H5622;H6027;H6432;H6837;H7242;H7647;H8052;H8457,within-patient mean across 11 OARs
PRO_125,Small OARs,Grouped OARs,HD95,0.8398199999999999,mm,10,Prospective patient metrics,357;762;1167;1572;1977;2382;2787;3192;3597;4002,H357;H762;H1167;H1572;H1977;H2382;H2787;H3192;H3597;H4002,within-patient mean across 10 OARs
PRO_125,GTVp,Target,ASD,1.0112,mm,1,Prospective patient metrics,8863,H8863,direct ROI value
PRO_125,CTV1,Target,ASD,1.6403,mm,1,Prospective patient metrics,9268,H9268,direct ROI value
PRO_125,CTV2,Target,ASD,2.184,mm,1,Prospective patient metrics,9673,H9673,direct ROI value
PRO_125,GTVn,Target,ASD,3.3406,mm,1,Prospective patient metrics,10078,H10078,direct ROI value
PRO_125,Large OARs,Grouped OARs,ASD,0.8938636363636363,mm,11,Prospective patient metrics,4408;4813;5218;5623;6028;6433;6838;7243;7648;8053;8458,H4408;H4813;H5218;H5623;H6028;H6433;H6838;H7243;H7648;H8053;H8458,within-patient mean across 11 OARs
PRO_125,Small OARs,Grouped OARs,ASD,0.49097,mm,10,Prospective patient metrics,358;763;1168;1573;1978;2383;2788;3193;3598;4003,H358;H763;H1168;H1573;H1978;H2383;H2788;H3193;H3598;H4003,within-patient mean across 10 OARs
PRO_126,GTVp,Target,DSC,0.973,unitless,1,Prospective patient metrics,8852,H8852,direct ROI value
PRO_126,CTV1,Target,DSC,0.9178,unitless,1,Prospective patient metrics,9257,H9257,direct ROI value
PRO_126,CTV2,Target,DSC,0.8821,unitless,1,Prospective patient metrics,9662,H9662,direct ROI value
PRO_126,GTVn,Target,DSC,0.7511,unitless,1,Prospective patient metrics,10067,H10067,direct ROI value
PRO_126,Large OARs,Grouped OARs,DSC,0.9099272727272727,unitless,11,Prospective patient metrics,4397;4802;5207;5612;6017;6422;6827;7232;7637;8042;8447,H4397;H4802;H5207;H5612;H6017;H6422;H6827;H7232;H7637;H8042;H8447,within-patient mean across 11 OARs
PRO_126,Small OARs,Grouped OARs,DSC,0.9103899999999999,unitless,10,Prospective patient metrics,347;752;1157;1562;1967;2372;2777;3182;3587;3992,H347;H752;H1157;H1562;H1967;H2372;H2777;H3182;H3587;H3992,within-patient mean across 10 OARs
PRO_126,GTVp,Target,HD95,1.7682,mm,1,Prospective patient metrics,8853,H8853,direct ROI value
PRO_126,CTV1,Target,HD95,3.1431,mm,1,Prospective patient metrics,9258,H9258,direct ROI value
PRO_126,CTV2,Target,HD95,1.8939,mm,1,Prospective patient metrics,9663,H9663,direct ROI value
PRO_126,GTVn,Target,HD95,5.3522,mm,1,Prospective patient metrics,10068,H10068,direct ROI value
PRO_126,Large OARs,Grouped OARs,HD95,0.998118181818182,mm,11,Prospective patient metrics,4398;4803;5208;5613;6018;6423;6828;7233;7638;8043;8448,H4398;H4803;H5208;H5613;H6018;H6423;H6828;H7233;H7638;H8043;H8448,within-patient mean across 11 OARs
PRO_126,Small OARs,Grouped OARs,HD95,0.75602,mm,10,Prospective patient metrics,348;753;1158;1563;1968;2373;2778;3183;3588;3993,H348;H753;H1158;H1563;H1968;H2373;H2778;H3183;H3588;H3993,within-patient mean across 10 OARs
PRO_126,GTVp,Target,ASD,1.4786,mm,1,Prospective patient metrics,8854,H8854,direct ROI value
PRO_126,CTV1,Target,ASD,1.4673,mm,1,Prospective patient metrics,9259,H9259,direct ROI value
PRO_126,CTV2,Target,ASD,1.8872,mm,1,Prospective patient metrics,9664,H9664,direct ROI value
PRO_126,GTVn,Target,ASD,5.2493,mm,1,Prospective patient metrics,10069,H10069,direct ROI value
PRO_126,Large OARs,Grouped OARs,ASD,0.7149272727272727,mm,11,Prospective patient metrics,4399;4804;5209;5614;6019;6424;6829;7234;7639;8044;8449,H4399;H4804;H5209;H5614;H6019;H6424;H6829;H7234;H7639;H8044;H8449,within-patient mean across 11 OARs
PRO_126,Small OARs,Grouped OARs,ASD,0.39119999999999994,mm,10,Prospective patient metrics,349;754;1159;1564;1969;2374;2779;3184;3589;3994,H349;H754;H1159;H1564;H1969;H2374;H2779;H3184;H3589;H3994,within-patient mean across 10 OARs
PRO_127,GTVp,Target,DSC,0.9593,unitless,1,Prospective patient metrics,8867,H8867,direct ROI value
PRO_127,CTV1,Target,DSC,0.9151,unitless,1,Prospective patient metrics,9272,H9272,direct ROI value
PRO_127,CTV2,Target,DSC,0.9128,unitless,1,Prospective patient metrics,9677,H9677,direct ROI value
PRO_127,GTVn,Target,DSC,0.7428,unitless,1,Prospective patient metrics,10082,H10082,direct ROI value
PRO_127,Large OARs,Grouped OARs,DSC,0.9103454545454546,unitless,11,Prospective patient metrics,4412;4817;5222;5627;6032;6437;6842;7247;7652;8057;8462,H4412;H4817;H5222;H5627;H6032;H6437;H6842;H7247;H7652;H8057;H8462,within-patient mean across 11 OARs
PRO_127,Small OARs,Grouped OARs,DSC,0.88907,unitless,10,Prospective patient metrics,362;767;1172;1577;1982;2387;2792;3197;3602;4007,H362;H767;H1172;H1577;H1982;H2387;H2792;H3197;H3602;H4007,within-patient mean across 10 OARs
PRO_127,GTVp,Target,HD95,2.1062,mm,1,Prospective patient metrics,8868,H8868,direct ROI value
PRO_127,CTV1,Target,HD95,2.8725,mm,1,Prospective patient metrics,9273,H9273,direct ROI value
PRO_127,CTV2,Target,HD95,1.3005,mm,1,Prospective patient metrics,9678,H9678,direct ROI value
PRO_127,GTVn,Target,HD95,5.2244,mm,1,Prospective patient metrics,10083,H10083,direct ROI value
PRO_127,Large OARs,Grouped OARs,HD95,1.2257727272727272,mm,11,Prospective patient metrics,4413;4818;5223;5628;6033;6438;6843;7248;7653;8058;8463,H4413;H4818;H5223;H5628;H6033;H6438;H6843;H7248;H7653;H8058;H8463,within-patient mean across 11 OARs
PRO_127,Small OARs,Grouped OARs,HD95,0.9169500000000002,mm,10,Prospective patient metrics,363;768;1173;1578;1983;2388;2793;3198;3603;4008,H363;H768;H1173;H1578;H1983;H2388;H2793;H3198;H3603;H4008,within-patient mean across 10 OARs
PRO_127,GTVp,Target,ASD,0.9852,mm,1,Prospective patient metrics,8869,H8869,direct ROI value
PRO_127,CTV1,Target,ASD,1.2215,mm,1,Prospective patient metrics,9274,H9274,direct ROI value
PRO_127,CTV2,Target,ASD,1.2891,mm,1,Prospective patient metrics,9679,H9679,direct ROI value
PRO_127,GTVn,Target,ASD,4.9113,mm,1,Prospective patient metrics,10084,H10084,direct ROI value
PRO_127,Large OARs,Grouped OARs,ASD,0.7978454545454544,mm,11,Prospective patient metrics,4414;4819;5224;5629;6034;6439;6844;7249;7654;8059;8464,H4414;H4819;H5224;H5629;H6034;H6439;H6844;H7249;H7654;H8059;H8464,within-patient mean across 11 OARs
PRO_127,Small OARs,Grouped OARs,ASD,0.5445,mm,10,Prospective patient metrics,364;769;1174;1579;1984;2389;2794;3199;3604;4009,H364;H769;H1174;H1579;H1984;H2389;H2794;H3199;H3604;H4009,within-patient mean across 10 OARs
PRO_128,GTVp,Target,DSC,0.9698,unitless,1,Prospective patient metrics,8876,H8876,direct ROI value
PRO_128,CTV1,Target,DSC,0.8962,unitless,1,Prospective patient metrics,9281,H9281,direct ROI value
PRO_128,CTV2,Target,DSC,0.9256,unitless,1,Prospective patient metrics,9686,H9686,direct ROI value
PRO_128,GTVn,Target,DSC,0.7663,unitless,1,Prospective patient metrics,10091,H10091,direct ROI value
PRO_128,Large OARs,Grouped OARs,DSC,0.8991272727272727,unitless,11,Prospective patient metrics,4421;4826;5231;5636;6041;6446;6851;7256;7661;8066;8471,H4421;H4826;H5231;H5636;H6041;H6446;H6851;H7256;H7661;H8066;H8471,within-patient mean across 11 OARs
PRO_128,Small OARs,Grouped OARs,DSC,0.9085000000000001,unitless,10,Prospective patient metrics,371;776;1181;1586;1991;2396;2801;3206;3611;4016,H371;H776;H1181;H1586;H1991;H2396;H2801;H3206;H3611;H4016,within-patient mean across 10 OARs
PRO_128,GTVp,Target,HD95,1.694,mm,1,Prospective patient metrics,8877,H8877,direct ROI value
PRO_128,CTV1,Target,HD95,2.5263,mm,1,Prospective patient metrics,9282,H9282,direct ROI value
PRO_128,CTV2,Target,HD95,0.9021,mm,1,Prospective patient metrics,9687,H9687,direct ROI value
PRO_128,GTVn,Target,HD95,4.0616,mm,1,Prospective patient metrics,10092,H10092,direct ROI value
PRO_128,Large OARs,Grouped OARs,HD95,1.081909090909091,mm,11,Prospective patient metrics,4422;4827;5232;5637;6042;6447;6852;7257;7662;8067;8472,H4422;H4827;H5232;H5637;H6042;H6447;H6852;H7257;H7662;H8067;H8472,within-patient mean across 11 OARs
PRO_128,Small OARs,Grouped OARs,HD95,0.6884699999999999,mm,10,Prospective patient metrics,372;777;1182;1587;1992;2397;2802;3207;3612;4017,H372;H777;H1182;H1587;H1992;H2397;H2802;H3207;H3612;H4017,within-patient mean across 10 OARs
PRO_128,GTVp,Target,ASD,0.5747,mm,1,Prospective patient metrics,8878,H8878,direct ROI value
PRO_128,CTV1,Target,ASD,1.0604,mm,1,Prospective patient metrics,9283,H9283,direct ROI value
PRO_128,CTV2,Target,ASD,0.8301,mm,1,Prospective patient metrics,9688,H9688,direct ROI value
PRO_128,GTVn,Target,ASD,2.9612,mm,1,Prospective patient metrics,10093,H10093,direct ROI value
PRO_128,Large OARs,Grouped OARs,ASD,0.7445545454545454,mm,11,Prospective patient metrics,4423;4828;5233;5638;6043;6448;6853;7258;7663;8068;8473,H4423;H4828;H5233;H5638;H6043;H6448;H6853;H7258;H7663;H8068;H8473,within-patient mean across 11 OARs
PRO_128,Small OARs,Grouped OARs,ASD,0.49357999999999996,mm,10,Prospective patient metrics,373;778;1183;1588;1993;2398;2803;3208;3613;4018,H373;H778;H1183;H1588;H1993;H2398;H2803;H3208;H3613;H4018,within-patient mean across 10 OARs
PRO_129,GTVp,Target,DSC,0.9701,unitless,1,Prospective patient metrics,8864,H8864,direct ROI value
PRO_129,CTV1,Target,DSC,0.9176,unitless,1,Prospective patient metrics,9269,H9269,direct ROI value
PRO_129,CTV2,Target,DSC,0.888,unitless,1,Prospective patient metrics,9674,H9674,direct ROI value
PRO_129,GTVn,Target,DSC,0.7745,unitless,1,Prospective patient metrics,10079,H10079,direct ROI value
PRO_129,Large OARs,Grouped OARs,DSC,0.8936,unitless,11,Prospective patient metrics,4409;4814;5219;5624;6029;6434;6839;7244;7649;8054;8459,H4409;H4814;H5219;H5624;H6029;H6434;H6839;H7244;H7649;H8054;H8459,within-patient mean across 11 OARs
PRO_129,Small OARs,Grouped OARs,DSC,0.91753,unitless,10,Prospective patient metrics,359;764;1169;1574;1979;2384;2789;3194;3599;4004,H359;H764;H1169;H1574;H1979;H2384;H2789;H3194;H3599;H4004,within-patient mean across 10 OARs
PRO_129,GTVp,Target,HD95,1.2339,mm,1,Prospective patient metrics,8865,H8865,direct ROI value
PRO_129,CTV1,Target,HD95,3.8409,mm,1,Prospective patient metrics,9270,H9270,direct ROI value
PRO_129,CTV2,Target,HD95,1.9939,mm,1,Prospective patient metrics,9675,H9675,direct ROI value
PRO_129,GTVn,Target,HD95,4.7027,mm,1,Prospective patient metrics,10080,H10080,direct ROI value
PRO_129,Large OARs,Grouped OARs,HD95,1.0745272727272728,mm,11,Prospective patient metrics,4410;4815;5220;5625;6030;6435;6840;7245;7650;8055;8460,H4410;H4815;H5220;H5625;H6030;H6435;H6840;H7245;H7650;H8055;H8460,within-patient mean across 11 OARs
PRO_129,Small OARs,Grouped OARs,HD95,0.70398,mm,10,Prospective patient metrics,360;765;1170;1575;1980;2385;2790;3195;3600;4005,H360;H765;H1170;H1575;H1980;H2385;H2790;H3195;H3600;H4005,within-patient mean across 10 OARs
PRO_129,GTVp,Target,ASD,0.9314,mm,1,Prospective patient metrics,8866,H8866,direct ROI value
PRO_129,CTV1,Target,ASD,0.9859,mm,1,Prospective patient metrics,9271,H9271,direct ROI value
PRO_129,CTV2,Target,ASD,1.9011,mm,1,Prospective patient metrics,9676,H9676,direct ROI value
PRO_129,GTVn,Target,ASD,4.57,mm,1,Prospective patient metrics,10081,H10081,direct ROI value
PRO_129,Large OARs,Grouped OARs,ASD,0.805590909090909,mm,11,Prospective patient metrics,4411;4816;5221;5626;6031;6436;6841;7246;7651;8056;8461,H4411;H4816;H5221;H5626;H6031;H6436;H6841;H7246;H7651;H8056;H8461,within-patient mean across 11 OARs
PRO_129,Small OARs,Grouped OARs,ASD,0.44055999999999995,mm,10,Prospective patient metrics,361;766;1171;1576;1981;2386;2791;3196;3601;4006,H361;H766;H1171;H1576;H1981;H2386;H2791;H3196;H3601;H4006,within-patient mean across 10 OARs
PRO_130,GTVp,Target,DSC,0.956,unitless,1,Prospective patient metrics,8879,H8879,direct ROI value
PRO_130,CTV1,Target,DSC,0.9012,unitless,1,Prospective patient metrics,9284,H9284,direct ROI value
PRO_130,CTV2,Target,DSC,0.8979,unitless,1,Prospective patient metrics,9689,H9689,direct ROI value
PRO_130,GTVn,Target,DSC,0.8092,unitless,1,Prospective patient metrics,10094,H10094,direct ROI value
PRO_130,Large OARs,Grouped OARs,DSC,0.9031090909090908,unitless,11,Prospective patient metrics,4424;4829;5234;5639;6044;6449;6854;7259;7664;8069;8474,H4424;H4829;H5234;H5639;H6044;H6449;H6854;H7259;H7664;H8069;H8474,within-patient mean across 11 OARs
PRO_130,Small OARs,Grouped OARs,DSC,0.9033499999999999,unitless,10,Prospective patient metrics,374;779;1184;1589;1994;2399;2804;3209;3614;4019,H374;H779;H1184;H1589;H1994;H2399;H2804;H3209;H3614;H4019,within-patient mean across 10 OARs
PRO_130,GTVp,Target,HD95,1.9032,mm,1,Prospective patient metrics,8880,H8880,direct ROI value
PRO_130,CTV1,Target,HD95,2.8393,mm,1,Prospective patient metrics,9285,H9285,direct ROI value
PRO_130,CTV2,Target,HD95,1.6733,mm,1,Prospective patient metrics,9690,H9690,direct ROI value
PRO_130,GTVn,Target,HD95,3.4401,mm,1,Prospective patient metrics,10095,H10095,direct ROI value
PRO_130,Large OARs,Grouped OARs,HD95,1.0037,mm,11,Prospective patient metrics,4425;4830;5235;5640;6045;6450;6855;7260;7665;8070;8475,H4425;H4830;H5235;H5640;H6045;H6450;H6855;H7260;H7665;H8070;H8475,within-patient mean across 11 OARs
PRO_130,Small OARs,Grouped OARs,HD95,0.68737,mm,10,Prospective patient metrics,375;780;1185;1590;1995;2400;2805;3210;3615;4020,H375;H780;H1185;H1590;H1995;H2400;H2805;H3210;H3615;H4020,within-patient mean across 10 OARs
PRO_130,GTVp,Target,ASD,1.3621,mm,1,Prospective patient metrics,8881,H8881,direct ROI value
PRO_130,CTV1,Target,ASD,0.9369,mm,1,Prospective patient metrics,9286,H9286,direct ROI value
PRO_130,CTV2,Target,ASD,1.6698,mm,1,Prospective patient metrics,9691,H9691,direct ROI value
PRO_130,GTVn,Target,ASD,2.1402,mm,1,Prospective patient metrics,10096,H10096,direct ROI value
PRO_130,Large OARs,Grouped OARs,ASD,0.8363181818181818,mm,11,Prospective patient metrics,4426;4831;5236;5641;6046;6451;6856;7261;7666;8071;8476,H4426;H4831;H5236;H5641;H6046;H6451;H6856;H7261;H7666;H8071;H8476,within-patient mean across 11 OARs
PRO_130,Small OARs,Grouped OARs,ASD,0.49234,mm,10,Prospective patient metrics,376;781;1186;1591;1996;2401;2806;3211;3616;4021,H376;H781;H1186;H1591;H1996;H2401;H2806;H3211;H3616;H4021,within-patient mean across 10 OARs
PRO_131,GTVp,Target,DSC,0.9251,unitless,1,Prospective patient metrics,8882,H8882,direct ROI value
PRO_131,CTV1,Target,DSC,0.8961,unitless,1,Prospective patient metrics,9287,H9287,direct ROI value
PRO_131,CTV2,Target,DSC,0.8821,unitless,1,Prospective patient metrics,9692,H9692,direct ROI value
PRO_131,GTVn,Target,DSC,0.7376,unitless,1,Prospective patient metrics,10097,H10097,direct ROI value
PRO_131,Large OARs,Grouped OARs,DSC,0.8953272727272726,unitless,11,Prospective patient metrics,4427;4832;5237;5642;6047;6452;6857;7262;7667;8072;8477,H4427;H4832;H5237;H5642;H6047;H6452;H6857;H7262;H7667;H8072;H8477,within-patient mean across 11 OARs
PRO_131,Small OARs,Grouped OARs,DSC,0.9102799999999999,unitless,10,Prospective patient metrics,377;782;1187;1592;1997;2402;2807;3212;3617;4022,H377;H782;H1187;H1592;H1997;H2402;H2807;H3212;H3617;H4022,within-patient mean across 10 OARs
PRO_131,GTVp,Target,HD95,3.5547,mm,1,Prospective patient metrics,8883,H8883,direct ROI value
PRO_131,CTV1,Target,HD95,5.613,mm,1,Prospective patient metrics,9288,H9288,direct ROI value
PRO_131,CTV2,Target,HD95,2.5877,mm,1,Prospective patient metrics,9693,H9693,direct ROI value
PRO_131,GTVn,Target,HD95,3.2001,mm,1,Prospective patient metrics,10098,H10098,direct ROI value
PRO_131,Large OARs,Grouped OARs,HD95,1.3185090909090909,mm,11,Prospective patient metrics,4428;4833;5238;5643;6048;6453;6858;7263;7668;8073;8478,H4428;H4833;H5238;H5643;H6048;H6453;H6858;H7263;H7668;H8073;H8478,within-patient mean across 11 OARs
PRO_131,Small OARs,Grouped OARs,HD95,0.7263300000000001,mm,10,Prospective patient metrics,378;783;1188;1593;1998;2403;2808;3213;3618;4023,H378;H783;H1188;H1593;H1998;H2403;H2808;H3213;H3618;H4023,within-patient mean across 10 OARs
PRO_131,GTVp,Target,ASD,1.4994,mm,1,Prospective patient metrics,8884,H8884,direct ROI value
PRO_131,CTV1,Target,ASD,1.1222,mm,1,Prospective patient metrics,9289,H9289,direct ROI value
PRO_131,CTV2,Target,ASD,2.5309,mm,1,Prospective patient metrics,9694,H9694,direct ROI value
PRO_131,GTVn,Target,ASD,2.6005,mm,1,Prospective patient metrics,10099,H10099,direct ROI value
PRO_131,Large OARs,Grouped OARs,ASD,0.8609272727272728,mm,11,Prospective patient metrics,4429;4834;5239;5644;6049;6454;6859;7264;7669;8074;8479,H4429;H4834;H5239;H5644;H6049;H6454;H6859;H7264;H7669;H8074;H8479,within-patient mean across 11 OARs
PRO_131,Small OARs,Grouped OARs,ASD,0.49402,mm,10,Prospective patient metrics,379;784;1189;1594;1999;2404;2809;3214;3619;4024,H379;H784;H1189;H1594;H1999;H2404;H2809;H3214;H3619;H4024,within-patient mean across 10 OARs
PRO_132,GTVp,Target,DSC,0.9273,unitless,1,Prospective patient metrics,8903,H8903,direct ROI value
PRO_132,CTV1,Target,DSC,0.8894,unitless,1,Prospective patient metrics,9308,H9308,direct ROI value
PRO_132,CTV2,Target,DSC,0.8997,unitless,1,Prospective patient metrics,9713,H9713,direct ROI value
PRO_132,GTVn,Target,DSC,0.7615,unitless,1,Prospective patient metrics,10118,H10118,direct ROI value
PRO_132,Large OARs,Grouped OARs,DSC,0.8985818181818181,unitless,11,Prospective patient metrics,4448;4853;5258;5663;6068;6473;6878;7283;7688;8093;8498,H4448;H4853;H5258;H5663;H6068;H6473;H6878;H7283;H7688;H8093;H8498,within-patient mean across 11 OARs
PRO_132,Small OARs,Grouped OARs,DSC,0.9087799999999999,unitless,10,Prospective patient metrics,398;803;1208;1613;2018;2423;2828;3233;3638;4043,H398;H803;H1208;H1613;H2018;H2423;H2828;H3233;H3638;H4043,within-patient mean across 10 OARs
PRO_132,GTVp,Target,HD95,1.2222,mm,1,Prospective patient metrics,8904,H8904,direct ROI value
PRO_132,CTV1,Target,HD95,4.145,mm,1,Prospective patient metrics,9309,H9309,direct ROI value
PRO_132,CTV2,Target,HD95,1.9697,mm,1,Prospective patient metrics,9714,H9714,direct ROI value
PRO_132,GTVn,Target,HD95,3.6027,mm,1,Prospective patient metrics,10119,H10119,direct ROI value
PRO_132,Large OARs,Grouped OARs,HD95,1.3711545454545453,mm,11,Prospective patient metrics,4449;4854;5259;5664;6069;6474;6879;7284;7689;8094;8499,H4449;H4854;H5259;H5664;H6069;H6474;H6879;H7284;H7689;H8094;H8499,within-patient mean across 11 OARs
PRO_132,Small OARs,Grouped OARs,HD95,0.7779999999999999,mm,10,Prospective patient metrics,399;804;1209;1614;2019;2424;2829;3234;3639;4044,H399;H804;H1209;H1614;H2019;H2424;H2829;H3234;H3639;H4044,within-patient mean across 10 OARs
PRO_132,GTVp,Target,ASD,0.925,mm,1,Prospective patient metrics,8905,H8905,direct ROI value
PRO_132,CTV1,Target,ASD,0.8012,mm,1,Prospective patient metrics,9310,H9310,direct ROI value
PRO_132,CTV2,Target,ASD,1.7989,mm,1,Prospective patient metrics,9715,H9715,direct ROI value
PRO_132,GTVn,Target,ASD,3.2417,mm,1,Prospective patient metrics,10120,H10120,direct ROI value
PRO_132,Large OARs,Grouped OARs,ASD,0.8026363636363637,mm,11,Prospective patient metrics,4450;4855;5260;5665;6070;6475;6880;7285;7690;8095;8500,H4450;H4855;H5260;H5665;H6070;H6475;H6880;H7285;H7690;H8095;H8500,within-patient mean across 11 OARs
PRO_132,Small OARs,Grouped OARs,ASD,0.53955,mm,10,Prospective patient metrics,400;805;1210;1615;2020;2425;2830;3235;3640;4045,H400;H805;H1210;H1615;H2020;H2425;H2830;H3235;H3640;H4045,within-patient mean across 10 OARs
PRO_133,GTVp,Target,DSC,0.9485,unitless,1,Prospective patient metrics,8894,H8894,direct ROI value
PRO_133,CTV1,Target,DSC,0.8707,unitless,1,Prospective patient metrics,9299,H9299,direct ROI value
PRO_133,CTV2,Target,DSC,0.8974,unitless,1,Prospective patient metrics,9704,H9704,direct ROI value
PRO_133,GTVn,Target,DSC,0.7665,unitless,1,Prospective patient metrics,10109,H10109,direct ROI value
PRO_133,Large OARs,Grouped OARs,DSC,0.9009,unitless,11,Prospective patient metrics,4439;4844;5249;5654;6059;6464;6869;7274;7679;8084;8489,H4439;H4844;H5249;H5654;H6059;H6464;H6869;H7274;H7679;H8084;H8489,within-patient mean across 11 OARs
PRO_133,Small OARs,Grouped OARs,DSC,0.9144399999999999,unitless,10,Prospective patient metrics,389;794;1199;1604;2009;2414;2819;3224;3629;4034,H389;H794;H1199;H1604;H2009;H2414;H2819;H3224;H3629;H4034,within-patient mean across 10 OARs
PRO_133,GTVp,Target,HD95,1.8192,mm,1,Prospective patient metrics,8895,H8895,direct ROI value
PRO_133,CTV1,Target,HD95,5.599,mm,1,Prospective patient metrics,9300,H9300,direct ROI value
PRO_133,CTV2,Target,HD95,1.3949,mm,1,Prospective patient metrics,9705,H9705,direct ROI value
PRO_133,GTVn,Target,HD95,4.8933,mm,1,Prospective patient metrics,10110,H10110,direct ROI value
PRO_133,Large OARs,Grouped OARs,HD95,1.1269,mm,11,Prospective patient metrics,4440;4845;5250;5655;6060;6465;6870;7275;7680;8085;8490,H4440;H4845;H5250;H5655;H6060;H6465;H6870;H7275;H7680;H8085;H8490,within-patient mean across 11 OARs
PRO_133,Small OARs,Grouped OARs,HD95,0.6916,mm,10,Prospective patient metrics,390;795;1200;1605;2010;2415;2820;3225;3630;4035,H390;H795;H1200;H1605;H2010;H2415;H2820;H3225;H3630;H4035,within-patient mean across 10 OARs
PRO_133,GTVp,Target,ASD,0.7066,mm,1,Prospective patient metrics,8896,H8896,direct ROI value
PRO_133,CTV1,Target,ASD,1.7836,mm,1,Prospective patient metrics,9301,H9301,direct ROI value
PRO_133,CTV2,Target,ASD,1.3796,mm,1,Prospective patient metrics,9706,H9706,direct ROI value
PRO_133,GTVn,Target,ASD,2.9716,mm,1,Prospective patient metrics,10111,H10111,direct ROI value
PRO_133,Large OARs,Grouped OARs,ASD,0.8009272727272727,mm,11,Prospective patient metrics,4441;4846;5251;5656;6061;6466;6871;7276;7681;8086;8491,H4441;H4846;H5251;H5656;H6061;H6466;H6871;H7276;H7681;H8086;H8491,within-patient mean across 11 OARs
PRO_133,Small OARs,Grouped OARs,ASD,0.45904000000000006,mm,10,Prospective patient metrics,391;796;1201;1606;2011;2416;2821;3226;3631;4036,H391;H796;H1201;H1606;H2011;H2416;H2821;H3226;H3631;H4036,within-patient mean across 10 OARs
PRO_134,GTVp,Target,DSC,0.9703,unitless,1,Prospective patient metrics,8909,H8909,direct ROI value
PRO_134,CTV1,Target,DSC,0.9012,unitless,1,Prospective patient metrics,9314,H9314,direct ROI value
PRO_134,CTV2,Target,DSC,0.8721,unitless,1,Prospective patient metrics,9719,H9719,direct ROI value
PRO_134,GTVn,Target,DSC,0.8122,unitless,1,Prospective patient metrics,10124,H10124,direct ROI value
PRO_134,Large OARs,Grouped OARs,DSC,0.9184818181818181,unitless,11,Prospective patient metrics,4454;4859;5264;5669;6074;6479;6884;7289;7694;8099;8504,H4454;H4859;H5264;H5669;H6074;H6479;H6884;H7289;H7694;H8099;H8504,within-patient mean across 11 OARs
PRO_134,Small OARs,Grouped OARs,DSC,0.9141200000000002,unitless,10,Prospective patient metrics,404;809;1214;1619;2024;2429;2834;3239;3644;4049,H404;H809;H1214;H1619;H2024;H2429;H2834;H3239;H3644;H4049,within-patient mean across 10 OARs
PRO_134,GTVp,Target,HD95,1.3215,mm,1,Prospective patient metrics,8910,H8910,direct ROI value
PRO_134,CTV1,Target,HD95,4.6061,mm,1,Prospective patient metrics,9315,H9315,direct ROI value
PRO_134,CTV2,Target,HD95,2.8666,mm,1,Prospective patient metrics,9720,H9720,direct ROI value
PRO_134,GTVn,Target,HD95,4.0439,mm,1,Prospective patient metrics,10125,H10125,direct ROI value
PRO_134,Large OARs,Grouped OARs,HD95,0.9360636363636364,mm,11,Prospective patient metrics,4455;4860;5265;5670;6075;6480;6885;7290;7695;8100;8505,H4455;H4860;H5265;H5670;H6075;H6480;H6885;H7290;H7695;H8100;H8505,within-patient mean across 11 OARs
PRO_134,Small OARs,Grouped OARs,HD95,0.6447200000000001,mm,10,Prospective patient metrics,405;810;1215;1620;2025;2430;2835;3240;3645;4050,H405;H810;H1215;H1620;H2025;H2430;H2835;H3240;H3645;H4050,within-patient mean across 10 OARs
PRO_134,GTVp,Target,ASD,1.0741,mm,1,Prospective patient metrics,8911,H8911,direct ROI value
PRO_134,CTV1,Target,ASD,1.4188,mm,1,Prospective patient metrics,9316,H9316,direct ROI value
PRO_134,CTV2,Target,ASD,2.8632,mm,1,Prospective patient metrics,9721,H9721,direct ROI value
PRO_134,GTVn,Target,ASD,2.6122,mm,1,Prospective patient metrics,10126,H10126,direct ROI value
PRO_134,Large OARs,Grouped OARs,ASD,0.7317,mm,11,Prospective patient metrics,4456;4861;5266;5671;6076;6481;6886;7291;7696;8101;8506,H4456;H4861;H5266;H5671;H6076;H6481;H6886;H7291;H7696;H8101;H8506,within-patient mean across 11 OARs
PRO_134,Small OARs,Grouped OARs,ASD,0.41023999999999994,mm,10,Prospective patient metrics,406;811;1216;1621;2026;2431;2836;3241;3646;4051,H406;H811;H1216;H1621;H2026;H2431;H2836;H3241;H3646;H4051,within-patient mean across 10 OARs
PRO_135,GTVp,Target,DSC,0.9014,unitless,1,Prospective patient metrics,8906,H8906,direct ROI value
PRO_135,CTV1,Target,DSC,0.8973,unitless,1,Prospective patient metrics,9311,H9311,direct ROI value
PRO_135,CTV2,Target,DSC,0.8844,unitless,1,Prospective patient metrics,9716,H9716,direct ROI value
PRO_135,GTVn,Target,DSC,0.8536,unitless,1,Prospective patient metrics,10121,H10121,direct ROI value
PRO_135,Large OARs,Grouped OARs,DSC,0.899690909090909,unitless,11,Prospective patient metrics,4451;4856;5261;5666;6071;6476;6881;7286;7691;8096;8501,H4451;H4856;H5261;H5666;H6071;H6476;H6881;H7286;H7691;H8096;H8501,within-patient mean across 11 OARs
PRO_135,Small OARs,Grouped OARs,DSC,0.91647,unitless,10,Prospective patient metrics,401;806;1211;1616;2021;2426;2831;3236;3641;4046,H401;H806;H1211;H1616;H2021;H2426;H2831;H3236;H3641;H4046,within-patient mean across 10 OARs
PRO_135,GTVp,Target,HD95,3.4436,mm,1,Prospective patient metrics,8907,H8907,direct ROI value
PRO_135,CTV1,Target,HD95,4.1156,mm,1,Prospective patient metrics,9312,H9312,direct ROI value
PRO_135,CTV2,Target,HD95,1.8708,mm,1,Prospective patient metrics,9717,H9717,direct ROI value
PRO_135,GTVn,Target,HD95,2.8901,mm,1,Prospective patient metrics,10122,H10122,direct ROI value
PRO_135,Large OARs,Grouped OARs,HD95,1.1791090909090907,mm,11,Prospective patient metrics,4452;4857;5262;5667;6072;6477;6882;7287;7692;8097;8502,H4452;H4857;H5262;H5667;H6072;H6477;H6882;H7287;H7692;H8097;H8502,within-patient mean across 11 OARs
PRO_135,Small OARs,Grouped OARs,HD95,0.66111,mm,10,Prospective patient metrics,402;807;1212;1617;2022;2427;2832;3237;3642;4047,H402;H807;H1212;H1617;H2022;H2427;H2832;H3237;H3642;H4047,within-patient mean across 10 OARs
PRO_135,GTVp,Target,ASD,1.6414,mm,1,Prospective patient metrics,8908,H8908,direct ROI value
PRO_135,CTV1,Target,ASD,1.0611,mm,1,Prospective patient metrics,9313,H9313,direct ROI value
PRO_135,CTV2,Target,ASD,1.8631,mm,1,Prospective patient metrics,9718,H9718,direct ROI value
PRO_135,GTVn,Target,ASD,2.5015,mm,1,Prospective patient metrics,10123,H10123,direct ROI value
PRO_135,Large OARs,Grouped OARs,ASD,0.9104454545454547,mm,11,Prospective patient metrics,4453;4858;5263;5668;6073;6478;6883;7288;7693;8098;8503,H4453;H4858;H5263;H5668;H6073;H6478;H6883;H7288;H7693;H8098;H8503,within-patient mean across 11 OARs
PRO_135,Small OARs,Grouped OARs,ASD,0.5007,mm,10,Prospective patient metrics,403;808;1213;1618;2023;2428;2833;3238;3643;4048,H403;H808;H1213;H1618;H2023;H2428;H2833;H3238;H3643;H4048,within-patient mean across 10 OARs
